region,month,SRR_file
SA,2020-03,SRR11524818
SA,2020-03,SRR11524819
SA,2020-03,SRR11907581
SA,2020-03,SRR11907582
SA,2020-03,SRR11907583
SA,2020-03,SRR11907584
SA,2020-03,SRR11907585
SA,2020-03,SRR11907586
SA,2020-03,SRR11907587
SA,2020-03,SRR11907588
SA,2020-03,SRR11907589
SA,2020-03,SRR11907590
SA,2020-03,SRR11907591
SA,2020-03,SRR11907592
SA,2020-03,SRR11907597
SA,2020-03,SRR11907598
SA,2020-03,SRR11907599
SA,2020-03,SRR11907600
SA,2020-03,SRR11907601
SA,2020-03,SRR11907602
SA,2020-03,SRR11907603
SA,2020-03,SRR11907613
SA,2020-03,SRR11907614
SA,2020-03,SRR11907621
SA,2020-03,SRR11907626
SA,2020-03,SRR11907629
SA,2020-03,SRR14411456
SA,2020-03,SRR14411460
SA,2020-03,SRR14411461
SA,2020-04,SRR11907531
SA,2020-04,SRR11907541
SA,2020-04,SRR11907542
SA,2020-04,SRR11907544
SA,2020-04,SRR11907545
SA,2020-04,SRR11907548
SA,2020-04,SRR11907549
SA,2020-04,SRR11907550
SA,2020-04,SRR11907552
SA,2020-04,SRR11907553
SA,2020-04,SRR11907556
SA,2020-04,SRR11907557
SA,2020-04,SRR11907558
SA,2020-04,SRR11907559
SA,2020-04,SRR11907560
SA,2020-04,SRR11907561
SA,2020-04,SRR11907562
SA,2020-04,SRR11907563
SA,2020-04,SRR11907564
SA,2020-04,SRR11907565
SA,2020-04,SRR11907566
SA,2020-04,SRR11907567
SA,2020-04,SRR11907568
SA,2020-04,SRR11907569
SA,2020-04,SRR11907570
SA,2020-04,SRR11907571
SA,2020-04,SRR11907572
SA,2020-04,SRR11907573
SA,2020-04,SRR11907574
SA,2020-04,SRR11907575
SA,2020-04,SRR11907576
SA,2020-04,SRR11907593
SA,2020-04,SRR11907594
SA,2020-04,SRR11907595
SA,2020-04,SRR11907604
SA,2020-04,SRR11907605
SA,2020-04,SRR11907606
SA,2020-04,SRR11907608
SA,2020-04,SRR11907609
SA,2020-04,SRR11907610
SA,2020-04,SRR11907611
SA,2020-04,SRR11907612
SA,2020-04,SRR11907615
SA,2020-04,SRR11907618
SA,2020-04,SRR11907619
SA,2020-04,SRR11907620
SA,2020-04,SRR11907622
SA,2020-04,SRR11907623
SA,2020-04,SRR11907627
SA,2020-04,SRR11907628
SA,2020-04,SRR11907630
SA,2020-04,SRR11907635
SA,2020-04,SRR11907636
SA,2020-04,SRR11907637
SA,2020-04,SRR11907638
SA,2020-04,SRR12109421
SA,2020-04,SRR12109422
SA,2020-04,SRR12109423
SA,2020-04,SRR12109429
SA,2020-04,SRR12109433
SA,2020-04,SRR12109440
SA,2020-04,SRR12109451
SA,2020-04,SRR12109462
SA,2020-04,SRR12109473
SA,2020-04,SRR12109481
SA,2020-04,SRR12109482
SA,2020-04,SRR12109483
SA,2020-04,SRR12109484
SA,2020-04,SRR12109485
SA,2020-05,SRR11907631
SA,2020-05,SRR11907632
SA,2020-05,SRR11907633
SA,2020-05,SRR11907634
SA,2020-05,SRR12109428
SA,2020-05,SRR12109430
SA,2020-05,SRR12109431
SA,2020-05,SRR12109434
SA,2020-05,SRR12109442
SA,2020-05,SRR12109443
SA,2020-05,SRR12109450
SA,2020-05,SRR12109452
SA,2020-05,SRR12109453
SA,2020-05,SRR12109454
SA,2020-05,SRR12109455
SA,2020-05,SRR12109456
SA,2020-05,SRR12109457
SA,2020-05,SRR12109458
SA,2020-05,SRR12109459
SA,2020-05,SRR12109460
SA,2020-05,SRR12109461
SA,2020-05,SRR12109463
SA,2020-05,SRR12109464
SA,2020-05,SRR12109465
SA,2020-05,SRR12109466
SA,2020-05,SRR12109467
SA,2020-05,SRR12109468
SA,2020-05,SRR12109469
SA,2020-05,SRR12109470
SA,2020-05,SRR12109471
SA,2020-05,SRR12109472
SA,2020-05,SRR12109474
SA,2020-05,SRR12109475
SA,2020-05,SRR12109476
SA,2020-05,SRR12109477
SA,2020-05,SRR12109478
SA,2020-05,SRR12109479
SA,2020-05,SRR12109480
SA,2020-05,SRR22561795
SA,2020-06,SRR12109424
SA,2020-06,SRR12109425
SA,2020-06,SRR12109426
SA,2020-06,SRR12109427
SA,2020-06,SRR12109432
SA,2020-06,SRR12109435
SA,2020-06,SRR12109436
SA,2020-06,SRR12109437
SA,2020-06,SRR12109438
SA,2020-06,SRR12109439
SA,2020-06,SRR12109441
SA,2020-06,SRR12109444
SA,2020-06,SRR12109445
SA,2020-06,SRR12109446
SA,2020-06,SRR12109447
SA,2020-06,SRR12109448
SA,2020-06,SRR12109449
SA,2020-06,SRR12151732
SA,2020-06,SRR12151733
SA,2020-06,SRR12151734
SA,2020-06,SRR12151735
SA,2020-06,SRR12151736
SA,2020-06,SRR12151737
SA,2020-06,SRR12151738
SA,2020-06,SRR12151739
SA,2020-06,SRR12151740
SA,2020-06,SRR12151741
SA,2020-06,SRR12151742
SA,2020-06,SRR12151743
SA,2020-06,SRR12151744
SA,2020-06,SRR12151745
SA,2020-06,SRR12151746
SA,2020-06,SRR12151747
SA,2020-06,SRR12151748
SA,2020-06,SRR12151749
SA,2020-06,SRR12151750
SA,2020-06,SRR12151751
SA,2020-06,SRR12151752
SA,2020-06,SRR12151753
SA,2020-06,SRR12151754
SA,2020-06,SRR12151755
SA,2020-06,SRR12151756
SA,2020-06,SRR12151757
SA,2020-06,SRR12151758
SA,2020-06,SRR12151759
SA,2020-06,SRR12151760
SA,2020-06,SRR12151761
SA,2020-06,SRR12151762
SA,2020-06,SRR12151763
SA,2020-06,SRR12151764
SA,2020-06,SRR12151765
SA,2020-06,SRR12151766
SA,2020-06,SRR12151767
SA,2020-06,SRR12151768
SA,2020-06,SRR12151769
SA,2020-06,SRR12151770
SA,2020-06,SRR12151771
SA,2020-06,SRR12151772
SA,2020-06,SRR12151773
SA,2020-06,SRR12151774
SA,2020-06,SRR12151775
SA,2020-06,SRR12151776
SA,2020-06,SRR12151777
SA,2020-06,SRR12151778
SA,2020-06,SRR12151779
SA,2020-06,SRR12151780
SA,2020-06,SRR12151781
SA,2020-06,SRR12151782
SA,2020-06,SRR12151783
SA,2020-06,SRR12151784
SA,2020-06,SRR12151785
SA,2020-06,SRR12151786
SA,2020-06,SRR12151787
SA,2020-06,SRR12151788
SA,2020-06,SRR12151789
SA,2020-06,SRR12151790
SA,2020-06,SRR12151791
SA,2020-06,SRR12151792
SA,2020-06,SRR12151793
SA,2020-06,SRR12151794
SA,2020-06,SRR12151795
SA,2020-06,SRR12151796
SA,2020-06,SRR12151797
SA,2020-06,SRR12151798
SA,2020-06,SRR12151799
SA,2020-06,SRR12151800
SA,2020-06,SRR12151801
SA,2020-06,SRR12151802
SA,2020-06,SRR12151803
SA,2020-06,SRR12151804
SA,2020-06,SRR12151805
SA,2020-06,SRR12151806
SA,2020-06,SRR12151807
SA,2020-06,SRR12151808
SA,2020-06,SRR12151809
SA,2020-06,SRR12151810
SA,2020-06,SRR12151811
SA,2020-06,SRR12151812
SA,2020-06,SRR12151813
SA,2020-06,SRR12151814
SA,2020-06,SRR12151815
SA,2020-06,SRR12151816
SA,2020-06,SRR12151817
SA,2020-06,SRR12151818
SA,2020-06,SRR12151819
SA,2020-06,SRR12338197
SA,2020-06,SRR12338198
SA,2020-06,SRR12338216
SA,2020-06,SRR12338218
SA,2020-06,SRR12338219
SA,2020-06,SRR12338220
SA,2020-06,SRR12338224
SA,2020-06,SRR12338227
SA,2020-06,SRR12338231
SA,2020-06,SRR12338279
SA,2020-06,SRR12338280
SA,2020-06,SRR12338281
SA,2020-06,SRR12338282
SA,2020-06,SRR12338283
SA,2020-06,SRR12338284
SA,2020-06,SRR12338286
SA,2020-06,SRR12338287
SA,2020-06,SRR12338288
SA,2020-06,SRR12338289
SA,2020-06,SRR12338290
SA,2020-06,SRR12338291
SA,2020-06,SRR12338292
SA,2020-06,SRR12338293
SA,2020-06,SRR12338294
SA,2020-06,SRR12338295
SA,2020-06,SRR12338297
SA,2020-06,SRR12338298
SA,2020-06,SRR12338299
SA,2020-06,SRR12338300
SA,2020-06,SRR12338301
SA,2020-06,SRR12338302
SA,2020-06,SRR12338303
SA,2020-06,SRR12338304
SA,2020-06,SRR12338305
SA,2020-06,SRR12338306
SA,2020-06,SRR12338308
SA,2020-06,SRR12338309
SA,2020-06,SRR12338310
SA,2020-06,SRR12338311
SA,2020-06,SRR12338312
SA,2020-06,SRR12338313
SA,2020-06,SRR12338314
SA,2020-06,SRR12338315
SA,2020-06,SRR12338316
SA,2020-06,SRR12338317
SA,2020-06,SRR12338319
SA,2020-06,SRR12338320
SA,2020-06,SRR12338321
SA,2020-06,SRR15061374
SA,2020-06,SRR15061375
SA,2020-06,SRR15061376
SA,2020-06,SRR15061377
SA,2020-06,SRR15061378
SA,2020-06,SRR22561797
SA,2020-07,SRR12338193
SA,2020-07,SRR12338194
SA,2020-07,SRR12338196
SA,2020-07,SRR12338199
SA,2020-07,SRR12338200
SA,2020-07,SRR12338201
SA,2020-07,SRR12338202
SA,2020-07,SRR12338203
SA,2020-07,SRR12338204
SA,2020-07,SRR12338205
SA,2020-07,SRR12338207
SA,2020-07,SRR12338208
SA,2020-07,SRR12338209
SA,2020-07,SRR12338210
SA,2020-07,SRR12338211
SA,2020-07,SRR12338212
SA,2020-07,SRR12338213
SA,2020-07,SRR12338214
SA,2020-07,SRR12338215
SA,2020-07,SRR12338221
SA,2020-07,SRR12338222
SA,2020-07,SRR12338223
SA,2020-07,SRR12338225
SA,2020-07,SRR12338226
SA,2020-07,SRR12338229
SA,2020-07,SRR12338230
SA,2020-07,SRR12338232
SA,2020-07,SRR12338233
SA,2020-07,SRR12338234
SA,2020-07,SRR12338235
SA,2020-07,SRR12338236
SA,2020-07,SRR12338237
SA,2020-07,SRR12338238
SA,2020-07,SRR12338240
SA,2020-07,SRR12338241
SA,2020-07,SRR12338242
SA,2020-07,SRR12338243
SA,2020-07,SRR12338244
SA,2020-07,SRR12338245
SA,2020-07,SRR12338246
SA,2020-07,SRR12338247
SA,2020-07,SRR12338248
SA,2020-07,SRR12338249
SA,2020-07,SRR12338251
SA,2020-07,SRR12338252
SA,2020-07,SRR12338253
SA,2020-07,SRR12338254
SA,2020-07,SRR12338255
SA,2020-07,SRR12338256
SA,2020-07,SRR12338257
SA,2020-07,SRR12338258
SA,2020-07,SRR12338259
SA,2020-07,SRR12338260
SA,2020-07,SRR12338261
SA,2020-07,SRR12338359
SA,2020-07,SRR12338362
SA,2020-07,SRR12338363
SA,2020-07,SRR12338364
SA,2020-07,SRR12338365
SA,2020-07,SRR12338366
SA,2020-07,SRR12338367
SA,2020-07,SRR12338368
SA,2020-07,SRR12338370
SA,2020-07,SRR12338371
SA,2020-07,SRR12338374
SA,2020-07,SRR12338375
SA,2020-07,SRR12338377
SA,2020-07,SRR12338379
SA,2020-07,SRR12338380
SA,2020-07,SRR12338381
SA,2020-07,SRR12338382
SA,2020-07,SRR12338385
SA,2020-07,SRR12338387
SA,2020-07,SRR12338388
SA,2020-07,SRR12338389
SA,2020-07,SRR12338390
SA,2020-07,SRR12338391
SA,2020-07,SRR12338392
SA,2020-07,SRR12338393
SA,2020-07,SRR12338395
SA,2020-07,SRR12338397
SA,2020-07,SRR12338398
SA,2020-07,SRR12338399
SA,2020-07,SRR12338402
SA,2020-07,SRR12338407
SA,2020-07,SRR12338408
SA,2020-07,SRR12338409
SA,2020-07,SRR12338410
SA,2020-07,SRR15683053
SA,2020-07,SRR15683054
SA,2020-07,SRR15683056
SA,2020-07,SRR15683057
SA,2020-07,SRR15683058
SA,2020-07,SRR15683059
SA,2020-07,SRR15683060
SA,2020-07,SRR15683555
SA,2020-07,SRR15683557
SA,2020-07,SRR15683558
SA,2020-07,SRR15683559
SA,2020-07,SRR15683560
SA,2020-07,SRR18038056
SA,2020-07,SRR18038057
SA,2020-07,SRR20770912
SA,2020-08,SRR14411471
SA,2020-08,SRR14657875
SA,2020-08,SRR14657876
SA,2020-08,SRR14657877
SA,2020-08,SRR14657878
SA,2020-08,SRR14657879
SA,2020-08,SRR14657880
SA,2020-08,SRR14657881
SA,2020-08,SRR14657882
SA,2020-08,SRR14657884
SA,2020-08,SRR14657885
SA,2020-08,SRR15683055
SA,2020-08,SRR15683556
SA,2020-08,SRR20770909
SA,2020-08,SRR20770911
SA,2020-09,SRR14400969
SA,2020-09,SRR14400970
SA,2020-09,SRR14400971
SA,2020-09,SRR14400975
SA,2020-09,SRR14411372
SA,2020-09,SRR14411373
SA,2020-09,SRR14411374
SA,2020-09,SRR14411473
SA,2020-09,SRR14411474
SA,2020-09,SRR14411475
SA,2020-09,SRR14411476
SA,2020-09,SRR14411477
SA,2020-09,SRR14411478
SA,2020-09,SRR14411479
SA,2020-09,SRR14411481
SA,2020-09,SRR14411482
SA,2020-09,SRR14411483
SA,2020-09,SRR14411484
SA,2020-09,SRR14411485
SA,2020-09,SRR14411486
SA,2020-09,SRR14411487
SA,2020-09,SRR14411488
SA,2020-09,SRR14411490
SA,2020-09,SRR14411492
SA,2020-09,SRR14411498
SA,2020-09,SRR14411499
SA,2020-09,SRR14584920
SA,2020-09,SRR14584922
SA,2020-09,SRR14584923
SA,2020-09,SRR14584924
SA,2020-09,SRR14584928
SA,2020-09,SRR14584929
SA,2020-09,SRR14584930
SA,2020-09,SRR14584931
SA,2020-09,SRR14584933
SA,2020-09,SRR14657873
SA,2020-09,SRR14657874
SA,2020-09,SRR14657915
SA,2020-09,SRR14657917
SA,2020-09,SRR14657918
SA,2020-09,SRR14657919
SA,2020-09,SRR14657920
SA,2020-09,SRR14657921
SA,2020-09,SRR14657922
SA,2020-09,SRR14657923
SA,2020-09,SRR14657924
SA,2020-09,SRR14657925
SA,2020-09,SRR14657968
SA,2020-09,SRR14657969
SA,2020-09,SRR14657970
SA,2020-09,SRR14657971
SA,2020-09,SRR14657972
SA,2020-09,SRR14657973
SA,2020-09,SRR14657974
SA,2020-09,SRR14657975
SA,2020-09,SRR14657976
SA,2020-09,SRR14711573
SA,2020-09,SRR14711584
SA,2020-09,SRR14711593
SA,2020-09,SRR14711594
SA,2020-09,SRR14711595
SA,2020-09,SRR14711597
SA,2020-09,SRR14711616
SA,2020-09,SRR14711623
SA,2020-09,SRR14711634
SA,2020-09,SRR14711651
SA,2020-09,SRR14711674
SA,2020-09,SRR14711675
SA,2020-09,SRR14711676
SA,2020-09,SRR14711677
SA,2020-09,SRR14711678
SA,2020-09,SRR14711679
SA,2020-09,SRR14711680
SA,2020-09,SRR14711681
SA,2020-09,SRR14711682
SA,2020-09,SRR14711683
SA,2020-09,SRR14711684
SA,2020-09,SRR14711686
SA,2020-09,SRR14711687
SA,2020-09,SRR14711688
SA,2020-09,SRR14711689
SA,2020-09,SRR14711690
SA,2020-09,SRR14711691
SA,2020-09,SRR14711692
SA,2020-09,SRR14711693
SA,2020-09,SRR14711694
SA,2020-09,SRR14711695
SA,2020-09,SRR14711697
SA,2020-09,SRR14711700
SA,2020-09,SRR14711701
SA,2020-09,SRR14711702
SA,2020-09,SRR14711703
SA,2020-09,SRR14711704
SA,2020-09,SRR14711705
SA,2020-09,SRR14711706
SA,2020-09,SRR14711707
SA,2020-09,SRR14711708
SA,2020-09,SRR14711709
SA,2020-09,SRR14711714
SA,2020-09,SRR14711718
SA,2020-09,SRR14711726
SA,2020-09,SRR14711737
SA,2020-09,SRR14711753
SA,2020-09,SRR14711764
SA,2020-09,SRR14711767
SA,2020-09,SRR14711772
SA,2020-09,SRR14711780
SA,2020-09,SRR14711791
SA,2020-09,SRR14711796
SA,2020-09,SRR14711797
SA,2020-09,SRR14711798
SA,2020-09,SRR14711799
SA,2020-09,SRR14711800
SA,2020-09,SRR14711802
SA,2020-09,SRR14711803
SA,2020-09,SRR14711804
SA,2020-09,SRR14711805
SA,2020-09,SRR14711806
SA,2020-09,SRR14711807
SA,2020-09,SRR14711808
SA,2020-09,SRR14711809
SA,2020-09,SRR14711810
SA,2020-09,SRR14711811
SA,2020-09,SRR14711813
SA,2020-09,SRR14711814
SA,2020-09,SRR14711815
SA,2020-09,SRR14711816
SA,2020-09,SRR14711817
SA,2020-09,SRR14711818
SA,2020-09,SRR14711819
SA,2020-09,SRR14711826
SA,2020-09,SRR14711837
SA,2020-10,SRR14657890
SA,2020-10,SRR13620181
SA,2020-10,SRR13620157
SA,2020-10,SRR14657964
SA,2020-10,SRR14411391
SA,2020-10,SRR14411381
SA,2020-10,SRR14411376
SA,2020-10,SRR13620321
SA,2020-10,SRR14657963
SA,2020-10,SRR13620179
SA,2020-10,SRR14657901
SA,2020-10,SRR14711839
SA,2020-10,SRR14657829
SA,2020-10,SRR13620175
SA,2020-10,SRR14657864
SA,2020-10,SRR14411445
SA,2020-10,SRR13620159
SA,2020-10,SRR13620158
SA,2020-10,SRR13620176
SA,2020-10,SRR14401129
SA,2020-10,SRR14411378
SA,2020-10,SRR14584915
SA,2020-10,SRR14657867
SA,2020-10,SRR14711841
SA,2020-10,SRR14657853
SA,2020-10,SRR14400974
SA,2020-10,SRR14657912
SA,2020-10,SRR14657893
SA,2020-10,SRR14657908
SA,2020-10,SRR14711741
SA,2020-10,SRR14411444
SA,2020-10,SRR14411375
SA,2020-10,SRR14411489
SA,2020-10,SRR14657863
SA,2020-10,SRR14411392
SA,2020-10,SRR13620152
SA,2020-10,SRR14400887
SA,2020-10,SRR14711696
SA,2020-10,SRR14411410
SA,2020-10,SRR14657906
SA,2020-10,SRR14400886
SA,2020-10,SRR14711641
SA,2020-10,SRR14411409
SA,2020-10,SRR14711832
SA,2020-10,SRR14711642
SA,2020-10,SRR14411421
SA,2020-10,SRR13620177
SA,2020-10,SRR14411414
SA,2020-10,SRR14411411
SA,2020-10,SRR14711786
SA,2020-10,SRR14411388
SA,2020-10,SRR13620163
SA,2020-10,SRR14411495
SA,2020-10,SRR14657816
SA,2020-10,SRR13620188
SA,2020-10,SRR14411420
SA,2020-10,SRR13620173
SA,2020-10,SRR14657831
SA,2020-10,SRR14411397
SA,2020-10,SRR14411416
SA,2020-10,SRR14657857
SA,2020-10,SRR14400973
SA,2020-10,SRR13620169
SA,2020-10,SRR14657887
SA,2020-10,SRR14411377
SA,2020-10,SRR14411396
SA,2020-10,SRR14657868
SA,2020-10,SRR14711589
SA,2020-10,SRR13620178
SA,2020-10,SRR14657913
SA,2020-10,SRR14657900
SA,2020-10,SRR14411494
SA,2020-10,SRR14411417
SA,2020-10,SRR14400888
SA,2020-10,SRR14411418
SA,2020-10,SRR14411413
SA,2020-10,SRR14401074
SA,2020-10,SRR14411389
SA,2020-10,SRR13620170
SA,2020-10,SRR14400890
SA,2020-10,SRR14711836
SA,2020-10,SRR14657818
SA,2020-10,SRR14411496
SA,2020-10,SRR14657845
SA,2020-10,SRR14411390
SA,2020-10,SRR14584912
SA,2020-10,SRR14657965
SA,2020-10,SRR14411403
SA,2020-10,SRR20770903
SA,2020-10,SRR14657889
SA,2020-10,SRR14711842
SA,2020-10,SRR14711828
SA,2020-10,SRR14584916
SA,2020-10,SRR14657910
SA,2020-10,SRR14411422
SA,2020-10,SRR14411423
SA,2020-10,SRR14711643
SA,2020-10,SRR13620185
SA,2020-10,SRR14411430
SA,2020-10,SRR13620155
SA,2020-10,SRR14411428
SA,2020-10,SRR14657903
SA,2020-10,SRR14401069
SA,2020-10,SRR13620202
SA,2020-10,SRR14711644
SA,2020-10,SRR13620180
SA,2020-10,SRR14411394
SA,2020-10,SRR14657891
SA,2020-10,SRR14411467
SA,2020-10,SRR14411431
SA,2020-10,SRR14411406
SA,2020-10,SRR14411383
SA,2020-10,SRR14657956
SA,2020-10,SRR14411405
SA,2020-10,SRR14711727
SA,2020-10,SRR14584919
SA,2020-10,SRR13620200
SA,2020-10,SRR14657859
SA,2020-10,SRR14657870
SA,2020-10,SRR14584907
SA,2020-10,SRR14584925
SA,2020-10,SRR14411419
SA,2020-10,SRR14657856
SA,2020-10,SRR14401075
SA,2020-10,SRR14411412
SA,2020-10,SRR14411466
SA,2020-10,SRR14400966
SA,2020-10,SRR14411501
SA,2020-10,SRR14657871
SA,2020-10,SRR14411385
SA,2020-10,SRR14411424
SA,2020-10,SRR14657858
SA,2020-10,SRR14711833
SA,2020-10,SRR13620166
SA,2020-10,SRR13620172
SA,2020-10,SRR14657855
SA,2020-10,SRR14584908
SA,2020-10,SRR14584911
SA,2020-10,SRR14657907
SA,2020-10,SRR14400968
SA,2020-10,SRR14657854
SA,2020-10,SRR14657888
SA,2020-10,SRR13620192
SA,2020-10,SRR14657904
SA,2020-10,SRR14411400
SA,2020-10,SRR14657902
SA,2020-10,SRR14584918
SA,2020-10,SRR14711838
SA,2020-10,SRR13892485
SA,2020-10,SRR14411427
SA,2020-10,SRR13620162
SA,2020-10,SRR14657914
SA,2020-10,SRR13620151
SA,2020-10,SRR14411408
SA,2020-10,SRR14657909
SA,2020-10,SRR14584914
SA,2020-10,SRR13620168
SA,2020-10,SRR14584913
SA,2020-10,SRR14411472
SA,2020-10,SRR14411402
SA,2020-10,SRR14657866
SA,2020-10,SRR14411401
SA,2020-10,SRR14411468
SA,2020-10,SRR14411399
SA,2020-10,SRR14411395
SA,2020-10,SRR14657897
SA,2020-10,SRR14400885
SA,2020-10,SRR13620164
SA,2020-10,SRR13620161
SA,2020-10,SRR14657895
SA,2020-10,SRR14411380
SA,2020-10,SRR14411387
SA,2020-10,SRR14584927
SA,2020-10,SRR14657865
SA,2020-10,SRR14411398
SA,2020-10,SRR14657911
SA,2020-10,SRR14411429
SA,2020-10,SRR14411493
SA,2020-10,SRR14400889
SA,2020-10,SRR14584926
SA,2020-10,SRR13620167
SA,2020-10,SRR14711834
SA,2020-10,SRR14400967
SA,2020-10,SRR14411407
SA,2020-10,SRR14657869
SA,2020-10,SRR13620153
SA,2020-10,SRR14657896
SA,2020-10,SRR14657899
SA,2020-10,SRR13620332
SA,2020-10,SRR14657962
SA,2020-10,SRR14411425
SA,2020-10,SRR14411470
SA,2020-10,SRR14584909
SA,2020-10,SRR14657892
SA,2020-10,SRR13620174
SA,2020-10,SRR13620156
SA,2020-10,SRR14411500
SA,2020-10,SRR14584917
SA,2020-10,SRR13620165
SA,2020-10,SRR14657886
SA,2020-11,SRR14657933
SA,2020-11,SRR13620128
SA,2020-11,SRR13620083
SA,2020-11,SRR14711728
SA,2020-11,SRR13620306
SA,2020-11,SRR13620291
SA,2020-11,SRR13620280
SA,2020-11,SRR13620142
SA,2020-11,SRR14711699
SA,2020-11,SRR13620123
SA,2020-11,SRR14711576
SA,2020-11,SRR14711847
SA,2020-11,SRR14657801
SA,2020-11,SRR13620115
SA,2020-11,SRR14657836
SA,2020-11,SRR13620461
SA,2020-11,SRR13620087
SA,2020-11,SRR13620086
SA,2020-11,SRR13620118
SA,2020-11,SRR13620277
SA,2020-11,SRR13620285
SA,2020-11,SRR14411442
SA,2020-11,SRR14657842
SA,2020-11,SRR13620084
SA,2020-11,SRR14657812
SA,2020-11,SRR13620207
SA,2020-11,SRR14711631
SA,2020-11,SRR14657944
SA,2020-11,SRR14711621
SA,2020-11,SRR14711825
SA,2020-11,SRR13620459
SA,2020-11,SRR13620278
SA,2020-11,SRR13892489
SA,2020-11,SRR14657835
SA,2020-11,SRR13620308
SA,2020-11,SRR13620074
SA,2020-11,SRR13620171
SA,2020-11,SRR14711592
SA,2020-11,SRR14711822
SA,2020-11,SRR13620355
SA,2020-11,SRR14711731
SA,2020-11,SRR13620150
SA,2020-11,SRR13620271
SA,2020-11,SRR13620353
SA,2020-11,SRR14711830
SA,2020-11,SRR14711812
SA,2020-11,SRR13620439
SA,2020-11,SRR13620120
SA,2020-11,SRR13620394
SA,2020-11,SRR13620357
SA,2020-11,SRR14657843
SA,2020-11,SRR13620301
SA,2020-11,SRR13620093
SA,2020-11,SRR14400638
SA,2020-11,SRR14411503
SA,2020-11,SRR13620134
SA,2020-11,SRR13620438
SA,2020-11,SRR13620111
SA,2020-11,SRR14657804
SA,2020-11,SRR13620316
SA,2020-11,SRR14657894
SA,2020-11,SRR14657851
SA,2020-11,SRR13620416
SA,2020-11,SRR14657825
SA,2020-11,SRR13620204
SA,2020-11,SRR13620106
SA,2020-11,SRR13620094
SA,2020-11,SRR14657958
SA,2020-11,SRR13620282
SA,2020-11,SRR13620314
SA,2020-11,SRR14711738
SA,2020-11,SRR14711795
SA,2020-11,SRR13620122
SA,2020-11,SRR14711636
SA,2020-11,SRR14711698
SA,2020-11,SRR14400590
SA,2020-11,SRR14657930
SA,2020-11,SRR13620427
SA,2020-11,SRR13620183
SA,2020-11,SRR13620434
SA,2020-11,SRR13620372
SA,2020-11,SRR13620238
SA,2020-11,SRR13620302
SA,2020-11,SRR14657939
SA,2020-11,SRR13620107
SA,2020-11,SRR14657846
SA,2020-11,SRR14657961
SA,2020-11,SRR13620190
SA,2020-11,SRR14411502
SA,2020-11,SRR14711845
SA,2020-11,SRR14711579
SA,2020-11,SRR14400666
SA,2020-11,SRR14657977
SA,2020-11,SRR13620304
SA,2020-11,SRR14657810
SA,2020-11,SRR14711734
SA,2020-11,SRR13620334
SA,2020-11,SRR13620099
SA,2020-11,SRR13620283
SA,2020-11,SRR14711821
SA,2020-11,SRR13620328
SA,2020-11,SRR13620450
SA,2020-11,SRR13620303
SA,2020-11,SRR13620104
SA,2020-11,SRR13620249
SA,2020-11,SRR14657815
SA,2020-11,SRR14711590
SA,2020-11,SRR14657847
SA,2020-11,SRR14411438
SA,2020-11,SRR13620447
SA,2020-11,SRR14400637
SA,2020-11,SRR13620144
SA,2020-11,SRR14711630
SA,2020-11,SRR14711840
SA,2020-11,SRR13620292
SA,2020-11,SRR14711783
SA,2020-11,SRR14584900
SA,2020-11,SRR13620300
SA,2020-11,SRR13620464
SA,2020-11,SRR13620449
SA,2020-11,SRR14711585
SA,2020-11,SRR14711591
SA,2020-11,SRR13620141
SA,2020-11,SRR14411446
SA,2020-11,SRR14411434
SA,2020-11,SRR13620117
SA,2020-11,SRR13620095
SA,2020-11,SRR13620127
SA,2020-11,SRR13620149
SA,2020-11,SRR14711729
SA,2020-11,SRR14711710
SA,2020-11,SRR13620103
SA,2020-11,SRR13620442
SA,2020-11,SRR13620440
SA,2020-11,SRR14400776
SA,2020-11,SRR14411465
SA,2020-11,SRR13620294
SA,2020-11,SRR13620076
SA,2020-11,SRR13620129
SA,2020-11,SRR14711625
SA,2020-11,SRR14657950
SA,2020-11,SRR14711831
SA,2020-11,SRR20770727
SA,2020-11,SRR14711827
SA,2020-11,SRR13620467
SA,2020-11,SRR13620160
SA,2020-11,SRR14657966
SA,2020-11,SRR13620072
SA,2020-11,SRR14657833
SA,2020-11,SRR14411439
SA,2020-11,SRR13620195
SA,2020-11,SRR14411443
SA,2020-11,SRR13620125
SA,2020-11,SRR13620318
SA,2020-11,SRR14411453
SA,2020-11,SRR14711768
SA,2020-11,SRR14657813
SA,2020-11,SRR13620436
SA,2020-11,SRR13620182
SA,2020-11,SRR13620071
SA,2020-11,SRR13620333
SA,2020-11,SRR14411432
SA,2020-11,SRR13620075
SA,2020-11,SRR14657861
SA,2020-11,SRR14400716
SA,2020-11,SRR13620196
SA,2020-11,SRR13620469
SA,2020-11,SRR13620457
SA,2020-11,SRR13620451
SA,2020-11,SRR14657822
SA,2020-11,SRR13620132
SA,2020-11,SRR13620085
SA,2020-11,SRR14401103
SA,2020-11,SRR14711785
SA,2020-11,SRR13620311
SA,2020-11,SRR13620091
SA,2020-11,SRR13620092
SA,2020-11,SRR13620432
SA,2020-11,SRR13620290
SA,2020-11,SRR13620453
SA,2020-11,SRR13620088
SA,2020-11,SRR14657927
SA,2020-11,SRR14584906
SA,2020-11,SRR13620441
SA,2020-11,SRR14657905
SA,2020-11,SRR14657803
SA,2020-11,SRR13620336
SA,2020-11,SRR13620287
SA,2020-11,SRR14711846
SA,2020-11,SRR13620113
SA,2020-11,SRR13620138
SA,2020-11,SRR14657838
SA,2020-11,SRR13620468
SA,2020-11,SRR13620322
SA,2020-11,SRR14711742
SA,2020-11,SRR14411452
SA,2020-11,SRR14657916
SA,2020-11,SRR14711622
SA,2020-11,SRR14657959
SA,2020-11,SRR14711632
SA,2020-12,SRR13632518
SA,2020-12,SRR13620239
SA,2020-12,SRR14119603
SA,2020-12,SRR14119572
SA,2020-12,SRR14119549
SA,2020-12,SRR13632550
SA,2020-12,SRR13632508
SA,2020-12,SRR14657808
SA,2020-12,SRR13632491
SA,2020-12,SRR14400852
SA,2020-12,SRR13620246
SA,2020-12,SRR13620244
SA,2020-12,SRR13632497
SA,2020-12,SRR13997370
SA,2020-12,SRR14119560
SA,2020-12,SRR14401083
SA,2020-12,SRR13620241
SA,2020-12,SRR13997317
SA,2020-12,SRR17712324
SA,2020-12,SRR14400849
SA,2020-12,SRR14119546
SA,2020-12,SRR14400879
SA,2020-12,SRR14119606
SA,2020-12,SRR13620218
SA,2020-12,SRR13632571
SA,2020-12,SRR14711843
SA,2020-12,SRR14400705
SA,2020-12,SRR14657942
SA,2020-12,SRR13632567
SA,2020-12,SRR13997355
SA,2020-12,SRR14400695
SA,2020-12,SRR17712325
SA,2020-12,SRR13632496
SA,2020-12,SRR14400782
SA,2020-12,SRR13632501
SA,2020-12,SRR14400735
SA,2020-12,SRR14400709
SA,2020-12,SRR14119592
SA,2020-12,SRR13620259
SA,2020-12,SRR14400905
SA,2020-12,SRR13632531
SA,2020-12,SRR14400777
SA,2020-12,SRR13632481
SA,2020-12,SRR14119622
SA,2020-12,SRR14400748
SA,2020-12,SRR13997310
SA,2020-12,SRR13620349
SA,2020-12,SRR13620262
SA,2020-12,SRR14119555
SA,2020-12,SRR14119618
SA,2020-12,SRR13632482
SA,2020-12,SRR14711586
SA,2020-12,SRR13632507
SA,2020-12,SRR14584932
SA,2020-12,SRR14657820
SA,2020-12,SRR14400884
SA,2020-12,SRR14400759
SA,2020-12,SRR13632586
SA,2020-12,SRR14400767
SA,2020-12,SRR14400726
SA,2020-12,SRR13997344
SA,2020-12,SRR14119595
SA,2020-12,SRR13632470
SA,2020-12,SRR13632611
SA,2020-12,SRR17712402
SA,2020-12,SRR13632588
SA,2020-12,SRR14400913
SA,2020-12,SRR14400779
SA,2020-12,SRR14119598
SA,2020-12,SRR14119545
SA,2020-12,SRR14400670
SA,2020-12,SRR13620274
SA,2020-12,SRR14119556
SA,2020-12,SRR14711628
SA,2020-12,SRR14400632
SA,2020-12,SRR14400825
SA,2020-12,SRR13632545
SA,2020-12,SRR13620247
SA,2020-12,SRR13632512
SA,2020-12,SRR14400897
SA,2020-12,SRR14400960
SA,2020-12,SRR14119612
SA,2020-12,SRR14400868
SA,2020-12,SRR14584905
SA,2020-12,SRR13632569
SA,2020-12,SRR14401054
SA,2020-12,SRR14400673
SA,2020-12,SRR14119577
SA,2020-12,SRR13997316
SA,2020-12,SRR14400872
SA,2020-12,SRR14400898
SA,2020-12,SRR14400655
SA,2020-12,SRR14401072
SA,2020-12,SRR14401100
SA,2020-12,SRR13632541
SA,2020-12,SRR14401125
SA,2020-12,SRR13632530
SA,2020-12,SRR14400769
SA,2020-12,SRR14119609
SA,2020-12,SRR14119597
SA,2020-12,SRR13632540
SA,2020-12,SRR14400770
SA,2020-12,SRR14119621
SA,2020-12,SRR13997354
SA,2020-12,SRR14657945
SA,2020-12,SRR14119620
SA,2020-12,SRR13997318
SA,2020-12,SRR13997298
SA,2020-12,SRR13632516
SA,2020-12,SRR13620348
SA,2020-12,SRR14119582
SA,2020-12,SRR14119574
SA,2020-12,SRR14401124
SA,2020-12,SRR14400774
SA,2020-12,SRR13620237
SA,2020-12,SRR14400860
SA,2020-12,SRR13620273
SA,2020-12,SRR13632479
SA,2020-12,SRR14400627
SA,2020-12,SRR14401121
SA,2020-12,SRR14400816
SA,2020-12,SRR14657824
SA,2020-12,SRR13997349
SA,2020-12,SRR14119627
SA,2020-12,SRR14401071
SA,2020-12,SRR13997311
SA,2020-12,SRR13997308
SA,2020-12,SRR14400883
SA,2020-12,SRR14119561
SA,2020-12,SRR14411459
SA,2020-12,SRR13632533
SA,2020-12,SRR14119605
SA,2020-12,SRR14400906
SA,2020-12,SRR13620217
SA,2020-12,SRR14400891
SA,2020-12,SRR14400737
SA,2020-12,SRR13620275
SA,2020-12,SRR14400706
SA,2020-12,SRR14119596
SA,2020-12,SRR14400772
SA,2020-12,SRR13632544
SA,2020-12,SRR14400787
SA,2020-12,SRR14400654
SA,2020-12,SRR13632610
SA,2020-12,SRR14401073
SA,2020-12,SRR13632558
SA,2020-12,SRR13997359
SA,2020-12,SRR14401132
SA,2020-12,SRR14119554
SA,2020-12,SRR13620212
SA,2020-12,SRR14400871
SA,2020-12,SRR14400736
SA,2020-12,SRR14400964
SA,2020-12,SRR14119578
SA,2020-12,SRR14400784
SA,2020-12,SRR13632493
SA,2020-12,SRR14119581
SA,2020-12,SRR13620270
SA,2020-12,SRR14400626
SA,2020-12,SRR13632560
SA,2020-12,SRR14400646
SA,2020-12,SRR14400850
SA,2020-12,SRR14400593
SA,2020-12,SRR13632505
SA,2020-12,SRR14400902
SA,2020-12,SRR13997304
SA,2020-12,SRR14657832
SA,2020-12,SRR13632483
SA,2020-12,SRR14401084
SA,2020-12,SRR14400800
SA,2020-12,SRR14119593
SA,2020-12,SRR13620211
SA,2020-12,SRR14119628
SA,2020-12,SRR13632585
SA,2020-12,SRR14401088
SA,2020-12,SRR13620221
SA,2020-12,SRR14400862
SA,2020-12,SRR14400952
SA,2020-12,SRR13632565
SA,2020-12,SRR13632526
SA,2020-12,SRR13620243
SA,2020-12,SRR13632527
SA,2020-12,SRR14401037
SA,2020-12,SRR13620255
SA,2020-12,SRR13620258
SA,2020-12,SRR14400762
SA,2020-12,SRR14119570
SA,2020-12,SRR13620250
SA,2020-12,SRR14401118
SA,2020-12,SRR14119594
SA,2020-12,SRR14400786
SA,2020-12,SRR13620342
SA,2020-12,SRR13620343
SA,2020-12,SRR14400678
SA,2020-12,SRR14119565
SA,2020-12,SRR17712403
SA,2020-12,SRR13632485
SA,2020-12,SRR14401007
SA,2020-12,SRR14400877
SA,2020-12,SRR14400591
SA,2021-01,SRR13962273
SA,2021-01,SRR13632609
SA,2021-01,SRR14023765
SA,2021-01,SRR14023734
SA,2021-01,SRR14023709
SA,2021-01,SRR13996962
SA,2021-01,SRR13962263
SA,2021-01,SRR14584942
SA,2021-01,SRR13962248
SA,2021-01,SRR14400712
SA,2021-01,SRR13962191
SA,2021-01,SRR13632616
SA,2021-01,SRR13962254
SA,2021-01,SRR14023704
SA,2021-01,SRR14023722
SA,2021-01,SRR14400942
SA,2021-01,SRR13632613
SA,2021-01,SRR14736707
SA,2021-01,SRR13997347
SA,2021-01,SRR14736775
SA,2021-01,SRR14400701
SA,2021-01,SRR14023706
SA,2021-01,SRR14400760
SA,2021-01,SRR14023768
SA,2021-01,SRR13632573
SA,2021-01,SRR13996983
SA,2021-01,SRR14736773
SA,2021-01,SRR14088730
SA,2021-01,SRR14736716
SA,2021-01,SRR13996979
SA,2021-01,SRR14023701
SA,2021-01,SRR14088726
SA,2021-01,SRR14736776
SA,2021-01,SRR13962253
SA,2021-01,SRR14400601
SA,2021-01,SRR13962258
SA,2021-01,SRR14088749
SA,2021-01,SRR14088734
SA,2021-01,SRR14023754
SA,2021-01,SRR13962203
SA,2021-01,SRR14400797
SA,2021-01,SRR14411469
SA,2021-01,SRR13996947
SA,2021-01,SRR14400598
SA,2021-01,SRR13962239
SA,2021-01,SRR14023785
SA,2021-01,SRR14088752
SA,2021-01,SRR13997333
SA,2021-01,SRR13962230
SA,2021-01,SRR13962205
SA,2021-01,SRR14023715
SA,2021-01,SRR14023780
SA,2021-01,SRR13962240
SA,2021-01,SRR14736744
SA,2021-01,SRR13962262
SA,2021-01,SRR14736705
SA,2021-01,SRR14736711
SA,2021-01,SRR14400783
SA,2021-01,SRR14088755
SA,2021-01,SRR13996986
SA,2021-01,SRR14088761
SA,2021-01,SRR14088745
SA,2021-01,SRR13997368
SA,2021-01,SRR14023757
SA,2021-01,SRR13962232
SA,2021-01,SRR13996995
SA,2021-01,SRR20770898
SA,2021-01,SRR13996987
SA,2021-01,SRR14400801
SA,2021-01,SRR14400599
SA,2021-01,SRR14023760
SA,2021-01,SRR14023705
SA,2021-01,SRR14088714
SA,2021-01,SRR13962216
SA,2021-01,SRR14023716
SA,2021-01,SRR14736772
SA,2021-01,SRR14088701
SA,2021-01,SRR14400662
SA,2021-01,SRR14023758
SA,2021-01,SRR13962226
SA,2021-01,SRR13997371
SA,2021-01,SRR14088700
SA,2021-01,SRR13997372
SA,2021-01,SRR14400936
SA,2021-01,SRR14400656
SA,2021-01,SRR14400796
SA,2021-01,SRR13996966
SA,2021-01,SRR14023755
SA,2021-01,SRR14736777
SA,2021-01,SRR14023736
SA,2021-01,SRR14023753
SA,2021-01,SRR14400731
SA,2021-01,SRR14400660
SA,2021-01,SRR14657817
SA,2021-01,SRR14401025
SA,2021-01,SRR13996961
SA,2021-01,SRR14023744
SA,2021-01,SRR14736733
SA,2021-01,SRR14584940
SA,2021-01,SRR14400597
SA,2021-01,SRR13632608
SA,2021-01,SRR14400733
SA,2021-01,SRR13962215
SA,2021-01,SRR13962237
SA,2021-01,SRR14088696
SA,2021-01,SRR14584910
SA,2021-01,SRR14400948
SA,2021-01,SRR14736712
SA,2021-01,SRR14400955
SA,2021-01,SRR14088672
SA,2021-01,SRR14401020
SA,2021-01,SRR13997334
SA,2021-01,SRR13997332
SA,2021-01,SRR14400912
SA,2021-01,SRR14023723
SA,2021-01,SRR14736683
SA,2021-01,SRR13996948
SA,2021-01,SRR14023767
SA,2021-01,SRR14400929
SA,2021-01,SRR14400818
SA,2021-01,SRR13632572
SA,2021-01,SRR14400916
SA,2021-01,SRR14088751
SA,2021-01,SRR13962217
SA,2021-01,SRR14088731
SA,2021-01,SRR14400751
SA,2021-01,SRR14400958
SA,2021-01,SRR14400595
SA,2021-01,SRR13996956
SA,2021-01,SRR14400631
SA,2021-01,SRR14088706
SA,2021-01,SRR13996994
SA,2021-01,SRR14401023
SA,2021-01,SRR13996970
SA,2021-01,SRR14023703
SA,2021-01,SRR14657940
SA,2021-01,SRR14023714
SA,2021-01,SRR13632471
SA,2021-01,SRR14400820
SA,2021-01,SRR14400745
SA,2021-01,SRR14088750
SA,2021-01,SRR13996954
SA,2021-01,SRR14023740
SA,2021-01,SRR14400606
SA,2021-01,SRR13962250
SA,2021-01,SRR14023743
SA,2021-01,SRR13962213
SA,2021-01,SRR14400742
SA,2021-01,SRR14088693
SA,2021-01,SRR13996972
SA,2021-01,SRR14400702
SA,2021-01,SRR14088705
SA,2021-01,SRR14400778
SA,2021-01,SRR14088684
SA,2021-01,SRR13962260
SA,2021-01,SRR14400927
SA,2021-01,SRR13997328
SA,2021-01,SRR14400781
SA,2021-01,SRR13962241
SA,2021-01,SRR14401026
SA,2021-01,SRR14400645
SA,2021-01,SRR14400944
SA,2021-01,SRR13632467
SA,2021-01,SRR14088674
SA,2021-01,SRR13996985
SA,2021-01,SRR14401079
SA,2021-01,SRR13632578
SA,2021-01,SRR14400802
SA,2021-01,SRR13997005
SA,2021-01,SRR14400694
SA,2021-01,SRR14400665
SA,2021-01,SRR13996977
SA,2021-01,SRR13962281
SA,2021-01,SRR13632615
SA,2021-01,SRR13996943
SA,2021-01,SRR14023774
SA,2021-01,SRR13962199
SA,2021-01,SRR13962202
SA,2021-01,SRR14088756
SA,2021-01,SRR14023732
SA,2021-01,SRR14400676
SA,2021-01,SRR13962194
SA,2021-01,SRR14584902
SA,2021-01,SRR14023756
SA,2021-01,SRR14400630
SA,2021-01,SRR13962223
SA,2021-01,SRR13962224
SA,2021-01,SRR14088719
SA,2021-01,SRR14023727
SA,2021-01,SRR20770899
SA,2021-01,SRR13962243
SA,2021-01,SRR13996955
SA,2021-01,SRR14400901
SA,2021-01,SRR14088683
SA,2021-01,SRR14400914
SA,2021-01,SRR13962267
SA,2021-01,SRR14400744
SA,2021-01,SRR14400931
SA,2021-01,SRR14401128
SA,2021-01,SRR14088735
SA,2021-02,SRR13997350
SA,2021-02,SRR14088671
SA,2021-02,SRR14088673
SA,2021-02,SRR14088678
SA,2021-02,SRR14088679
SA,2021-02,SRR14088680
SA,2021-02,SRR14088681
SA,2021-02,SRR14088682
SA,2021-02,SRR14088694
SA,2021-02,SRR14088695
SA,2021-02,SRR14088697
SA,2021-02,SRR14088698
SA,2021-02,SRR14088699
SA,2021-02,SRR14088708
SA,2021-02,SRR14088710
SA,2021-02,SRR14088711
SA,2021-02,SRR14088713
SA,2021-02,SRR14150417
SA,2021-02,SRR14150419
SA,2021-02,SRR14150426
SA,2021-02,SRR14150429
SA,2021-02,SRR14150436
SA,2021-02,SRR14150457
SA,2021-02,SRR14150458
SA,2021-02,SRR14150460
SA,2021-02,SRR14150461
SA,2021-02,SRR14400592
SA,2021-02,SRR14400594
SA,2021-02,SRR14400602
SA,2021-02,SRR14400603
SA,2021-02,SRR14400605
SA,2021-02,SRR14400608
SA,2021-02,SRR14400614
SA,2021-02,SRR14400615
SA,2021-02,SRR14400616
SA,2021-02,SRR14400617
SA,2021-02,SRR14400618
SA,2021-02,SRR14400619
SA,2021-02,SRR14400620
SA,2021-02,SRR14400621
SA,2021-02,SRR14400623
SA,2021-02,SRR14400624
SA,2021-02,SRR14400625
SA,2021-02,SRR14400628
SA,2021-02,SRR14400635
SA,2021-02,SRR14400640
SA,2021-02,SRR14400653
SA,2021-02,SRR14400685
SA,2021-02,SRR14400686
SA,2021-02,SRR14400692
SA,2021-02,SRR14400721
SA,2021-02,SRR14400896
SA,2021-02,SRR14400899
SA,2021-02,SRR14400900
SA,2021-02,SRR14400903
SA,2021-02,SRR14400915
SA,2021-02,SRR14400918
SA,2021-02,SRR14400919
SA,2021-02,SRR14400920
SA,2021-02,SRR14400921
SA,2021-02,SRR14401017
SA,2021-02,SRR14401106
SA,2021-02,SRR14411464
SA,2021-02,SRR14455102
SA,2021-02,SRR14455103
SA,2021-02,SRR14455105
SA,2021-02,SRR14455106
SA,2021-02,SRR14455109
SA,2021-02,SRR14455110
SA,2021-02,SRR14455111
SA,2021-02,SRR14455112
SA,2021-02,SRR14455117
SA,2021-02,SRR14455119
SA,2021-02,SRR14455120
SA,2021-02,SRR14455121
SA,2021-02,SRR14455126
SA,2021-02,SRR14584937
SA,2021-02,SRR14590492
SA,2021-02,SRR14590525
SA,2021-02,SRR14657809
SA,2021-02,SRR14657926
SA,2021-02,SRR14657928
SA,2021-02,SRR14657929
SA,2021-02,SRR14657936
SA,2021-02,SRR14657937
SA,2021-02,SRR14657979
SA,2021-02,SRR14711779
SA,2021-02,SRR14711781
SA,2021-02,SRR14711782
SA,2021-02,SRR14711787
SA,2021-02,SRR14711788
SA,2021-02,SRR14711790
SA,2021-02,SRR14711792
SA,2021-02,SRR14711793
SA,2021-02,SRR14736699
SA,2021-02,SRR14736700
SA,2021-02,SRR14736701
SA,2021-02,SRR14736702
SA,2021-02,SRR14736751
SA,2021-02,SRR14736752
SA,2021-02,SRR14736755
SA,2021-02,SRR14736762
SA,2021-02,SRR14736763
SA,2021-02,SRR14736766
SA,2021-02,SRR14736767
SA,2021-02,SRR14736768
SA,2021-02,SRR14736769
SA,2021-02,SRR14736770
SA,2021-03,SRR14590514
SA,2021-03,SRR14150420
SA,2021-03,SRR14150396
SA,2021-03,SRR14736690
SA,2021-03,SRR14455042
SA,2021-03,SRR14150459
SA,2021-03,SRR14150452
SA,2021-03,SRR14150428
SA,2021-03,SRR14736687
SA,2021-03,SRR14150416
SA,2021-03,SRR14590524
SA,2021-03,SRR15061393
SA,2021-03,SRR14455124
SA,2021-03,SRR14150412
SA,2021-03,SRR14590502
SA,2021-03,SRR14455080
SA,2021-03,SRR14150398
SA,2021-03,SRR14150397
SA,2021-03,SRR14150413
SA,2021-03,SRR14150450
SA,2021-03,SRR14150454
SA,2021-03,SRR14455101
SA,2021-03,SRR14590505
SA,2021-03,SRR15061395
SA,2021-03,SRR14590494
SA,2021-03,SRR14150445
SA,2021-03,SRR14736681
SA,2021-03,SRR14590517
SA,2021-03,SRR14736677
SA,2021-03,SRR14736759
SA,2021-03,SRR14455079
SA,2021-03,SRR14150451
SA,2021-03,SRR14455086
SA,2021-03,SRR14590501
SA,2021-03,SRR14455043
SA,2021-03,SRR14150391
SA,2021-03,SRR14736698
SA,2021-03,SRR14150434
SA,2021-03,SRR14736676
SA,2021-03,SRR14736756
SA,2021-03,SRR14455059
SA,2021-03,SRR14736731
SA,2021-03,SRR14150433
SA,2021-03,SRR14736748
SA,2021-03,SRR14455058
SA,2021-03,SRR15061344
SA,2021-03,SRR14736749
SA,2021-03,SRR14455069
SA,2021-03,SRR14150414
SA,2021-03,SRR14455063
SA,2021-03,SRR14455060
SA,2021-03,SRR14736745
SA,2021-03,SRR14455039
SA,2021-03,SRR14150401
SA,2021-03,SRR14455089
SA,2021-03,SRR14455122
SA,2021-03,SRR14150423
SA,2021-03,SRR14455068
SA,2021-03,SRR14150410
SA,2021-03,SRR14590491
SA,2021-03,SRR14455047
SA,2021-03,SRR14590511
SA,2021-03,SRR14590509
SA,2021-03,SRR14455064
SA,2021-03,SRR14590498
SA,2021-03,SRR14150444
SA,2021-03,SRR14150407
SA,2021-03,SRR14736740
SA,2021-03,SRR14150453
SA,2021-03,SRR14455046
SA,2021-03,SRR14736727
SA,2021-03,SRR14736747
SA,2021-03,SRR14150415
SA,2021-03,SRR14736760
SA,2021-03,SRR14736724
SA,2021-03,SRR14455088
SA,2021-03,SRR14455065
SA,2021-03,SRR14150435
SA,2021-03,SRR14455066
SA,2021-03,SRR14455062
SA,2021-03,SRR14150448
SA,2021-03,SRR14455040
SA,2021-03,SRR14150408
SA,2021-03,SRR14150438
SA,2021-03,SRR14455118
SA,2021-03,SRR15061366
SA,2021-03,SRR14590510
SA,2021-03,SRR14455090
SA,2021-03,SRR15683081
SA,2021-03,SRR14455041
SA,2021-03,SRR14590493
SA,2021-03,SRR14736735
SA,2021-03,SRR14455055
SA,2021-03,SRR14150404
SA,2021-03,SRR14590519
SA,2021-03,SRR14736754
SA,2021-03,SRR14455052
SA,2021-03,SRR14455074
SA,2021-03,SRR14590506
SA,2021-03,SRR14150406
SA,2021-03,SRR14150449
SA,2021-03,SRR14455125
SA,2021-03,SRR14590503
SA,2021-03,SRR14455099
SA,2021-03,SRR14455073
SA,2021-03,SRR14736680
SA,2021-03,SRR14150430
SA,2021-03,SRR14736682
SA,2021-03,SRR15061355
SA,2021-03,SRR14455035
SA,2021-03,SRR14455067
SA,2021-03,SRR14590513
SA,2021-03,SRR14455123
SA,2021-03,SRR14150425
SA,2021-03,SRR14455098
SA,2021-03,SRR14590518
SA,2021-03,SRR14455114
SA,2021-03,SRR14736734
SA,2021-03,SRR14455093
SA,2021-03,SRR14150446
SA,2021-03,SRR14150441
SA,2021-03,SRR15061396
SA,2021-03,SRR14590521
SA,2021-03,SRR14455037
SA,2021-03,SRR14455113
SA,2021-03,SRR14590520
SA,2021-03,SRR14736738
SA,2021-03,SRR14736743
SA,2021-03,SRR14736742
SA,2021-03,SRR14150409
SA,2021-03,SRR14455115
SA,2021-03,SRR14736739
SA,2021-03,SRR14455108
SA,2021-03,SRR14736725
SA,2021-03,SRR14455092
SA,2021-03,SRR14455048
SA,2021-03,SRR14736675
SA,2021-03,SRR14590522
SA,2021-03,SRR14150443
SA,2021-03,SRR14455076
SA,2021-03,SRR14590516
SA,2021-03,SRR14736746
SA,2021-03,SRR14150424
SA,2021-03,SRR15061391
SA,2021-03,SRR14736730
SA,2021-03,SRR14455075
SA,2021-03,SRR14736726
SA,2021-03,SRR14736686
SA,2021-03,SRR14455096
SA,2021-03,SRR14150427
SA,2021-03,SRR14455054
SA,2021-03,SRR14590504
SA,2021-03,SRR14590508
SA,2021-03,SRR14150431
SA,2021-03,SRR14736697
SA,2021-03,SRR14455077
SA,2021-03,SRR14590497
SA,2021-03,SRR14150390
SA,2021-03,SRR14455095
SA,2021-03,SRR14455036
SA,2021-03,SRR14736758
SA,2021-03,SRR14455049
SA,2021-03,SRR14150403
SA,2021-03,SRR14150432
SA,2021-03,SRR14590528
SA,2021-03,SRR14590515
SA,2021-03,SRR14736736
SA,2021-03,SRR14150442
SA,2021-03,SRR14455053
SA,2021-03,SRR14455094
SA,2021-03,SRR14455051
SA,2021-03,SRR14736732
SA,2021-03,SRR14736757
SA,2021-03,SRR14150392
SA,2021-03,SRR14736750
SA,2021-03,SRR14455082
SA,2021-03,SRR14736693
SA,2021-03,SRR14590496
SA,2021-03,SRR14590507
SA,2021-03,SRR14455107
SA,2021-03,SRR14590527
SA,2021-03,SRR14150405
SA,2021-03,SRR14150393
SA,2021-03,SRR14736696
SA,2021-03,SRR14455104
SA,2021-03,SRR14150395
SA,2021-03,SRR15061360
SA,2021-03,SRR14590512
SA,2021-03,SRR14736678
SA,2021-03,SRR14150394
SA,2021-03,SRR14455061
SA,2021-03,SRR14455072
SA,2021-03,SRR14150440
SA,2021-03,SRR14150437
SA,2021-03,SRR14150422
SA,2021-03,SRR14455100
SA,2021-03,SRR14150400
SA,2021-03,SRR14736679
SA,2021-03,SRR14455050
SA,2021-03,SRR14150418
SA,2021-04,SRR14707720
SA,2021-04,SRR14707721
SA,2021-04,SRR14707722
SA,2021-04,SRR14707723
SA,2021-04,SRR14707724
SA,2021-04,SRR14707725
SA,2021-04,SRR14707726
SA,2021-04,SRR14707727
SA,2021-04,SRR14707728
SA,2021-04,SRR14707729
SA,2021-04,SRR14707730
SA,2021-04,SRR14707731
SA,2021-04,SRR14707732
SA,2021-04,SRR14707733
SA,2021-04,SRR14707734
SA,2021-04,SRR14707735
SA,2021-04,SRR14707736
SA,2021-04,SRR14707737
SA,2021-04,SRR14707738
SA,2021-04,SRR14707739
SA,2021-04,SRR14707740
SA,2021-04,SRR14707741
SA,2021-04,SRR14707742
SA,2021-04,SRR14707743
SA,2021-04,SRR14707744
SA,2021-04,SRR14707745
SA,2021-04,SRR14707746
SA,2021-04,SRR14707747
SA,2021-04,SRR14707748
SA,2021-04,SRR14707749
SA,2021-04,SRR14707750
SA,2021-04,SRR14707751
SA,2021-04,SRR14707752
SA,2021-04,SRR14707753
SA,2021-04,SRR14707754
SA,2021-04,SRR14707755
SA,2021-04,SRR14707756
SA,2021-04,SRR14707757
SA,2021-04,SRR14707758
SA,2021-04,SRR14707759
SA,2021-04,SRR14707760
SA,2021-04,SRR14707761
SA,2021-04,SRR14707762
SA,2021-04,SRR14707763
SA,2021-04,SRR14707765
SA,2021-04,SRR14707766
SA,2021-04,SRR14707767
SA,2021-04,SRR14707768
SA,2021-04,SRR14707769
SA,2021-04,SRR14707770
SA,2021-04,SRR14707771
SA,2021-04,SRR14707772
SA,2021-04,SRR14707773
SA,2021-04,SRR14707774
SA,2021-04,SRR14707775
SA,2021-04,SRR14707776
SA,2021-04,SRR14707777
SA,2021-04,SRR14707778
SA,2021-04,SRR14707779
SA,2021-04,SRR14707780
SA,2021-04,SRR14707781
SA,2021-04,SRR14707782
SA,2021-04,SRR14707783
SA,2021-04,SRR14707784
SA,2021-04,SRR14707785
SA,2021-04,SRR14707786
SA,2021-04,SRR14707787
SA,2021-04,SRR14707788
SA,2021-04,SRR14707789
SA,2021-04,SRR14707790
SA,2021-04,SRR14707791
SA,2021-04,SRR14707792
SA,2021-04,SRR14707793
SA,2021-04,SRR14707794
SA,2021-04,SRR14707795
SA,2021-04,SRR14707796
SA,2021-04,SRR14707797
SA,2021-04,SRR14707798
SA,2021-04,SRR14707799
SA,2021-04,SRR14707800
SA,2021-04,SRR14707801
SA,2021-04,SRR14707802
SA,2021-04,SRR14707803
SA,2021-04,SRR14707804
SA,2021-04,SRR14707805
SA,2021-04,SRR14707806
SA,2021-04,SRR14707807
SA,2021-04,SRR14707808
SA,2021-04,SRR14707809
SA,2021-04,SRR14707810
SA,2021-04,SRR14707811
SA,2021-04,SRR14712056
SA,2021-04,SRR14712057
SA,2021-04,SRR14712058
SA,2021-04,SRR14712059
SA,2021-04,SRR14712060
SA,2021-04,SRR14712061
SA,2021-04,SRR14736688
SA,2021-04,SRR14736689
SA,2021-04,SRR14736691
SA,2021-04,SRR14736692
SA,2021-04,SRR15003721
SA,2021-04,SRR15003732
SA,2021-04,SRR15005070
SA,2021-04,SRR15005081
SA,2021-04,SRR15005092
SA,2021-04,SRR15005097
SA,2021-04,SRR15005099
SA,2021-04,SRR15005100
SA,2021-04,SRR15005104
SA,2021-04,SRR15005107
SA,2021-04,SRR15005114
SA,2021-04,SRR15005118
SA,2021-04,SRR15005119
SA,2021-04,SRR15005120
SA,2021-04,SRR15005121
SA,2021-04,SRR15005126
SA,2021-04,SRR15061324
SA,2021-04,SRR15061327
SA,2021-04,SRR15061353
SA,2021-04,SRR15061364
SA,2021-04,SRR15061368
SA,2021-04,SRR15061370
SA,2021-04,SRR15061373
SA,2021-04,SRR15061381
SA,2021-04,SRR15061387
SA,2021-04,SRR15061389
SA,2021-04,SRR15061390
SA,2021-04,SRR15061392
SA,2021-04,SRR15061394
SA,2021-04,SRR15061397
SA,2021-04,SRR15061400
SA,2021-04,SRR15061401
SA,2021-04,SRR15061402
SA,2021-04,SRR15061403
SA,2021-04,SRR15061404
SA,2021-04,SRR15061405
SA,2021-04,SRR15061406
SA,2021-04,SRR15061407
SA,2021-04,SRR15061408
SA,2021-04,SRR15256471
SA,2021-04,SRR15256811
SA,2021-04,SRR15256812
SA,2021-04,SRR15256813
SA,2021-04,SRR15256814
SA,2021-04,SRR15256815
SA,2021-04,SRR15256816
SA,2021-04,SRR15256818
SA,2021-04,SRR15256819
SA,2021-04,SRR15683079
SA,2021-04,SRR15683080
SA,2021-04,SRR22019421
SA,2021-05,SRR15003644
SA,2021-05,SRR15001067
SA,2021-05,SRR15005112
SA,2021-05,SRR15005091
SA,2021-05,SRR15005079
SA,2021-05,SRR15003810
SA,2021-05,SRR15001121
SA,2021-05,SRR15061371
SA,2021-05,SRR15001110
SA,2021-05,SRR20849369
SA,2021-05,SRR15032925
SA,2021-05,SRR15001071
SA,2021-05,SRR15001070
SA,2021-05,SRR15001116
SA,2021-05,SRR15005076
SA,2021-05,SRR15005085
SA,2021-05,SRR15061341
SA,2021-05,SRR15001068
SA,2021-05,SRR15061398
SA,2021-05,SRR15005065
SA,2021-05,SRR20849371
SA,2021-05,SRR15032923
SA,2021-05,SRR15005077
SA,2021-05,SRR15060967
SA,2021-05,SRR15005115
SA,2021-05,SRR14712055
SA,2021-05,SRR15003865
SA,2021-05,SRR20849368
SA,2021-05,SRR15032877
SA,2021-05,SRR15683234
SA,2021-05,SRR15003854
SA,2021-05,SRR15005075
SA,2021-05,SRR15032875
SA,2021-05,SRR20849372
SA,2021-05,SRR20849241
SA,2021-05,SRR15032899
SA,2021-05,SRR15001118
SA,2021-05,SRR15032887
SA,2021-05,SRR15032879
SA,2021-05,SRR15005106
SA,2021-05,SRR15001077
SA,2021-05,SRR15061018
SA,2021-05,SRR15003710
SA,2021-05,SRR15032898
SA,2021-05,SRR15001106
SA,2021-05,SRR15032852
SA,2021-05,SRR15032889
SA,2021-05,SRR15005062
SA,2021-05,SRR15001101
SA,2021-05,SRR15001078
SA,2021-05,SRR15005082
SA,2021-05,SRR15005125
SA,2021-05,SRR15061351
SA,2021-05,SRR15683253
SA,2021-05,SRR15001120
SA,2021-05,SRR15061365
SA,2021-05,SRR15061383
SA,2021-05,SRR15061345
SA,2021-05,SRR15032864
SA,2021-05,SRR15032922
SA,2021-05,SRR15005057
SA,2021-05,SRR15001107
SA,2021-05,SRR15005058
SA,2021-05,SRR15005054
SA,2021-05,SRR15001122
SA,2021-05,SRR15032874
SA,2021-05,SRR15003787
SA,2021-05,SRR15032882
SA,2021-05,SRR15061022
SA,2021-05,SRR15061384
SA,2021-05,SRR15032867
SA,2021-05,SRR15001073
SA,2021-05,SRR15032857
SA,2021-05,SRR15061336
SA,2021-05,SRR15001109
SA,2021-05,SRR15005108
SA,2021-05,SRR15032890
SA,2021-05,SRR15003699
SA,2021-05,SRR15061333
SA,2021-05,SRR15005084
SA,2021-05,SRR15005061
SA,2021-05,SRR15003788
SA,2021-05,SRR15032865
SA,2021-05,SRR15061361
SA,2021-05,SRR15061338
SA,2021-05,SRR15001125
SA,2021-05,SRR15032878
SA,2021-05,SRR15003887
SA,2021-05,SRR15032924
SA,2021-05,SRR15032901
SA,2021-05,SRR15032903
SA,2021-05,SRR15001069
SA,2021-05,SRR15003655
SA,2021-05,SRR15032919
SA,2021-05,SRR15001062
SA,2021-05,SRR15032913
SA,2021-05,SRR15003856
SA,2021-05,SRR15005066
SA,2021-05,SRR15061328
SA,2021-05,SRR20849245
SA,2021-05,SRR15001123
SA,2021-05,SRR15005122
SA,2021-05,SRR15061362
SA,2021-05,SRR15032934
SA,2021-05,SRR15032920
SA,2021-05,SRR15032869
SA,2021-05,SRR15005094
SA,2021-05,SRR15683078
SA,2021-05,SRR15032866
SA,2021-05,SRR15005083
SA,2021-05,SRR15001102
SA,2021-05,SRR15003776
SA,2021-05,SRR15061347
SA,2021-05,SRR15061356
SA,2021-05,SRR15032894
SA,2021-05,SRR15005116
SA,2021-05,SRR15005109
SA,2021-05,SRR15032905
SA,2021-05,SRR15032896
SA,2021-05,SRR15032851
SA,2021-05,SRR15005074
SA,2021-05,SRR15032897
SA,2021-05,SRR15676642
SA,2021-05,SRR15005056
SA,2021-05,SRR15060954
SA,2021-05,SRR15032904
SA,2021-05,SRR15005098
SA,2021-05,SRR15005093
SA,2021-05,SRR15061346
SA,2021-05,SRR20849377
SA,2021-05,SRR15001085
SA,2021-05,SRR15001105
SA,2021-05,SRR15032862
SA,2021-05,SRR15061342
SA,2021-05,SRR15061323
SA,2021-05,SRR15005073
SA,2021-05,SRR15032854
SA,2021-05,SRR15032921
SA,2021-05,SRR15061348
SA,2021-05,SRR15060989
SA,2021-05,SRR15032936
SA,2021-05,SRR15683238
SA,2021-05,SRR15061359
SA,2021-05,SRR15003743
SA,2021-05,SRR15005113
SA,2021-05,SRR14712054
SA,2021-05,SRR15001086
SA,2021-05,SRR15032900
SA,2021-05,SRR15061335
SA,2021-05,SRR15005050
SA,2021-05,SRR15032885
SA,2021-05,SRR15003847
SA,2021-05,SRR20849239
SA,2021-05,SRR15032881
SA,2021-05,SRR15061337
SA,2021-05,SRR14707764
SA,2021-05,SRR15061339
SA,2021-05,SRR15005095
SA,2021-05,SRR15001113
SA,2021-05,SRR15005096
SA,2021-05,SRR15001082
SA,2021-05,SRR15003848
SA,2021-05,SRR15061329
SA,2021-05,SRR15001119
SA,2021-05,SRR15032883
SA,2021-05,SRR15005059
SA,2021-05,SRR15061011
SA,2021-05,SRR15005110
SA,2021-05,SRR15032871
SA,2021-05,SRR15032858
SA,2021-05,SRR15003876
SA,2021-05,SRR20849375
SA,2021-05,SRR14757270
SA,2021-05,SRR15032863
SA,2021-05,SRR15032892
SA,2021-05,SRR15003853
SA,2021-05,SRR15003688
SA,2021-05,SRR15032929
SA,2021-05,SRR15032933
SA,2021-05,SRR15001075
SA,2021-05,SRR15001076
SA,2021-05,SRR15005090
SA,2021-05,SRR15001072
SA,2021-05,SRR15001098
SA,2021-05,SRR15032856
SA,2021-05,SRR15003898
SA,2021-05,SRR15003677
SA,2021-05,SRR15005087
SA,2021-05,SRR15003799
SA,2021-05,SRR15005101
SA,2021-05,SRR15001099
SA,2021-05,SRR15061325
SA,2021-05,SRR15032861
SA,2021-05,SRR15003851
SA,2021-05,SRR15032915
SA,2021-05,SRR15032853
SA,2021-05,SRR15060978
SA,2021-05,SRR15005060
SA,2021-05,SRR15061334
SA,2021-05,SRR15005051
SA,2021-06,SRR15509677
SA,2021-06,SRR15003659
SA,2021-06,SRR15000498
SA,2021-06,SRR15683316
SA,2021-06,SRR15061016
SA,2021-06,SRR15060982
SA,2021-06,SRR15060958
SA,2021-06,SRR15003690
SA,2021-06,SRR15683280
SA,2021-06,SRR15003648
SA,2021-06,SRR15509715
SA,2021-06,SRR15683315
SA,2021-06,SRR20848823
SA,2021-06,SRR15256791
SA,2021-06,SRR15001112
SA,2021-06,SRR15306809
SA,2021-06,SRR15256631
SA,2021-06,SRR15000505
SA,2021-06,SRR15000503
SA,2021-06,SRR15003638
SA,2021-06,SRR15032917
SA,2021-06,SRR15060969
SA,2021-06,SRR15256750
SA,2021-06,SRR15509638
SA,2021-06,SRR15000500
SA,2021-06,SRR15256807
SA,2021-06,SRR15003884
SA,2021-06,SRR15683180
SA,2021-06,SRR15509688
SA,2021-06,SRR15683142
SA,2021-06,SRR20849363
SA,2021-06,SRR15256628
SA,2021-06,SRR15032931
SA,2021-06,SRR15256685
SA,2021-06,SRR15306808
SA,2021-06,SRR15256476
SA,2021-06,SRR16008816
SA,2021-06,SRR16009364
SA,2021-06,SRR15000479
SA,2021-06,SRR15683421
SA,2021-06,SRR15683696
SA,2021-06,SRR15003835
SA,2021-06,SRR15683113
SA,2021-06,SRR20849359
SA,2021-06,SRR15256540
SA,2021-06,SRR20848831
SA,2021-06,SRR15003709
SA,2021-06,SRR15032909
SA,2021-06,SRR15683513
SA,2021-06,SRR15256536
SA,2021-06,SRR22572478
SA,2021-06,SRR15003637
SA,2021-06,SRR15256581
SA,2021-06,SRR15003642
SA,2021-06,SRR15256559
SA,2021-06,SRR16008959
SA,2021-06,SRR15256544
SA,2021-06,SRR15509640
SA,2021-06,SRR15061004
SA,2021-06,SRR15683703
SA,2021-06,SRR15000520
SA,2021-06,SRR15683243
SA,2021-06,SRR15256696
SA,2021-06,SRR15256782
SA,2021-06,SRR15003673
SA,2021-06,SRR15256579
SA,2021-06,SRR15001089
SA,2021-06,SRR15256798
SA,2021-06,SRR15256492
SA,2021-06,SRR16008911
SA,2021-06,SRR15509666
SA,2021-06,SRR15509656
SA,2021-06,SRR16009095
SA,2021-06,SRR15256562
SA,2021-06,SRR15306787
SA,2021-06,SRR15003877
SA,2021-06,SRR15683164
SA,2021-06,SRR15000547
SA,2021-06,SRR15000522
SA,2021-06,SRR15509700
SA,2021-06,SRR15060963
SA,2021-06,SRR15683604
SA,2021-06,SRR15256488
SA,2021-06,SRR15001090
SA,2021-06,SRR20849338
SA,2021-06,SRR15003647
SA,2021-06,SRR16009380
SA,2021-06,SRR19326382
SA,2021-06,SRR15256690
SA,2021-06,SRR15509673
SA,2021-06,SRR16008940
SA,2021-06,SRR15256565
SA,2021-06,SRR15003838
SA,2021-06,SRR15256571
SA,2021-06,SRR15256555
SA,2021-06,SRR15003896
SA,2021-06,SRR15509709
SA,2021-06,SRR15061007
SA,2021-06,SRR20849234
SA,2021-06,SRR15683051
SA,2021-06,SRR15509686
SA,2021-06,SRR15000549
SA,2021-06,SRR15509645
SA,2021-06,SRR16008958
SA,2021-06,SRR15003850
SA,2021-06,SRR15256779
SA,2021-06,SRR15683242
SA,2021-06,SRR22572489
SA,2021-06,SRR15003839
SA,2021-06,SRR15256703
SA,2021-06,SRR15256580
SA,2021-06,SRR15061010
SA,2021-06,SRR15509678
SA,2021-06,SRR15683064
SA,2021-06,SRR15256803
SA,2021-06,SRR15032930
SA,2021-06,SRR15683061
SA,2021-06,SRR15256524
SA,2021-06,SRR15683570
SA,2021-06,SRR15683607
SA,2021-06,SRR15000533
SA,2021-06,SRR15060964
SA,2021-06,SRR20849358
SA,2021-06,SRR15683695
SA,2021-06,SRR15256515
SA,2021-06,SRR15256602
SA,2021-06,SRR15061008
SA,2021-06,SRR15000543
SA,2021-06,SRR15032850
SA,2021-06,SRR15306776
SA,2021-06,SRR15683183
SA,2021-06,SRR15256514
SA,2021-06,SRR15032873
SA,2021-06,SRR15509694
SA,2021-06,SRR15256744
SA,2021-06,SRR15256597
SA,2021-06,SRR15509681
SA,2021-06,SRR15256695
SA,2021-06,SRR15003694
SA,2021-06,SRR15061005
SA,2021-06,SRR22572485
SA,2021-06,SRR15060984
SA,2021-06,SRR15683319
SA,2021-06,SRR20849238
SA,2021-06,SRR15256784
SA,2021-06,SRR15061003
SA,2021-06,SRR15683321
SA,2021-06,SRR15306799
SA,2021-06,SRR15256662
SA,2021-06,SRR15306798
SA,2021-06,SRR15256600
SA,2021-06,SRR16009098
SA,2021-06,SRR16008897
SA,2021-06,SRR15003689
SA,2021-06,SRR15256754
SA,2021-06,SRR15256738
SA,2021-06,SRR15003636
SA,2021-06,SRR15683334
SA,2021-06,SRR15000524
SA,2021-06,SRR15003657
SA,2021-06,SRR15003706
SA,2021-06,SRR15509665
SA,2021-06,SRR20848824
SA,2021-06,SRR15509719
SA,2021-06,SRR20848822
SA,2021-06,SRR15306834
SA,2021-06,SRR15000541
SA,2021-06,SRR15256586
SA,2021-06,SRR15256582
SA,2021-06,SRR15683603
SA,2021-06,SRR15256711
SA,2021-06,SRR15256774
SA,2021-06,SRR15060990
SA,2021-06,SRR15256799
SA,2021-06,SRR15000484
SA,2021-06,SRR15683605
SA,2021-06,SRR15683208
SA,2021-06,SRR15003662
SA,2021-06,SRR15509721
SA,2021-06,SRR16009366
SA,2021-06,SRR15683325
SA,2021-06,SRR16008949
SA,2021-06,SRR15509679
SA,2021-06,SRR19326383
SA,2021-06,SRR22573428
SA,2021-06,SRR16009361
SA,2021-06,SRR15256670
SA,2021-06,SRR15003712
SA,2021-06,SRR16009374
SA,2021-06,SRR15000476
SA,2021-06,SRR15683212
SA,2021-06,SRR15683184
SA,2021-06,SRR15683672
SA,2021-06,SRR15256745
SA,2021-06,SRR15003861
SA,2021-06,SRR15256752
SA,2021-06,SRR15003652
SA,2021-06,SRR15509663
SA,2021-06,SRR15256497
SA,2021-06,SRR22573613
SA,2021-07,SRR19326561
SA,2021-07,SRR15676653
SA,2021-07,SRR15306794
SA,2021-07,SRR15683348
SA,2021-07,SRR15683265
SA,2021-07,SRR15683197
SA,2021-07,SRR15676792
SA,2021-07,SRR15676612
SA,2021-07,SRR20849335
SA,2021-07,SRR16009409
SA,2021-07,SRR15566770
SA,2021-07,SRR18556980
SA,2021-07,SRR15702292
SA,2021-07,SRR15306819
SA,2021-07,SRR15306815
SA,2021-07,SRR15676570
SA,2021-07,SRR15683186
SA,2021-07,SRR15683218
SA,2021-07,SRR16009192
SA,2021-07,SRR18557004
SA,2021-07,SRR15306797
SA,2021-07,SRR18240340
SA,2021-07,SRR15683124
SA,2021-07,SRR20848810
SA,2021-07,SRR15702287
SA,2021-07,SRR15683190
SA,2021-07,SRR16008874
SA,2021-07,SRR18556977
SA,2021-07,SRR15683354
SA,2021-07,SRR15256640
SA,2021-07,SRR15676840
SA,2021-07,SRR15702293
SA,2021-07,SRR15683488
SA,2021-07,SRR15676826
SA,2021-07,SRR15683161
SA,2021-07,SRR15683481
SA,2021-07,SRR15676568
SA,2021-07,SRR15683612
SA,2021-07,SRR15676600
SA,2021-07,SRR15683530
SA,2021-07,SRR15683496
SA,2021-07,SRR18557008
SA,2021-07,SRR15683307
SA,2021-07,SRR15306849
SA,2021-07,SRR16008919
SA,2021-07,SRR16009351
SA,2021-07,SRR15676741
SA,2021-07,SRR15683609
SA,2021-07,SRR15566753
SA,2021-07,SRR16009424
SA,2021-07,SRR15683387
SA,2021-07,SRR19326470
SA,2021-07,SRR19326215
SA,2021-07,SRR15683564
SA,2021-07,SRR18240485
SA,2021-07,SRR15683108
SA,2021-07,SRR15566734
SA,2021-07,SRR15566685
SA,2021-07,SRR20849246
SA,2021-07,SRR15683206
SA,2021-07,SRR15683379
SA,2021-07,SRR15566755
SA,2021-07,SRR15676608
SA,2021-07,SRR16008898
SA,2021-07,SRR19326521
SA,2021-07,SRR15683572
SA,2021-07,SRR15676847
SA,2021-07,SRR15683584
SA,2021-07,SRR15683520
SA,2021-07,SRR15683149
SA,2021-07,SRR20849316
SA,2021-07,SRR15683329
SA,2021-07,SRR20849380
SA,2021-07,SRR20848806
SA,2021-07,SRR15566738
SA,2021-07,SRR18557019
SA,2021-07,SRR19326501
SA,2021-07,SRR15676883
SA,2021-07,SRR16009336
SA,2021-07,SRR15676848
SA,2021-07,SRR16008925
SA,2021-07,SRR15683611
SA,2021-07,SRR15683337
SA,2021-07,SRR19326562
SA,2021-07,SRR18240330
SA,2021-07,SRR15683188
SA,2021-07,SRR22375985
SA,2021-07,SRR15683454
SA,2021-07,SRR15566706
SA,2021-07,SRR15683210
SA,2021-07,SRR15683435
SA,2021-07,SRR15683667
SA,2021-07,SRR15683332
SA,2021-07,SRR15566727
SA,2021-07,SRR15683152
SA,2021-07,SRR18240427
SA,2021-07,SRR15683433
SA,2021-07,SRR15683156
SA,2021-07,SRR20848838
SA,2021-07,SRR16009180
SA,2021-07,SRR15683656
SA,2021-07,SRR20848792
SA,2021-07,SRR16008918
SA,2021-07,SRR15676799
SA,2021-07,SRR15683308
SA,2021-07,SRR15683270
SA,2021-07,SRR16009356
SA,2021-07,SRR15683304
SA,2021-07,SRR18556968
SA,2021-07,SRR15702306
SA,2021-07,SRR18556949
SA,2021-07,SRR15683663
SA,2021-07,SRR15683565
SA,2021-07,SRR15676788
SA,2021-07,SRR16009237
SA,2021-07,SRR16009142
SA,2021-07,SRR15676565
SA,2021-07,SRR15566688
SA,2021-07,SRR15676649
SA,2021-07,SRR15676820
SA,2021-07,SRR19326468
SA,2021-07,SRR15676841
SA,2021-07,SRR20849348
SA,2021-07,SRR18556993
SA,2021-07,SRR15566722
SA,2021-07,SRR15683632
SA,2021-07,SRR15683624
SA,2021-07,SRR18556992
SA,2021-07,SRR16008943
SA,2021-07,SRR16009293
SA,2021-07,SRR15683279
SA,2021-07,SRR16009427
SA,2021-07,SRR15256651
SA,2021-07,SRR15676659
SA,2021-07,SRR20849352
SA,2021-07,SRR16009352
SA,2021-07,SRR19326564
SA,2021-07,SRR15683388
SA,2021-07,SRR15702328
SA,2021-07,SRR15676837
SA,2021-07,SRR16008899
SA,2021-07,SRR15256632
SA,2021-07,SRR15683305
SA,2021-07,SRR16009183
SA,2021-07,SRR15683067
SA,2021-07,SRR16009208
SA,2021-07,SRR15676629
SA,2021-07,SRR19326288
SA,2021-07,SRR15683398
SA,2021-07,SRR19326560
SA,2021-07,SRR15683592
SA,2021-07,SRR15676844
SA,2021-07,SRR16009357
SA,2021-07,SRR16009296
SA,2021-07,SRR15256621
SA,2021-07,SRR18556998
SA,2021-07,SRR15683453
SA,2021-07,SRR16009096
SA,2021-07,SRR15256712
SA,2021-07,SRR15676654
SA,2021-07,SRR15683567
SA,2021-07,SRR15683417
SA,2021-07,SRR15683233
SA,2021-07,SRR15566710
SA,2021-07,SRR15683250
SA,2021-07,SRR15566767
SA,2021-07,SRR16009086
SA,2021-07,SRR15566733
SA,2021-07,SRR16009313
SA,2021-07,SRR15676743
SA,2021-07,SRR15676748
SA,2021-07,SRR20848850
SA,2021-07,SRR16009033
SA,2021-07,SRR16009418
SA,2021-07,SRR15676852
SA,2021-07,SRR16009290
SA,2021-07,SRR18557014
SA,2021-07,SRR15702294
SA,2021-07,SRR15683154
SA,2021-07,SRR15683128
SA,2021-07,SRR15683427
SA,2021-07,SRR20849320
SA,2021-07,SRR15683591
SA,2021-07,SRR16008824
SA,2021-07,SRR16009253
SA,2021-07,SRR16008879
SA,2021-07,SRR15676724
SA,2021-07,SRR15683272
SA,2021-07,SRR15683200
SA,2021-07,SRR15566723
SA,2021-07,SRR15683484
SA,2021-07,SRR15306767
SA,2021-07,SRR18556975
SA,2021-07,SRR16009428
SA,2021-07,SRR15683213
SA,2021-07,SRR18556976
SA,2021-07,SRR15256641
SA,2021-07,SRR15566737
SA,2021-07,SRR19326476
SA,2021-07,SRR15566712
SA,2021-08,SRR18240359
SA,2021-08,SRR15676774
SA,2021-08,SRR15676623
SA,2021-08,SRR18848190
SA,2021-08,SRR16009056
SA,2021-08,SRR16008998
SA,2021-08,SRR16008973
SA,2021-08,SRR15676890
SA,2021-08,SRR18848185
SA,2021-08,SRR15676763
SA,2021-08,SRR18240507
SA,2021-08,SRR18848189
SA,2021-08,SRR19326556
SA,2021-08,SRR16298723
SA,2021-08,SRR15676722
SA,2021-08,SRR18240199
SA,2021-08,SRR16009325
SA,2021-08,SRR15676632
SA,2021-08,SRR15676628
SA,2021-08,SRR15676729
SA,2021-08,SRR16008967
SA,2021-08,SRR16008985
SA,2021-08,SRR16298480
SA,2021-08,SRR18240212
SA,2021-08,SRR15676625
SA,2021-08,SRR16298781
SA,2021-08,SRR16008859
SA,2021-08,SRR18554262
SA,2021-08,SRR18240372
SA,2021-08,SRR18554246
SA,2021-08,SRR20848837
SA,2021-08,SRR16009321
SA,2021-08,SRR16008969
SA,2021-08,SRR16009392
SA,2021-08,SRR18240198
SA,2021-08,SRR16009059
SA,2021-08,SRR18848437
SA,2021-08,SRR19326463
SA,2021-08,SRR15676578
SA,2021-08,SRR18848252
SA,2021-08,SRR18848433
SA,2021-08,SRR15702324
SA,2021-08,SRR18554242
SA,2021-08,SRR20848812
SA,2021-08,SRR16009163
SA,2021-08,SRR19326485
SA,2021-08,SRR15702320
SA,2021-08,SRR16008964
SA,2021-08,SRR18848256
SA,2021-08,SRR16009159
SA,2021-08,SRR20849228
SA,2021-08,SRR15676728
SA,2021-08,SRR16009231
SA,2021-08,SRR15676757
SA,2021-08,SRR16009206
SA,2021-08,SRR19326437
SA,2021-08,SRR16009168
SA,2021-08,SRR18240215
SA,2021-08,SRR16009020
SA,2021-08,SRR18848435
SA,2021-08,SRR15676671
SA,2021-08,SRR18848178
SA,2021-08,SRR16009404
SA,2021-08,SRR16298663
SA,2021-08,SRR15676868
SA,2021-08,SRR16009228
SA,2021-08,SRR15676712
SA,2021-08,SRR16298758
SA,2021-08,SRR16009077
SA,2021-08,SRR19326325
SA,2021-08,SRR18240346
SA,2021-08,SRR18240285
SA,2021-08,SRR16009210
SA,2021-08,SRR18240185
SA,2021-08,SRR16008852
SA,2021-08,SRR18554249
SA,2021-08,SRR15676702
SA,2021-08,SRR15676673
SA,2021-08,SRR18240385
SA,2021-08,SRR16008978
SA,2021-08,SRR18848283
SA,2021-08,SRR16009072
SA,2021-08,SRR15676713
SA,2021-08,SRR19326540
SA,2021-08,SRR15676761
SA,2021-08,SRR19326450
SA,2021-08,SRR19326458
SA,2021-08,SRR16009398
SA,2021-08,SRR18240354
SA,2021-08,SRR16009213
SA,2021-08,SRR15702329
SA,2021-08,SRR16009220
SA,2021-08,SRR16009199
SA,2021-08,SRR16008881
SA,2021-08,SRR18240501
SA,2021-08,SRR16009023
SA,2021-08,SRR19326493
SA,2021-08,SRR18240516
SA,2021-08,SRR18240370
SA,2021-08,SRR15676704
SA,2021-08,SRR18240221
SA,2021-08,SRR19326297
SA,2021-08,SRR15702338
SA,2021-08,SRR16298603
SA,2021-08,SRR18848177
SA,2021-08,SRR22375977
SA,2021-08,SRR15702330
SA,2021-08,SRR16087118
SA,2021-08,SRR16009230
SA,2021-08,SRR16009026
SA,2021-08,SRR18240360
SA,2021-08,SRR18554231
SA,2021-08,SRR16298777
SA,2021-08,SRR16008968
SA,2021-08,SRR18240518
SA,2021-08,SRR16009136
SA,2021-08,SRR18848261
SA,2021-08,SRR18848302
SA,2021-08,SRR15676685
SA,2021-08,SRR16008979
SA,2021-08,SRR20848805
SA,2021-08,SRR16009126
SA,2021-08,SRR16009300
SA,2021-08,SRR16009024
SA,2021-08,SRR15676697
SA,2021-08,SRR16008884
SA,2021-08,SRR16298798
SA,2021-08,SRR18554265
SA,2021-08,SRR16009125
SA,2021-08,SRR16008885
SA,2021-08,SRR18240378
SA,2021-08,SRR16298430
SA,2021-08,SRR16009270
SA,2021-08,SRR18240364
SA,2021-08,SRR16009403
SA,2021-08,SRR15702267
SA,2021-08,SRR16009021
SA,2021-08,SRR20849345
SA,2021-08,SRR16009001
SA,2021-08,SRR18848202
SA,2021-08,SRR19326503
SA,2021-08,SRR16298681
SA,2021-08,SRR16009019
SA,2021-08,SRR18848223
SA,2021-08,SRR18240193
SA,2021-08,SRR16009331
SA,2021-08,SRR18240192
SA,2021-08,SRR16009274
SA,2021-08,SRR19326381
SA,2021-08,SRR18848426
SA,2021-08,SRR15676889
SA,2021-08,SRR16298484
SA,2021-08,SRR16298347
SA,2021-08,SRR15676727
SA,2021-08,SRR18848248
SA,2021-08,SRR15676676
SA,2021-08,SRR15676772
SA,2021-08,SRR15702302
SA,2021-08,SRR18240345
SA,2021-08,SRR19326465
SA,2021-08,SRR18240513
SA,2021-08,SRR19326462
SA,2021-08,SRR18240206
SA,2021-08,SRR15676695
SA,2021-08,SRR16009258
SA,2021-08,SRR16009232
SA,2021-08,SRR18848245
SA,2021-08,SRR16087208
SA,2021-08,SRR16298591
SA,2021-08,SRR16009006
SA,2021-08,SRR16298769
SA,2021-08,SRR15676584
SA,2021-08,SRR18848247
SA,2021-08,SRR18848101
SA,2021-08,SRR15676857
SA,2021-08,SRR18240515
SA,2021-08,SRR19326439
SA,2021-08,SRR19326265
SA,2021-08,SRR18240362
SA,2021-08,SRR19326461
SA,2021-08,SRR22561824
SA,2021-08,SRR19326431
SA,2021-08,SRR16009340
SA,2021-08,SRR15702322
SA,2021-08,SRR19326298
SA,2021-08,SRR15676575
SA,2021-08,SRR18848112
SA,2021-08,SRR18554266
SA,2021-08,SRR18848272
SA,2021-08,SRR16298441
SA,2021-08,SRR15702345
SA,2021-08,SRR16298482
SA,2021-08,SRR15676767
SA,2021-08,SRR18240294
SA,2021-08,SRR16009106
SA,2021-08,SRR22561830
SA,2021-08,SRR18848131
SA,2021-08,SRR19326228
SA,2021-08,SRR19326497
SA,2021-08,SRR18848250
SA,2021-09,SRR16298465
SA,2021-09,SRR16298271
SA,2021-09,SRR17006764
SA,2021-09,SRR16298805
SA,2021-09,SRR16298743
SA,2021-09,SRR16298540
SA,2021-09,SRR16298443
SA,2021-09,SRR16298407
SA,2021-09,SRR18848378
SA,2021-09,SRR16298286
SA,2021-09,SRR16298281
SA,2021-09,SRR16298422
SA,2021-09,SRR16298728
SA,2021-09,SRR16298765
SA,2021-09,SRR19326506
SA,2021-09,SRR16298274
SA,2021-09,SRR16298680
SA,2021-09,SRR18848372
SA,2021-09,SRR16298737
SA,2021-09,SRR19049614
SA,2021-09,SRR17006770
SA,2021-09,SRR16298229
SA,2021-09,SRR16298583
SA,2021-09,SRR18848379
SA,2021-09,SRR18848153
SA,2021-09,SRR16298575
SA,2021-09,SRR16298720
SA,2021-09,SRR18848145
SA,2021-09,SRR16298420
SA,2021-09,SRR18848282
SA,2021-09,SRR16298429
SA,2021-09,SRR18848211
SA,2021-09,SRR18848161
SA,2021-09,SRR17006687
SA,2021-09,SRR16298311
SA,2021-09,SRR19049749
SA,2021-09,SRR16298502
SA,2021-09,SRR18848279
SA,2021-09,SRR16298389
SA,2021-09,SRR17006827
SA,2021-09,SRR18848217
SA,2021-09,SRR16298665
SA,2021-09,SRR16298370
SA,2021-09,SRR16298316
SA,2021-09,SRR16298754
SA,2021-09,SRR17006819
SA,2021-09,SRR16298391
SA,2021-09,SRR16298439
SA,2021-09,SRR19049691
SA,2021-09,SRR18848225
SA,2021-09,SRR16298601
SA,2021-09,SRR18848237
SA,2021-09,SRR18848203
SA,2021-09,SRR16298708
SA,2021-09,SRR17006692
SA,2021-09,SRR16298374
SA,2021-09,SRR16298619
SA,2021-09,SRR16298602
SA,2021-09,SRR19326152
SA,2021-09,SRR18848281
SA,2021-09,SRR17006753
SA,2021-09,SRR16298730
SA,2021-09,SRR18848117
SA,2021-09,SRR16298339
SA,2021-09,SRR16298757
SA,2021-09,SRR17006873
SA,2021-09,SRR18848331
SA,2021-09,SRR17006749
SA,2021-09,SRR16298362
SA,2021-09,SRR16298711
SA,2021-09,SRR17006871
SA,2021-09,SRR16298715
SA,2021-09,SRR19326419
SA,2021-09,SRR18848319
SA,2021-09,SRR19049738
SA,2021-09,SRR16298548
SA,2021-09,SRR17006688
SA,2021-09,SRR16298810
SA,2021-09,SRR17006684
SA,2021-09,SRR18848392
SA,2021-09,SRR18848326
SA,2021-09,SRR18848218
SA,2021-09,SRR16298538
SA,2021-09,SRR19326519
SA,2021-09,SRR19326374
SA,2021-09,SRR16298416
SA,2021-09,SRR16298319
SA,2021-09,SRR16298460
SA,2021-09,SRR16298570
SA,2021-09,SRR16298584
SA,2021-09,SRR16298356
SA,2021-09,SRR18848295
SA,2021-09,SRR18848287
SA,2021-09,SRR19326250
SA,2021-09,SRR16298819
SA,2021-09,SRR16298240
SA,2021-09,SRR16298471
SA,2021-09,SRR17006828
SA,2021-09,SRR18848406
SA,2021-09,SRR16298580
SA,2021-09,SRR19049708
SA,2021-09,SRR16298221
SA,2021-09,SRR17006685
SA,2021-09,SRR19326425
SA,2021-09,SRR16298634
SA,2021-09,SRR19326514
SA,2021-09,SRR16298451
SA,2021-09,SRR17006838
SA,2021-09,SRR18848268
SA,2021-09,SRR16298598
SA,2021-09,SRR16298216
SA,2021-09,SRR18848116
SA,2021-09,SRR19326349
SA,2021-09,SRR16298257
SA,2021-09,SRR16298466
SA,2021-09,SRR18848220
SA,2021-09,SRR17006856
SA,2021-09,SRR16298793
SA,2021-09,SRR16298343
SA,2021-09,SRR16298796
SA,2021-09,SRR16298404
SA,2021-09,SRR19326343
SA,2021-09,SRR16298368
SA,2021-09,SRR16298504
SA,2021-09,SRR16298510
SA,2021-09,SRR19326268
SA,2021-09,SRR16298607
SA,2021-09,SRR18848380
SA,2021-09,SRR16298713
SA,2021-09,SRR16298686
SA,2021-09,SRR17006865
SA,2021-09,SRR18848267
SA,2021-09,SRR19049560
SA,2021-09,SRR19326545
SA,2021-09,SRR19049646
SA,2021-09,SRR16298493
SA,2021-09,SRR16298812
SA,2021-09,SRR16298748
SA,2021-09,SRR16298357
SA,2021-09,SRR18848148
SA,2021-09,SRR16298262
SA,2021-09,SRR16298760
SA,2021-09,SRR16298230
SA,2021-09,SRR16298373
SA,2021-09,SRR16298345
SA,2021-09,SRR16298756
SA,2021-09,SRR16298365
SA,2021-09,SRR16298285
SA,2021-09,SRR18848129
SA,2021-09,SRR19326537
SA,2021-09,SRR16298790
SA,2021-09,SRR17006771
SA,2021-09,SRR19326342
SA,2021-09,SRR16298718
SA,2021-09,SRR16298519
SA,2021-09,SRR19326261
SA,2021-09,SRR16298801
SA,2021-09,SRR18848343
SA,2021-09,SRR16298660
SA,2021-09,SRR16298424
SA,2021-09,SRR18848397
SA,2021-09,SRR18848200
SA,2021-09,SRR18848381
SA,2021-09,SRR18848352
SA,2021-09,SRR19326248
SA,2021-09,SRR16298334
SA,2021-09,SRR16298433
SA,2021-09,SRR16298350
SA,2021-09,SRR18848334
SA,2021-09,SRR18848150
SA,2021-09,SRR16298459
SA,2021-09,SRR16298814
SA,2021-09,SRR16298664
SA,2021-09,SRR19049613
SA,2021-09,SRR16298542
SA,2021-09,SRR16298645
SA,2021-09,SRR19326172
SA,2021-09,SRR16298816
SA,2021-09,SRR16298382
SA,2021-09,SRR19049601
SA,2021-09,SRR16298432
SA,2021-09,SRR16298327
SA,2021-09,SRR16298248
SA,2021-09,SRR16298787
SA,2021-09,SRR16298609
SA,2021-09,SRR18848342
SA,2021-09,SRR19326332
SA,2021-09,SRR16298717
SA,2021-09,SRR16298606
SA,2021-09,SRR18848280
SA,2021-09,SRR16298219
SA,2021-09,SRR18848307
SA,2021-09,SRR17006689
SA,2021-09,SRR19049726
SA,2021-09,SRR17006809
SA,2021-09,SRR19326344
SA,2021-09,SRR16298574
SA,2021-09,SRR16298659
SA,2021-09,SRR17006834
SA,2021-09,SRR16298726
SA,2021-10,SRR17006723
SA,2021-10,SRR17006652
SA,2021-10,SRR17026789
SA,2021-10,SRR17014943
SA,2021-10,SRR17014931
SA,2021-10,SRR17006737
SA,2021-10,SRR17006718
SA,2021-10,SRR17090372
SA,2021-10,SRR17175915
SA,2021-10,SRR19326171
SA,2021-10,SRR17026788
SA,2021-10,SRR17006662
SA,2021-10,SRR17026800
SA,2021-10,SRR17006812
SA,2021-10,SRR17006648
SA,2021-10,SRR17006647
SA,2021-10,SRR17006663
SA,2021-10,SRR17006721
SA,2021-10,SRR17006725
SA,2021-10,SRR17024200
SA,2021-10,SRR17026803
SA,2021-10,SRR17006646
SA,2021-10,SRR17026792
SA,2021-10,SRR17006716
SA,2021-10,SRR17090382
SA,2021-10,SRR17026815
SA,2021-10,SRR17090378
SA,2021-10,SRR19326199
SA,2021-10,SRR17006811
SA,2021-10,SRR17006722
SA,2021-10,SRR19326307
SA,2021-10,SRR17026799
SA,2021-10,SRR19326305
SA,2021-10,SRR17175942
SA,2021-10,SRR19326164
SA,2021-10,SRR17006641
SA,2021-10,SRR17175920
SA,2021-10,SRR17175941
SA,2021-10,SRR17006706
SA,2021-10,SRR17090377
SA,2021-10,SRR19326196
SA,2021-10,SRR17006782
SA,2021-10,SRR19326173
SA,2021-10,SRR17006705
SA,2021-10,SRR19326192
SA,2021-10,SRR17175926
SA,2021-10,SRR17006781
SA,2021-10,SRR17006670
SA,2021-10,SRR19326193
SA,2021-10,SRR17006792
SA,2021-10,SRR17006664
SA,2021-10,SRR17006786
SA,2021-10,SRR17006783
SA,2021-10,SRR19326189
SA,2021-10,SRR17006733
SA,2021-10,SRR19326167
SA,2021-10,SRR17006651
SA,2021-10,SRR17090385
SA,2021-10,SRR17014934
SA,2021-10,SRR17026786
SA,2021-10,SRR17006696
SA,2021-10,SRR17006791
SA,2021-10,SRR17006660
SA,2021-10,SRR17026790
SA,2021-10,SRR17006741
SA,2021-10,SRR17026809
SA,2021-10,SRR17026807
SA,2021-10,SRR17006787
SA,2021-10,SRR17026796
SA,2021-10,SRR17006715
SA,2021-10,SRR17090379
SA,2021-10,SRR17006657
SA,2021-10,SRR17175939
SA,2021-10,SRR17090368
SA,2021-10,SRR17006724
SA,2021-10,SRR17006740
SA,2021-10,SRR17175931
SA,2021-10,SRR19326191
SA,2021-10,SRR17006665
SA,2021-10,SRR19326151
SA,2021-10,SRR19326160
SA,2021-10,SRR17014933
SA,2021-10,SRR17026811
SA,2021-10,SRR17006788
SA,2021-10,SRR17006707
SA,2021-10,SRR17006789
SA,2021-10,SRR17006785
SA,2021-10,SRR17006719
SA,2021-10,SRR17090370
SA,2021-10,SRR17006734
SA,2021-10,SRR17026814
SA,2021-10,SRR17006658
SA,2021-10,SRR17026804
SA,2021-10,SRR19326183
SA,2021-10,SRR17006709
SA,2021-10,SRR17026785
SA,2021-10,SRR17006728
SA,2021-10,SRR17090376
SA,2021-10,SRR17014935
SA,2021-10,SRR17090381
SA,2021-10,SRR17006735
SA,2021-10,SRR17026791
SA,2021-10,SRR19326180
SA,2021-10,SRR17006778
SA,2021-10,SRR17006654
SA,2021-10,SRR17175913
SA,2021-10,SRR19326195
SA,2021-10,SRR17006746
SA,2021-10,SRR17006797
SA,2021-10,SRR17090371
SA,2021-10,SRR17006656
SA,2021-10,SRR17006720
SA,2021-10,SRR17026794
SA,2021-10,SRR19049606
SA,2021-10,SRR19326177
SA,2021-10,SRR17014945
SA,2021-10,SRR17006796
SA,2021-10,SRR17175937
SA,2021-10,SRR17006701
SA,2021-10,SRR19326200
SA,2021-10,SRR17006700
SA,2021-10,SRR17006729
SA,2021-10,SRR17175934
SA,2021-10,SRR17175927
SA,2021-10,SRR17014926
SA,2021-10,SRR17026802
SA,2021-10,SRR19326168
SA,2021-10,SRR17026808
SA,2021-10,SRR17175930
SA,2021-10,SRR17024201
SA,2021-10,SRR17014944
SA,2021-10,SRR19326153
SA,2021-10,SRR19326363
SA,2021-10,SRR17006693
SA,2021-10,SRR19326158
SA,2021-10,SRR17026797
SA,2021-10,SRR17090384
SA,2021-10,SRR17026798
SA,2021-10,SRR19326161
SA,2021-10,SRR17175919
SA,2021-10,SRR17006742
SA,2021-10,SRR17175914
SA,2021-10,SRR17175918
SA,2021-10,SRR17006714
SA,2021-10,SRR17014939
SA,2021-10,SRR17090383
SA,2021-10,SRR17026787
SA,2021-10,SRR17006697
SA,2021-10,SRR17006736
SA,2021-10,SRR17014927
SA,2021-10,SRR19326169
SA,2021-10,SRR17014941
SA,2021-10,SRR17024206
SA,2021-10,SRR17026806
SA,2021-10,SRR17014929
SA,2021-10,SRR17026801
SA,2021-10,SRR17175932
SA,2021-10,SRR17006699
SA,2021-10,SRR17006793
SA,2021-10,SRR17006748
SA,2021-10,SRR17090366
SA,2021-10,SRR19326162
SA,2021-10,SRR17006703
SA,2021-10,SRR19326157
SA,2021-10,SRR19326361
SA,2021-10,SRR17026805
SA,2021-10,SRR17006638
SA,2021-10,SRR19326182
SA,2021-10,SRR17090375
SA,2021-10,SRR17006698
SA,2021-10,SRR17006730
SA,2021-10,SRR19326198
SA,2021-10,SRR19326149
SA,2021-10,SRR17006653
SA,2021-10,SRR17024202
SA,2021-10,SRR17006704
SA,2021-10,SRR17006747
SA,2021-10,SRR17006784
SA,2021-10,SRR17006743
SA,2021-10,SRR19326185
SA,2021-10,SRR17006659
SA,2021-10,SRR17006713
SA,2021-10,SRR17090367
SA,2021-10,SRR17026810
SA,2021-10,SRR17014932
SA,2021-10,SRR17006790
SA,2021-10,SRR17026813
SA,2021-10,SRR19326303
SA,2021-10,SRR17006642
SA,2021-10,SRR17006795
SA,2021-10,SRR17006712
SA,2021-10,SRR17026795
SA,2021-10,SRR17006695
SA,2021-10,SRR19326194
SA,2021-10,SRR17006744
SA,2021-10,SRR17006650
SA,2021-10,SRR17006732
SA,2021-10,SRR17175938
SA,2021-10,SRR17014938
SA,2021-10,SRR17006779
SA,2021-11,SRR17051912
SA,2021-11,SRR17014952
SA,2021-11,SRR17088925
SA,2021-11,SRR17088910
SA,2021-11,SRR17088899
SA,2021-11,SRR17051926
SA,2021-11,SRR17051907
SA,2021-11,SRR17051899
SA,2021-11,SRR17461720
SA,2021-11,SRR17014956
SA,2021-11,SRR17014955
SA,2021-11,SRR17051902
SA,2021-11,SRR17088896
SA,2021-11,SRR17088904
SA,2021-11,SRR17461962
SA,2021-11,SRR17014953
SA,2021-11,SRR17054502
SA,2021-11,SRR17461718
SA,2021-11,SRR17088897
SA,2021-11,SRR17461785
SA,2021-11,SRR17138843
SA,2021-11,SRR17712994
SA,2021-11,SRR17461711
SA,2021-11,SRR17461762
SA,2021-11,SRR17014892
SA,2021-11,SRR17175924
SA,2021-11,SRR17461710
SA,2021-11,SRR17051895
SA,2021-11,SRR17138871
SA,2021-11,SRR17054509
SA,2021-11,SRR17051942
SA,2021-11,SRR17461923
SA,2021-11,SRR17041378
SA,2021-11,SRR17051910
SA,2021-11,SRR17175925
SA,2021-11,SRR17051941
SA,2021-11,SRR17014966
SA,2021-11,SRR17014963
SA,2021-11,SRR17051952
SA,2021-11,SRR17014964
SA,2021-11,SRR17051946
SA,2021-11,SRR17712969
SA,2021-11,SRR17051943
SA,2021-11,SRR17138847
SA,2021-11,SRR17051922
SA,2021-11,SRR17461886
SA,2021-11,SRR17014951
SA,2021-11,SRR17138879
SA,2021-11,SRR17088902
SA,2021-11,SRR17088922
SA,2021-11,SRR17041370
SA,2021-11,SRR17051951
SA,2021-11,SRR17014960
SA,2021-11,SRR17088926
SA,2021-11,SRR17051930
SA,2021-11,SRR17461716
SA,2021-11,SRR17138853
SA,2021-11,SRR17138851
SA,2021-11,SRR17051947
SA,2021-11,SRR17088932
SA,2021-11,SRR17051904
SA,2021-11,SRR17138873
SA,2021-11,SRR17014957
SA,2021-11,SRR17461784
SA,2021-11,SRR17138862
SA,2021-11,SRR17051913
SA,2021-11,SRR17175935
SA,2021-11,SRR17051929
SA,2021-11,SRR17461913
SA,2021-11,SRR17051914
SA,2021-11,SRR17014965
SA,2021-11,SRR17461792
SA,2021-11,SRR17461820
SA,2021-11,SRR17088901
SA,2021-11,SRR17138855
SA,2021-11,SRR17051948
SA,2021-11,SRR17051896
SA,2021-11,SRR17051949
SA,2021-11,SRR17051945
SA,2021-11,SRR17051908
SA,2021-11,SRR17138864
SA,2021-11,SRR17051923
SA,2021-11,SRR17138872
SA,2021-11,SRR17138867
SA,2021-11,SRR17138858
SA,2021-11,SRR17014958
SA,2021-11,SRR17138848
SA,2021-11,SRR17461672
SA,2021-11,SRR17051898
SA,2021-11,SRR17088921
SA,2021-11,SRR17051917
SA,2021-11,SRR17175936
SA,2021-11,SRR17088903
SA,2021-11,SRR17461699
SA,2021-11,SRR17051924
SA,2021-11,SRR17138856
SA,2021-11,SRR17138869
SA,2021-11,SRR17088927
SA,2021-11,SRR17051911
SA,2021-11,SRR17138868
SA,2021-11,SRR17051938
SA,2021-11,SRR17014954
SA,2021-11,SRR17461713
SA,2021-11,SRR17014948
SA,2021-11,SRR17051935
SA,2021-11,SRR17054503
SA,2021-11,SRR17175923
SA,2021-11,SRR17712787
SA,2021-11,SRR17051909
SA,2021-11,SRR17088930
SA,2021-11,SRR17138863
SA,2021-11,SRR17138859
SA,2021-11,SRR17088912
SA,2021-11,SRR17461978
SA,2021-11,SRR17461782
SA,2021-11,SRR17041375
SA,2021-11,SRR17461786
SA,2021-11,SRR17041374
SA,2021-11,SRR17051918
SA,2021-11,SRR17088928
SA,2021-11,SRR17461781
SA,2021-11,SRR17461721
SA,2021-11,SRR17138842
SA,2021-11,SRR17054510
SA,2021-11,SRR17138845
SA,2021-11,SRR17461714
SA,2021-11,SRR17461789
SA,2021-11,SRR17461848
SA,2021-11,SRR17138850
SA,2021-11,SRR17088915
SA,2021-11,SRR17088911
SA,2021-11,SRR17461793
SA,2021-11,SRR18240252
SA,2021-11,SRR17014968
SA,2021-11,SRR17461809
SA,2021-11,SRR17461875
SA,2021-11,SRR17461837
SA,2021-11,SRR17138860
SA,2021-11,SRR17051953
SA,2021-11,SRR17138874
SA,2021-11,SRR17461989
SA,2021-11,SRR17051919
SA,2021-11,SRR17014903
SA,2021-11,SRR17014969
SA,2021-11,SRR17138861
SA,2021-11,SRR17461831
SA,2021-11,SRR17461746
SA,2021-11,SRR17461735
SA,2021-11,SRR17461804
SA,2021-11,SRR17461945
SA,2021-11,SRR17138865
SA,2021-11,SRR17014883
SA,2021-11,SRR17088907
SA,2021-11,SRR17138841
SA,2021-11,SRR17461946
SA,2021-11,SRR17088906
SA,2021-11,SRR17041372
SA,2021-11,SRR17088918
SA,2021-11,SRR17088920
SA,2021-11,SRR17014962
SA,2021-11,SRR17461722
SA,2021-11,SRR17461969
SA,2021-11,SRR17701850
SA,2021-11,SRR17138857
SA,2021-11,SRR17041377
SA,2021-11,SRR17054508
SA,2021-11,SRR17051936
SA,2021-11,SRR17712995
SA,2021-11,SRR17051932
SA,2021-11,SRR17461700
SA,2021-11,SRR17014959
SA,2021-11,SRR17701851
SA,2021-11,SRR17461677
SA,2021-11,SRR17712997
SA,2021-11,SRR17461717
SA,2021-11,SRR17051954
SA,2021-11,SRR17138846
SA,2021-11,SRR17088908
SA,2021-11,SRR17051931
SA,2021-11,SRR17138876
SA,2021-11,SRR17138877
SA,2021-11,SRR17088917
SA,2021-11,SRR17138866
SA,2021-11,SRR17051901
SA,2021-11,SRR17712998
SA,2021-11,SRR17014970
SA,2021-11,SRR17014947
SA,2021-11,SRR17051944
SA,2021-11,SRR17051927
SA,2021-11,SRR17014950
SA,2021-11,SRR17051940
SA,2021-11,SRR17461712
SA,2021-11,SRR17461887
SA,2021-11,SRR17175912
SA,2021-11,SRR17461787
SA,2021-11,SRR17088905
SA,2021-11,SRR17051915
SA,2021-11,SRR17051925
SA,2021-11,SRR17014961
SA,2021-11,SRR17138875
SA,2021-12,SRR17712384
SA,2021-12,SRR17461935
SA,2021-12,SRR18240404
SA,2021-12,SRR17713038
SA,2021-12,SRR17712988
SA,2021-12,SRR17712470
SA,2021-12,SRR17712350
SA,2021-12,SRR18555724
SA,2021-12,SRR18555791
SA,2021-12,SRR18555948
SA,2021-12,SRR18240397
SA,2021-12,SRR17701819
SA,2021-12,SRR18555636
SA,2021-12,SRR17712962
SA,2021-12,SRR17461858
SA,2021-12,SRR17461856
SA,2021-12,SRR17701825
SA,2021-12,SRR17712377
SA,2021-12,SRR17712395
SA,2021-12,SRR17970957
SA,2021-12,SRR18555648
SA,2021-12,SRR17461853
SA,2021-12,SRR18532364
SA,2021-12,SRR17712343
SA,2021-12,SRR18555766
SA,2021-12,SRR18555697
SA,2021-12,SRR18555750
SA,2021-12,SRR23625280
SA,2021-12,SRR17712959
SA,2021-12,SRR17712381
SA,2021-12,SRR17712990
SA,2021-12,SRR18555635
SA,2021-12,SRR17712469
SA,2021-12,SRR18555863
SA,2021-12,SRR18555925
SA,2021-12,SRR17461708
SA,2021-12,SRR18555810
SA,2021-12,SRR18555860
SA,2021-12,SRR17701895
SA,2021-12,SRR18555746
SA,2021-12,SRR23625273
SA,2021-12,SRR17712677
SA,2021-12,SRR19326528
SA,2021-12,SRR17701891
SA,2021-12,SRR17712365
SA,2021-12,SRR19326389
SA,2021-12,SRR18555814
SA,2021-12,SRR17712672
SA,2021-12,SRR17701834
SA,2021-12,SRR17701824
SA,2021-12,SRR17712725
SA,2021-12,SRR17701829
SA,2021-12,SRR17712701
SA,2021-12,SRR18555902
SA,2021-12,SRR17712681
SA,2021-12,SRR18555650
SA,2021-12,SRR17712453
SA,2021-12,SRR18555861
SA,2021-12,SRR17461927
SA,2021-12,SRR18555780
SA,2021-12,SRR17713007
SA,2021-12,SRR18240259
SA,2021-12,SRR17701859
SA,2021-12,SRR19117190
SA,2021-12,SRR17712722
SA,2021-12,SRR17461971
SA,2021-12,SRR18240407
SA,2021-12,SRR17712607
SA,2021-12,SRR18555884
SA,2021-12,SRR18555675
SA,2021-12,SRR18555665
SA,2021-12,SRR18555941
SA,2021-12,SRR18555917
SA,2021-12,SRR17712705
SA,2021-12,SRR18555608
SA,2021-12,SRR17712336
SA,2021-12,SRR18555754
SA,2021-12,SRR17461960
SA,2021-12,SRR17461929
SA,2021-12,SRR18555709
SA,2021-12,SRR17712389
SA,2021-12,SRR18555824
SA,2021-12,SRR17712602
SA,2021-12,SRR17461972
SA,2021-12,SRR18555910
SA,2021-12,SRR23625259
SA,2021-12,SRR18555922
SA,2021-12,SRR17701833
SA,2021-12,SRR19326388
SA,2021-12,SRR19326396
SA,2021-12,SRR17713001
SA,2021-12,SRR18555682
SA,2021-12,SRR18555889
SA,2021-12,SRR17712708
SA,2021-12,SRR17701898
SA,2021-12,SRR17712714
SA,2021-12,SRR17712697
SA,2021-12,SRR17712357
SA,2021-12,SRR18555718
SA,2021-12,SRR17712457
SA,2021-12,SRR23624904
SA,2021-12,SRR18555731
SA,2021-12,SRR18555695
SA,2021-12,SRR17461963
SA,2021-12,SRR18555655
SA,2021-12,SRR19117184
SA,2021-12,SRR17712308
SA,2021-12,SRR18240253
SA,2021-12,SRR18555779
SA,2021-12,SRR17712432
SA,2021-12,SRR17701899
SA,2021-12,SRR17713010
SA,2021-12,SRR17712723
SA,2021-12,SRR17712460
SA,2021-12,SRR18555687
SA,2021-12,SRR18555736
SA,2021-12,SRR18240412
SA,2021-12,SRR17712378
SA,2021-12,SRR18555733
SA,2021-12,SRR17712658
SA,2021-12,SRR18555898
SA,2021-12,SRR18555819
SA,2021-12,SRR18555827
SA,2021-12,SRR17461941
SA,2021-12,SRR17712390
SA,2021-12,SRR18555876
SA,2021-12,SRR23625269
SA,2021-12,SRR18555859
SA,2021-12,SRR17712637
SA,2021-12,SRR17712796
SA,2021-12,SRR17712458
SA,2021-12,SRR17461956
SA,2021-12,SRR17712359
SA,2021-12,SRR18555597
SA,2021-12,SRR18555768
SA,2021-12,SRR17712636
SA,2021-12,SRR17712362
SA,2021-12,SRR18555703
SA,2021-12,SRR17970941
SA,2021-12,SRR17712791
SA,2021-12,SRR18555690
SA,2021-12,SRR17713006
SA,2021-12,SRR17701878
SA,2021-12,SRR17712454
SA,2021-12,SRR17701874
SA,2021-12,SRR17712434
SA,2021-12,SRR18555795
SA,2021-12,SRR23624916
SA,2021-12,SRR18240263
SA,2021-12,SRR17712452
SA,2021-12,SRR18555797
SA,2021-12,SRR18555615
SA,2021-12,SRR17712968
SA,2021-12,SRR18555614
SA,2021-12,SRR17712794
SA,2021-12,SRR19326309
SA,2021-12,SRR18555947
SA,2021-12,SRR17701873
SA,2021-12,SRR17970979
SA,2021-12,SRR17970935
SA,2021-12,SRR17701823
SA,2021-12,SRR18555806
SA,2021-12,SRR17461931
SA,2021-12,SRR17701842
SA,2021-12,SRR17701888
SA,2021-12,SRR18555674
SA,2021-12,SRR19326401
SA,2021-12,SRR18555844
SA,2021-12,SRR18555728
SA,2021-12,SRR19326399
SA,2021-12,SRR18555642
SA,2021-12,SRR17461954
SA,2021-12,SRR17712776
SA,2021-12,SRR17712726
SA,2021-12,SRR18555894
SA,2021-12,SRR17713016
SA,2021-12,SRR18240239
SA,2021-12,SRR17712440
SA,2021-12,SRR18240408
SA,2021-12,SRR17461835
SA,2021-12,SRR18555896
SA,2021-12,SRR18555771
SA,2021-12,SRR17701847
SA,2021-12,SRR18555730
SA,2021-12,SRR19326323
SA,2021-12,SRR18555801
SA,2021-12,SRR19117176
SA,2021-12,SRR18555820
SA,2021-12,SRR18555688
SA,2021-12,SRR19326397
SA,2021-12,SRR17701844
SA,2021-12,SRR19326316
SA,2021-12,SRR17712976
SA,2021-12,SRR17701893
SA,2021-12,SRR19117185
SA,2021-12,SRR17461705
SA,2021-12,SRR18555772
SA,2021-12,SRR18555769
SA,2021-12,SRR18555915
SA,2021-12,SRR17970942
SA,2022-01,SRR18556964
SA,2022-01,SRR17712562
SA,2022-01,SRR17712409
SA,2022-01,SRR17973937
SA,2022-01,SRR17970975
SA,2022-01,SRR17970947
SA,2022-01,SRR17712613
SA,2022-01,SRR17712551
SA,2022-01,SRR23624922
SA,2022-01,SRR18240237
SA,2022-01,SRR17712534
SA,2022-01,SRR18532347
SA,2022-01,SRR18047310
SA,2022-01,SRR17712417
SA,2022-01,SRR17712415
SA,2022-01,SRR17712541
SA,2022-01,SRR17970733
SA,2022-01,SRR17970961
SA,2022-01,SRR18054988
SA,2022-01,SRR18532365
SA,2022-01,SRR17712412
SA,2022-01,SRR18240303
SA,2022-01,SRR17712835
SA,2022-01,SRR22076602
SA,2022-01,SRR23625621
SA,2022-01,SRR18047307
SA,2022-01,SRR17970735
SA,2022-01,SRR18047338
SA,2022-01,SRR18532345
SA,2022-01,SRR17973943
SA,2022-01,SRR17712297
SA,2022-01,SRR17712736
SA,2022-01,SRR23625618
SA,2022-01,SRR18038033
SA,2022-01,SRR23625278
SA,2022-01,SRR17712731
SA,2022-01,SRR17970704
SA,2022-01,SRR18038029
SA,2022-01,SRR23625627
SA,2022-01,SRR17712540
SA,2022-01,SRR18038077
SA,2022-01,SRR17712546
SA,2022-01,SRR18038052
SA,2022-01,SRR18038037
SA,2022-01,SRR18532367
SA,2022-01,SRR17973924
SA,2022-01,SRR17712485
SA,2022-01,SRR18047349
SA,2022-01,SRR18055082
SA,2022-01,SRR17712579
SA,2022-01,SRR18038075
SA,2022-01,SRR17712525
SA,2022-01,SRR18240250
SA,2022-01,SRR17973959
SA,2022-01,SRR18556951
SA,2022-01,SRR18532385
SA,2022-01,SRR18038058
SA,2022-01,SRR18532332
SA,2022-01,SRR17712774
SA,2022-01,SRR17712514
SA,2022-01,SRR17712487
SA,2022-01,SRR17970953
SA,2022-01,SRR17973955
SA,2022-01,SRR17712526
SA,2022-01,SRR23625448
SA,2022-01,SRR17712550
SA,2022-01,SRR23625106
SA,2022-01,SRR23625133
SA,2022-01,SRR18047343
SA,2022-01,SRR18556958
SA,2022-01,SRR18038061
SA,2022-01,SRR17712739
SA,2022-01,SRR18038067
SA,2022-01,SRR18038048
SA,2022-01,SRR17970642
SA,2022-01,SRR17973927
SA,2022-01,SRR17712516
SA,2022-01,SRR18532373
SA,2022-01,SRR22076605
SA,2022-01,SRR17712750
SA,2022-01,SRR18055069
SA,2022-01,SRR23625630
SA,2022-01,SRR17712742
SA,2022-01,SRR18047352
SA,2022-01,SRR18038076
SA,2022-01,SRR17973930
SA,2022-01,SRR18240291
SA,2022-01,SRR17970734
SA,2022-01,SRR17973998
SA,2022-01,SRR17712499
SA,2022-01,SRR17970954
SA,2022-01,SRR23625595
SA,2022-01,SRR17973989
SA,2022-01,SRR18038098
SA,2022-01,SRR17973928
SA,2022-01,SRR17712510
SA,2022-01,SRR17970661
SA,2022-01,SRR18240473
SA,2022-01,SRR17973988
SA,2022-01,SRR17970672
SA,2022-01,SRR18047390
SA,2022-01,SRR18038093
SA,2022-01,SRR18047348
SA,2022-01,SRR17712644
SA,2022-01,SRR17973925
SA,2022-01,SRR23625628
SA,2022-01,SRR17970977
SA,2022-01,SRR23625307
SA,2022-01,SRR18240191
SA,2022-01,SRR17973923
SA,2022-01,SRR18532340
SA,2022-01,SRR18047316
SA,2022-01,SRR18532339
SA,2022-01,SRR18038096
SA,2022-01,SRR22243784
SA,2022-01,SRR22076595
SA,2022-01,SRR17712612
SA,2022-01,SRR18055009
SA,2022-01,SRR18047384
SA,2022-01,SRR17712539
SA,2022-01,SRR17712490
SA,2022-01,SRR17712560
SA,2022-01,SRR17712688
SA,2022-01,SRR23625164
SA,2022-01,SRR23625156
SA,2022-01,SRR18532353
SA,2022-01,SRR17712508
SA,2022-01,SRR18038082
SA,2022-01,SRR18038078
SA,2022-01,SRR18047358
SA,2022-01,SRR18055052
SA,2022-01,SRR17970986
SA,2022-01,SRR18240258
SA,2022-01,SRR17712303
SA,2022-01,SRR17712566
SA,2022-01,SRR22243792
SA,2022-01,SRR22076599
SA,2022-01,SRR23625138
SA,2022-01,SRR23625635
SA,2022-01,SRR22243787
SA,2022-01,SRR18047324
SA,2022-01,SRR17712734
SA,2022-01,SRR22076606
SA,2022-01,SRR17712294
SA,2022-01,SRR18532379
SA,2022-01,SRR18047391
SA,2022-01,SRR17712759
SA,2022-01,SRR18054991
SA,2022-01,SRR17712556
SA,2022-01,SRR17973964
SA,2022-01,SRR18532331
SA,2022-01,SRR23625306
SA,2022-01,SRR18532363
SA,2022-01,SRR18038070
SA,2022-01,SRR17712738
SA,2022-01,SRR18240224
SA,2022-01,SRR18055054
SA,2022-01,SRR17712291
SA,2022-01,SRR17973997
SA,2022-01,SRR18047379
SA,2022-01,SRR17712374
SA,2022-01,SRR18532341
SA,2022-01,SRR18038059
SA,2022-01,SRR17973973
SA,2022-01,SRR17970970
SA,2022-01,SRR17712501
SA,2022-01,SRR17970971
SA,2022-01,SRR22243789
SA,2022-01,SRR17712532
SA,2022-01,SRR18047376
SA,2022-01,SRR17712513
SA,2022-01,SRR18055058
SA,2022-01,SRR17712580
SA,2022-01,SRR17712583
SA,2022-01,SRR18047365
SA,2022-01,SRR18240245
SA,2022-01,SRR17712744
SA,2022-01,SRR22243785
SA,2022-01,SRR18055051
SA,2022-01,SRR18047311
SA,2022-01,SRR18556948
SA,2022-01,SRR18240522
SA,2022-01,SRR17712837
SA,2022-01,SRR17973985
SA,2022-01,SRR18532374
SA,2022-01,SRR18430423
SA,2022-01,SRR18047327
SA,2022-01,SRR18055040
SA,2022-01,SRR18047341
SA,2022-01,SRR17712574
SA,2022-01,SRR17970980
SA,2022-01,SRR17970949
SA,2022-01,SRR18532354
SA,2022-01,SRR18038031
SA,2022-01,SRR17712376
SA,2022-01,SRR17970958
SA,2022-01,SRR23625289
SA,2022-01,SRR17712298
SA,2022-01,SRR17712515
SA,2022-01,SRR17712502
SA,2022-02,SRR18240447
SA,2022-02,SRR18240270
SA,2022-02,SRR18430319
SA,2022-02,SRR18430279
SA,2022-02,SRR18430268
SA,2022-02,SRR18240462
SA,2022-02,SRR18240442
SA,2022-02,SRR18240379
SA,2022-02,SRR18532407
SA,2022-02,SRR18240296
SA,2022-02,SRR18240290
SA,2022-02,SRR18240403
SA,2022-02,SRR18240547
SA,2022-02,SRR18430273
SA,2022-02,SRR18848612
SA,2022-02,SRR18240271
SA,2022-02,SRR18240537
SA,2022-02,SRR18532405
SA,2022-02,SRR18240548
SA,2022-02,SRR18553775
SA,2022-02,SRR18430321
SA,2022-02,SRR18240227
SA,2022-02,SRR18240475
SA,2022-02,SRR18848629
SA,2022-02,SRR18430427
SA,2022-02,SRR18848617
SA,2022-02,SRR18240471
SA,2022-02,SRR18240546
SA,2022-02,SRR18430425
SA,2022-02,SRR18240315
SA,2022-02,SRR18240312
SA,2022-02,SRR18240533
SA,2022-02,SRR18240313
SA,2022-02,SRR18240527
SA,2022-02,SRR18848614
SA,2022-02,SRR18240524
SA,2022-02,SRR18430340
SA,2022-02,SRR18240458
SA,2022-02,SRR18532397
SA,2022-02,SRR18240267
SA,2022-02,SRR18430450
SA,2022-02,SRR18430271
SA,2022-02,SRR18430315
SA,2022-02,SRR18240320
SA,2022-02,SRR18556967
SA,2022-02,SRR18240532
SA,2022-02,SRR18240306
SA,2022-02,SRR18430320
SA,2022-02,SRR18240466
SA,2022-02,SRR18532403
SA,2022-02,SRR18430393
SA,2022-02,SRR18430371
SA,2022-02,SRR18553742
SA,2022-02,SRR18532411
SA,2022-02,SRR18240528
SA,2022-02,SRR18430326
SA,2022-02,SRR18240425
SA,2022-02,SRR18430433
SA,2022-02,SRR18240300
SA,2022-02,SRR18848598
SA,2022-02,SRR18430421
SA,2022-02,SRR18240448
SA,2022-02,SRR18532372
SA,2022-02,SRR18240465
SA,2022-02,SRR18848545
SA,2022-02,SRR18532409
SA,2022-02,SRR18240449
SA,2022-02,SRR18240314
SA,2022-02,SRR18848606
SA,2022-02,SRR23625058
SA,2022-02,SRR18430270
SA,2022-02,SRR18430414
SA,2022-02,SRR18240529
SA,2022-02,SRR18240350
SA,2022-02,SRR18240530
SA,2022-02,SRR18240526
SA,2022-02,SRR18240443
SA,2022-02,SRR18430424
SA,2022-02,SRR18240459
SA,2022-02,SRR18430432
SA,2022-02,SRR18848613
SA,2022-02,SRR18430417
SA,2022-02,SRR18240302
SA,2022-02,SRR18430351
SA,2022-02,SRR18556941
SA,2022-02,SRR18240368
SA,2022-02,SRR18430306
SA,2022-02,SRR18848597
SA,2022-02,SRR18240452
SA,2022-02,SRR18532401
SA,2022-02,SRR18430272
SA,2022-02,SRR18532406
SA,2022-02,SRR18240460
SA,2022-02,SRR18430415
SA,2022-02,SRR18430429
SA,2022-02,SRR18848623
SA,2022-02,SRR18240446
SA,2022-02,SRR18430428
SA,2022-02,SRR18240508
SA,2022-02,SRR18240279
SA,2022-02,SRR18532413
SA,2022-02,SRR18240255
SA,2022-02,SRR18240474
SA,2022-02,SRR18240538
SA,2022-02,SRR18532396
SA,2022-02,SRR18848628
SA,2022-02,SRR18240444
SA,2022-02,SRR18430324
SA,2022-02,SRR18430434
SA,2022-02,SRR18430430
SA,2022-02,SRR18430419
SA,2022-02,SRR18430281
SA,2022-02,SRR18848621
SA,2022-02,SRR18430416
SA,2022-02,SRR18848595
SA,2022-02,SRR18240325
SA,2022-02,SRR18848600
SA,2022-02,SRR18240324
SA,2022-02,SRR18240453
SA,2022-02,SRR18430322
SA,2022-02,SRR18848584
SA,2022-02,SRR18430426
SA,2022-02,SRR18430328
SA,2022-02,SRR18240545
SA,2022-02,SRR18430404
SA,2022-02,SRR18553787
SA,2022-02,SRR18848618
SA,2022-02,SRR18430470
SA,2022-02,SRR18430418
SA,2022-02,SRR18430284
SA,2022-02,SRR18430280
SA,2022-02,SRR18848607
SA,2022-02,SRR23625438
SA,2022-02,SRR18240317
SA,2022-02,SRR18240328
SA,2022-02,SRR18240333
SA,2022-02,SRR18240544
SA,2022-02,SRR18430431
SA,2022-02,SRR18240534
SA,2022-02,SRR18532337
SA,2022-02,SRR18848624
SA,2022-02,SRR18430295
SA,2022-02,SRR18240454
SA,2022-02,SRR18240225
SA,2022-02,SRR18240318
SA,2022-02,SRR18430483
SA,2022-02,SRR18532395
SA,2022-02,SRR18240523
SA,2022-02,SRR18430329
SA,2022-02,SRR18556962
SA,2022-02,SRR18848625
SA,2022-02,SRR18430327
SA,2022-02,SRR18532404
SA,2022-02,SRR18240202
SA,2022-02,SRR18532390
SA,2022-02,SRR18430282
SA,2022-02,SRR18240390
SA,2022-02,SRR18848564
SA,2022-02,SRR18430285
SA,2022-02,SRR18848622
SA,2022-02,SRR18430287
SA,2022-02,SRR18532359
SA,2022-02,SRR18240327
SA,2022-02,SRR18240543
SA,2022-02,SRR18848615
SA,2022-02,SRR18430332
SA,2022-02,SRR18240468
SA,2022-02,SRR18848603
SA,2022-02,SRR18240304
SA,2022-02,SRR18848626
SA,2022-02,SRR18430323
SA,2022-02,SRR18532410
SA,2022-02,SRR18532326
SA,2022-02,SRR18240535
SA,2022-02,SRR18430283
SA,2022-02,SRR18848601
SA,2022-02,SRR18240467
SA,2022-02,SRR18532357
SA,2022-02,SRR18532358
SA,2022-02,SRR23625437
SA,2022-02,SRR18430437
SA,2022-02,SRR18240402
SA,2022-02,SRR18430382
SA,2022-02,SRR18240319
SA,2022-02,SRR18240246
SA,2022-02,SRR18240536
SA,2022-02,SRR18240463
SA,2022-02,SRR18240264
SA,2022-02,SRR18848556
SA,2022-02,SRR18532402
SA,2022-02,SRR18240541
SA,2022-02,SRR18430435
SA,2022-02,SRR18430317
SA,2022-02,SRR18430325
SA,2022-02,SRR18532399
SA,2022-02,SRR18240509
SA,2022-02,SRR18240450
SA,2022-02,SRR18240461
SA,2022-02,SRR18240310
SA,2022-02,SRR18240322
SA,2022-03,SRR18848031
SA,2022-03,SRR18430467
SA,2022-03,SRR18430383
SA,2022-03,SRR18848591
SA,2022-03,SRR18554226
SA,2022-03,SRR18554210
SA,2022-03,SRR18553780
SA,2022-03,SRR18553732
SA,2022-03,SRR18848589
SA,2022-03,SRR18430461
SA,2022-03,SRR18848050
SA,2022-03,SRR23625585
SA,2022-03,SRR18847981
SA,2022-03,SRR18430453
SA,2022-03,SRR18848006
SA,2022-03,SRR18554337
SA,2022-03,SRR18430387
SA,2022-03,SRR18430386
SA,2022-03,SRR18430456
SA,2022-03,SRR18553777
SA,2022-03,SRR18553785
SA,2022-03,SRR18555626
SA,2022-03,SRR18848012
SA,2022-03,SRR18430384
SA,2022-03,SRR18847990
SA,2022-03,SRR18553766
SA,2022-03,SRR18848573
SA,2022-03,SRR18848036
SA,2022-03,SRR18848541
SA,2022-03,SRR23624913
SA,2022-03,SRR18554335
SA,2022-03,SRR18553778
SA,2022-03,SRR18554350
SA,2022-03,SRR18848005
SA,2022-03,SRR18554228
SA,2022-03,SRR18430373
SA,2022-03,SRR19117410
SA,2022-03,SRR18553744
SA,2022-03,SRR18848539
SA,2022-03,SRR23624897
SA,2022-03,SRR18554295
SA,2022-03,SRR19117428
SA,2022-03,SRR18553741
SA,2022-03,SRR18553776
SA,2022-03,SRR19117412
SA,2022-03,SRR18554293
SA,2022-03,SRR23625028
SA,2022-03,SRR19117445
SA,2022-03,SRR18554315
SA,2022-03,SRR18430458
SA,2022-03,SRR18554304
SA,2022-03,SRR18554297
SA,2022-03,SRR18848013
SA,2022-03,SRR18554220
SA,2022-03,SRR18430394
SA,2022-03,SRR18848585
SA,2022-03,SRR18554357
SA,2022-03,SRR18847976
SA,2022-03,SRR18430474
SA,2022-03,SRR18554314
SA,2022-03,SRR18430413
SA,2022-03,SRR18847985
SA,2022-03,SRR18554271
SA,2022-03,SRR18848025
SA,2022-03,SRR18848020
SA,2022-03,SRR18554306
SA,2022-03,SRR18847999
SA,2022-03,SRR18553762
SA,2022-03,SRR18848552
SA,2022-03,SRR18430408
SA,2022-03,SRR18430395
SA,2022-03,SRR18848042
SA,2022-03,SRR18553782
SA,2022-03,SRR18554269
SA,2022-03,SRR23624919
SA,2022-03,SRR19117443
SA,2022-03,SRR18430460
SA,2022-03,SRR19117413
SA,2022-03,SRR19117420
SA,2022-03,SRR18554353
SA,2022-03,SRR18848029
SA,2022-03,SRR18554307
SA,2022-03,SRR18553746
SA,2022-03,SRR18554310
SA,2022-03,SRR18554302
SA,2022-03,SRR18553772
SA,2022-03,SRR18848047
SA,2022-03,SRR18554221
SA,2022-03,SRR18848053
SA,2022-03,SRR18848035
SA,2022-03,SRR18430409
SA,2022-03,SRR18848015
SA,2022-03,SRR19117434
SA,2022-03,SRR18553750
SA,2022-03,SRR18847975
SA,2022-03,SRR23625463
SA,2022-03,SRR19117424
SA,2022-03,SRR18554358
SA,2022-03,SRR18848557
SA,2022-03,SRR18554224
SA,2022-03,SRR23625593
SA,2022-03,SRR18847988
SA,2022-03,SRR19117431
SA,2022-03,SRR18554287
SA,2022-03,SRR18430400
SA,2022-03,SRR18553783
SA,2022-03,SRR22573643
SA,2022-03,SRR18554282
SA,2022-03,SRR18554326
SA,2022-03,SRR18554223
SA,2022-03,SRR18430406
SA,2022-03,SRR18553773
SA,2022-03,SRR18847994
SA,2022-03,SRR19117435
SA,2022-03,SRR18848032
SA,2022-03,SRR18555623
SA,2022-03,SRR18554323
SA,2022-03,SRR18554355
SA,2022-03,SRR18553735
SA,2022-03,SRR19051888
SA,2022-03,SRR23625262
SA,2022-03,SRR18554211
SA,2022-03,SRR19117438
SA,2022-03,SRR18847977
SA,2022-03,SRR18554219
SA,2022-03,SRR18848003
SA,2022-03,SRR18554340
SA,2022-03,SRR18848002
SA,2022-03,SRR18554325
SA,2022-03,SRR18848586
SA,2022-03,SRR18848041
SA,2022-03,SRR18553731
SA,2022-03,SRR18555629
SA,2022-03,SRR18555620
SA,2022-03,SRR18430455
SA,2022-03,SRR18430396
SA,2022-03,SRR18430466
SA,2022-03,SRR18553740
SA,2022-03,SRR19117425
SA,2022-03,SRR19117422
SA,2022-03,SRR18430405
SA,2022-03,SRR18554318
SA,2022-03,SRR18554316
SA,2022-03,SRR18554361
SA,2022-03,SRR18847972
SA,2022-03,SRR18554213
SA,2022-03,SRR18847986
SA,2022-03,SRR18430375
SA,2022-03,SRR18430468
SA,2022-03,SRR18848594
SA,2022-03,SRR18848056
SA,2022-03,SRR19117421
SA,2022-03,SRR23625589
SA,2022-03,SRR23625102
SA,2022-03,SRR18554343
SA,2022-03,SRR18553743
SA,2022-03,SRR18848582
SA,2022-03,SRR18430370
SA,2022-03,SRR18848019
SA,2022-03,SRR18555624
SA,2022-03,SRR18553755
SA,2022-03,SRR18555627
SA,2022-03,SRR18430463
SA,2022-03,SRR18554273
SA,2022-03,SRR18847980
SA,2022-03,SRR19117437
SA,2022-03,SRR23624902
SA,2022-03,SRR18554312
SA,2022-03,SRR18553745
SA,2022-03,SRR18430267
SA,2022-03,SRR18554286
SA,2022-03,SRR18555618
SA,2022-03,SRR18430379
SA,2022-03,SRR18848021
SA,2022-03,SRR18848014
SA,2022-03,SRR18554278
SA,2022-03,SRR18554207
SA,2022-03,SRR18430401
SA,2022-03,SRR18554208
SA,2022-03,SRR18848572
SA,2022-03,SRR18430452
SA,2022-03,SRR18554370
SA,2022-03,SRR18848581
SA,2022-03,SRR18430475
SA,2022-03,SRR18430476
SA,2022-03,SRR18554289
SA,2022-03,SRR18554206
SA,2022-03,SRR18554364
SA,2022-03,SRR23625584
SA,2022-03,SRR18430451
SA,2022-03,SRR18430478
SA,2022-03,SRR18848024
SA,2022-03,SRR18554344
SA,2022-03,SRR18554276
SA,2022-03,SRR18848051
SA,2022-03,SRR18847979
SA,2022-03,SRR18554359
SA,2022-03,SRR18848044
SA,2022-03,SRR18848592
SA,2022-03,SRR18848540
SA,2022-04,SRR19051699
SA,2022-04,SRR18848558
SA,2022-04,SRR19051815
SA,2022-04,SRR19051799
SA,2022-04,SRR19051788
SA,2022-04,SRR19051745
SA,2022-04,SRR19051694
SA,2022-04,SRR19326081
SA,2022-04,SRR19051686
SA,2022-04,SRR23625097
SA,2022-04,SRR19326004
SA,2022-04,SRR18848562
SA,2022-04,SRR18848561
SA,2022-04,SRR19051689
SA,2022-04,SRR19051785
SA,2022-04,SRR19051793
SA,2022-04,SRR19326049
SA,2022-04,SRR18848559
SA,2022-04,SRR19326089
SA,2022-04,SRR19051775
SA,2022-04,SRR23625224
SA,2022-04,SRR19326002
SA,2022-04,SRR19051786
SA,2022-04,SRR19326018
SA,2022-04,SRR19051817
SA,2022-04,SRR18848544
SA,2022-04,SRR19051755
SA,2022-04,SRR23625219
SA,2022-04,SRR19051865
SA,2022-04,SRR22573595
SA,2022-04,SRR19051753
SA,2022-04,SRR19051784
SA,2022-04,SRR19051863
SA,2022-04,SRR23625225
SA,2022-04,SRR23625216
SA,2022-04,SRR19051891
SA,2022-04,SRR19051691
SA,2022-04,SRR19051874
SA,2022-04,SRR19051867
SA,2022-04,SRR19051810
SA,2022-04,SRR18848569
SA,2022-04,SRR19326025
SA,2022-04,SRR19326076
SA,2022-04,SRR19051724
SA,2022-04,SRR19051890
SA,2022-04,SRR19051682
SA,2022-04,SRR19051825
SA,2022-04,SRR19051876
SA,2022-04,SRR19051772
SA,2022-04,SRR18848737
SA,2022-04,SRR18848574
SA,2022-04,SRR19051790
SA,2022-04,SRR19051823
SA,2022-04,SRR19326079
SA,2022-04,SRR23625207
SA,2022-04,SRR19051693
SA,2022-04,SRR19326086
SA,2022-04,SRR19326134
SA,2022-04,SRR19326022
SA,2022-04,SRR19051877
SA,2022-04,SRR19051757
SA,2022-04,SRR19051882
SA,2022-04,SRR19051872
SA,2022-04,SRR19051781
SA,2022-04,SRR19051811
SA,2022-04,SRR19051870
SA,2022-04,SRR19326029
SA,2022-04,SRR19326145
SA,2022-04,SRR19051856
SA,2022-04,SRR18848565
SA,2022-04,SRR19051830
SA,2022-04,SRR19051837
SA,2022-04,SRR19051685
SA,2022-04,SRR19326046
SA,2022-04,SRR19326061
SA,2022-04,SRR19051713
SA,2022-04,SRR19051683
SA,2022-04,SRR19051792
SA,2022-04,SRR19051771
SA,2022-04,SRR19051743
SA,2022-04,SRR19326026
SA,2022-04,SRR19051843
SA,2022-04,SRR19326083
SA,2022-04,SRR19326063
SA,2022-04,SRR19051698
SA,2022-04,SRR19051866
SA,2022-04,SRR19326060
SA,2022-04,SRR19326003
SA,2022-04,SRR19051893
SA,2022-04,SRR19051895
SA,2022-04,SRR18848560
SA,2022-04,SRR19051700
SA,2022-04,SRR19051910
SA,2022-04,SRR18848550
SA,2022-04,SRR19051903
SA,2022-04,SRR19051754
SA,2022-04,SRR19051776
SA,2022-04,SRR19051742
SA,2022-04,SRR23625218
SA,2022-04,SRR19051696
SA,2022-04,SRR19051820
SA,2022-04,SRR19326084
SA,2022-04,SRR19326012
SA,2022-04,SRR19326008
SA,2022-04,SRR19051858
SA,2022-04,SRR19051801
SA,2022-04,SRR23625073
SA,2022-04,SRR19051854
SA,2022-04,SRR19051791
SA,2022-04,SRR18848738
SA,2022-04,SRR19051741
SA,2022-04,SRR19326072
SA,2022-04,SRR19326078
SA,2022-04,SRR19051883
SA,2022-04,SRR19051818
SA,2022-04,SRR19051812
SA,2022-04,SRR19051906
SA,2022-04,SRR19051884
SA,2022-04,SRR19051824
SA,2022-04,SRR19051783
SA,2022-04,SRR19051898
SA,2022-04,SRR19326011
SA,2022-04,SRR19051766
SA,2022-04,SRR19326080
SA,2022-04,SRR19051905
SA,2022-04,SRR19051805
SA,2022-04,SRR19051800
SA,2022-04,SRR19326071
SA,2022-04,SRR23625490
SA,2022-04,SRR18848730
SA,2022-04,SRR19051681
SA,2022-04,SRR19051835
SA,2022-04,SRR19326068
SA,2022-04,SRR19326043
SA,2022-04,SRR19051782
SA,2022-04,SRR19051827
SA,2022-04,SRR19326009
SA,2022-04,SRR19326073
SA,2022-04,SRR19326031
SA,2022-04,SRR19051875
SA,2022-04,SRR19326066
SA,2022-04,SRR19326082
SA,2022-04,SRR19051738
SA,2022-04,SRR19051816
SA,2022-04,SRR18848543
SA,2022-04,SRR19326035
SA,2022-04,SRR18848731
SA,2022-04,SRR19051901
SA,2022-04,SRR19326010
SA,2022-04,SRR19051922
SA,2022-04,SRR19051761
SA,2022-04,SRR19326013
SA,2022-04,SRR19051749
SA,2022-04,SRR23625214
SA,2022-04,SRR19051878
SA,2022-04,SRR19326070
SA,2022-04,SRR18848538
SA,2022-04,SRR19051900
SA,2022-04,SRR19051802
SA,2022-04,SRR19051687
SA,2022-04,SRR19051803
SA,2022-04,SRR18848729
SA,2022-04,SRR19051750
SA,2022-04,SRR19051834
SA,2022-04,SRR19326040
SA,2022-04,SRR19051692
SA,2022-04,SRR23625198
SA,2022-04,SRR19051769
SA,2022-04,SRR19326033
SA,2022-04,SRR19051813
SA,2022-04,SRR19051869
SA,2022-04,SRR19326028
SA,2022-04,SRR19051756
SA,2022-04,SRR23625242
SA,2022-04,SRR18848546
SA,2022-04,SRR19051859
SA,2022-04,SRR19051894
SA,2022-04,SRR19051752
SA,2022-04,SRR19051703
SA,2022-04,SRR22573596
SA,2022-04,SRR19326027
SA,2022-04,SRR18848567
SA,2022-04,SRR18848568
SA,2022-04,SRR19051798
SA,2022-04,SRR18848563
SA,2022-04,SRR18848734
SA,2022-04,SRR19051809
SA,2022-04,SRR19051795
SA,2022-04,SRR19051684
SA,2022-04,SRR19326039
SA,2022-04,SRR19326074
SA,2022-04,SRR19326146
SA,2022-04,SRR19326065
SA,2022-04,SRR19051765
SA,2022-04,SRR19051828
SA,2022-04,SRR23624989
SA,2022-04,SRR19051759
SA,2022-04,SRR19326023
SA,2022-04,SRR19326087
SA,2022-04,SRR19326021
SA,2022-05,SRR23625425
SA,2022-05,SRR20015484
SA,2022-05,SRR20015461
SA,2022-05,SRR23625615
SA,2022-05,SRR20015560
SA,2022-05,SRR20015524
SA,2022-05,SRR20015518
SA,2022-05,SRR20015492
SA,2022-05,SRR23625614
SA,2022-05,SRR20015482
SA,2022-05,SRR23625509
SA,2022-05,SRR23625749
SA,2022-05,SRR23625233
SA,2022-05,SRR20015478
SA,2022-05,SRR23625250
SA,2022-05,SRR22573442
SA,2022-05,SRR20015463
SA,2022-05,SRR20015462
SA,2022-05,SRR20015479
SA,2022-05,SRR20015516
SA,2022-05,SRR20015521
SA,2022-05,SRR23625085
SA,2022-05,SRR23625255
SA,2022-05,SRR23625750
SA,2022-05,SRR23625239
SA,2022-05,SRR20015511
SA,2022-05,SRR23625570
SA,2022-05,SRR23625499
SA,2022-05,SRR23625565
SA,2022-05,SRR23625733
SA,2022-05,SRR22573439
SA,2022-05,SRR20015517
SA,2022-05,SRR22573640
SA,2022-05,SRR23625249
SA,2022-05,SRR20015561
SA,2022-05,SRR19570290
SA,2022-05,SRR20015497
SA,2022-05,SRR23625729
SA,2022-05,SRR20770811
SA,2022-05,SRR23625561
SA,2022-05,SRR20015496
SA,2022-05,SRR23625702
SA,2022-05,SRR20770805
SA,2022-05,SRR23625741
SA,2022-05,SRR23625705
SA,2022-05,SRR22573371
SA,2022-05,SRR20015480
SA,2022-05,SRR22076621
SA,2022-05,SRR20770921
SA,2022-05,SRR23625686
SA,2022-05,SRR20015531
SA,2022-05,SRR20015466
SA,2022-05,SRR22573646
SA,2022-05,SRR23625230
SA,2022-05,SRR20015487
SA,2022-05,SRR22573369
SA,2022-05,SRR20015476
SA,2022-05,SRR23625235
SA,2022-05,SRR20770730
SA,2022-05,SRR22076622
SA,2022-05,SRR23625245
SA,2022-05,SRR20015510
SA,2022-05,SRR20015473
SA,2022-05,SRR23625421
SA,2022-05,SRR20015520
SA,2022-05,SRR20015565
SA,2022-05,SRR23625407
SA,2022-05,SRR23625700
SA,2022-05,SRR20015481
SA,2022-05,SRR23625500
SA,2022-05,SRR23625739
SA,2022-05,SRR22573644
SA,2022-05,SRR22559621
SA,2022-05,SRR20015500
SA,2022-05,SRR22572543
SA,2022-05,SRR22076619
SA,2022-05,SRR20015514
SA,2022-05,SRR20015532
SA,2022-05,SRR20015474
SA,2022-05,SRR20015502
SA,2022-05,SRR23625746
SA,2022-05,SRR23625574
SA,2022-05,SRR22573650
SA,2022-05,SRR23625742
SA,2022-05,SRR20015533
SA,2022-05,SRR23625568
SA,2022-05,SRR23625516
SA,2022-05,SRR23625090
SA,2022-05,SRR23625569
SA,2022-05,SRR22573373
SA,2022-05,SRR22573375
SA,2022-05,SRR23625726
SA,2022-05,SRR20015485
SA,2022-05,SRR22573437
SA,2022-05,SRR19570486
SA,2022-05,SRR22573405
SA,2022-05,SRR23625546
SA,2022-05,SRR20015512
SA,2022-05,SRR20015491
SA,2022-05,SRR23625728
SA,2022-05,SRR20015483
SA,2022-05,SRR20015563
SA,2022-05,SRR23625492
SA,2022-05,SRR23625256
SA,2022-05,SRR22573632
SA,2022-05,SRR20770792
SA,2022-05,SRR20015525
SA,2022-05,SRR23625581
SA,2022-05,SRR20770790
SA,2022-05,SRR23625246
SA,2022-05,SRR23625116
SA,2022-05,SRR20015490
SA,2022-05,SRR23625572
SA,2022-05,SRR23625416
SA,2022-05,SRR22572608
SA,2022-05,SRR23625238
SA,2022-05,SRR23625117
SA,2022-05,SRR22573387
SA,2022-05,SRR23625253
SA,2022-05,SRR20015515
SA,2022-05,SRR23625232
SA,2022-05,SRR22573642
SA,2022-05,SRR20015505
SA,2022-05,SRR23625752
SA,2022-05,SRR22573382
SA,2022-05,SRR20015527
SA,2022-05,SRR22573438
SA,2022-05,SRR23625247
SA,2022-05,SRR23625734
SA,2022-05,SRR20015469
SA,2022-05,SRR20015475
SA,2022-05,SRR20770751
SA,2022-05,SRR23625243
SA,2022-05,SRR23625234
SA,2022-05,SRR20770734
SA,2022-05,SRR22573633
SA,2022-05,SRR23625730
SA,2022-05,SRR20015509
SA,2022-05,SRR23625241
SA,2022-05,SRR23625422
SA,2022-05,SRR20015489
SA,2022-05,SRR23625748
SA,2022-05,SRR23625560
SA,2022-05,SRR23625041
SA,2022-05,SRR23625414
SA,2022-05,SRR23625566
SA,2022-05,SRR23625115
SA,2022-05,SRR23625084
SA,2022-05,SRR20015494
SA,2022-05,SRR23625506
SA,2022-05,SRR20015465
SA,2022-05,SRR23624953
SA,2022-05,SRR19570139
SA,2022-05,SRR23625418
SA,2022-05,SRR23625078
SA,2022-05,SRR23625254
SA,2022-05,SRR20015472
SA,2022-05,SRR22573628
SA,2022-05,SRR23625753
SA,2022-05,SRR20770804
SA,2022-05,SRR23625505
SA,2022-05,SRR20770795
SA,2022-05,SRR22573573
SA,2022-05,SRR22573411
SA,2022-05,SRR22573651
SA,2022-05,SRR20015513
SA,2022-05,SRR20015495
SA,2022-05,SRR20015467
SA,2022-05,SRR20015464
SA,2022-05,SRR23625503
SA,2022-05,SRR23625111
SA,2022-05,SRR20015564
SA,2022-05,SRR23625016
SA,2022-05,SRR20015522
SA,2022-05,SRR23625744
SA,2022-05,SRR20770755
SA,2022-05,SRR23625014
SA,2022-05,SRR23625692
SA,2022-05,SRR23624988
SA,2022-05,SRR20015529
SA,2022-05,SRR20770746
SA,2022-05,SRR20015471
SA,2022-05,SRR23625743
SA,2022-05,SRR23625060
SA,2022-05,SRR22076616
SA,2022-05,SRR22573404
SA,2022-05,SRR19570340
SA,2022-05,SRR23625504
SA,2022-05,SRR20770750
SA,2022-05,SRR20015493
SA,2022-05,SRR23625240
SA,2022-05,SRR23625427
SA,2022-05,SRR23625086
SA,2022-05,SRR20015526
SA,2022-05,SRR23625573
SA,2022-05,SRR20015477
SA,2022-05,SRR19570487
SA,2022-05,SRR20770745
SA,2022-05,SRR23625521
SA,2022-05,SRR20015468
SA,2022-06,SRR20770411
SA,2022-06,SRR20770412
SA,2022-06,SRR20770419
SA,2022-06,SRR20770420
SA,2022-06,SRR20770566
SA,2022-06,SRR20770567
SA,2022-06,SRR20770569
SA,2022-06,SRR20770570
SA,2022-06,SRR20770571
SA,2022-06,SRR20770572
SA,2022-06,SRR20770577
SA,2022-06,SRR20770580
SA,2022-06,SRR20770581
SA,2022-06,SRR20770586
SA,2022-06,SRR20770784
SA,2022-06,SRR20770789
SA,2022-06,SRR20770913
SA,2022-06,SRR20770918
SA,2022-06,SRR20770920
SA,2022-06,SRR20770927
SA,2022-06,SRR20770929
SA,2022-06,SRR22565085
SA,2022-06,SRR22565090
SA,2022-06,SRR22565100
SA,2022-06,SRR22565104
SA,2022-06,SRR22565105
SA,2022-06,SRR22565113
SA,2022-06,SRR22565118
SA,2022-06,SRR22565120
SA,2022-06,SRR22565126
SA,2022-06,SRR22565134
SA,2022-06,SRR22565136
SA,2022-06,SRR22572396
SA,2022-06,SRR22572397
SA,2022-06,SRR22572407
SA,2022-06,SRR22572408
SA,2022-06,SRR22572413
SA,2022-06,SRR22572417
SA,2022-06,SRR22572418
SA,2022-06,SRR22572419
SA,2022-06,SRR22572423
SA,2022-06,SRR22572429
SA,2022-06,SRR22572439
SA,2022-06,SRR22572443
SA,2022-06,SRR22572446
SA,2022-06,SRR22572449
SA,2022-06,SRR22572461
SA,2022-06,SRR22572475
SA,2022-06,SRR22572491
SA,2022-06,SRR22572493
SA,2022-06,SRR22572494
SA,2022-06,SRR22572496
SA,2022-06,SRR22572502
SA,2022-06,SRR22572505
SA,2022-06,SRR22572507
SA,2022-06,SRR22572509
SA,2022-06,SRR22572510
SA,2022-06,SRR22572522
SA,2022-06,SRR22572523
SA,2022-06,SRR22572525
SA,2022-06,SRR22572527
SA,2022-06,SRR22572562
SA,2022-06,SRR22572572
SA,2022-06,SRR22572609
SA,2022-06,SRR23624967
SA,2022-06,SRR23624980
SA,2022-06,SRR23624981
SA,2022-06,SRR23624982
SA,2022-06,SRR23625012
SA,2022-06,SRR23625020
SA,2022-06,SRR23625035
SA,2022-06,SRR23625039
SA,2022-06,SRR23625042
SA,2022-06,SRR23625043
SA,2022-06,SRR23625056
SA,2022-06,SRR23625094
SA,2022-06,SRR23625105
SA,2022-06,SRR23625155
SA,2022-06,SRR23625159
SA,2022-06,SRR23625172
SA,2022-06,SRR23625174
SA,2022-06,SRR23625178
SA,2022-06,SRR23625187
SA,2022-06,SRR23625191
SA,2022-06,SRR23625199
SA,2022-06,SRR23625298
SA,2022-06,SRR23625299
SA,2022-06,SRR23625311
SA,2022-06,SRR23625313
SA,2022-06,SRR23625315
SA,2022-06,SRR23625322
SA,2022-06,SRR23625325
SA,2022-06,SRR23625327
SA,2022-06,SRR23625329
SA,2022-06,SRR23625330
SA,2022-06,SRR23625331
SA,2022-06,SRR23625332
SA,2022-06,SRR23625333
SA,2022-06,SRR23625339
SA,2022-06,SRR23625347
SA,2022-06,SRR23625350
SA,2022-06,SRR23625352
SA,2022-06,SRR23625355
SA,2022-06,SRR23625357
SA,2022-06,SRR23625358
SA,2022-06,SRR23625360
SA,2022-06,SRR23625363
SA,2022-06,SRR23625365
SA,2022-06,SRR23625543
SA,2022-06,SRR23625694
SA,2022-06,SRR23625695
SA,2022-06,SRR23625718
SA,2022-06,SRR23625721
SA,2022-06,SRR23625722
SA,2022-06,SRR23625725
SA,2022-06,SRR23625727
SA,2022-07,SRR21187695
SA,2022-07,SRR21187698
SA,2022-07,SRR21187699
SA,2022-07,SRR21187700
SA,2022-07,SRR21187701
SA,2022-07,SRR21187703
SA,2022-07,SRR22076618
SA,2022-07,SRR22076624
SA,2022-07,SRR22561837
SA,2022-07,SRR22565088
SA,2022-07,SRR22565101
SA,2022-07,SRR22565122
SA,2022-07,SRR22565125
SA,2022-07,SRR23624961
SA,2022-07,SRR23624992
SA,2022-07,SRR23624995
SA,2022-07,SRR23624997
SA,2022-07,SRR23625001
SA,2022-07,SRR23625051
SA,2022-07,SRR23625052
SA,2022-07,SRR23625160
SA,2022-07,SRR23625162
SA,2022-07,SRR23625190
SA,2022-07,SRR23625195
SA,2022-07,SRR23625200
SA,2022-07,SRR23625291
SA,2022-07,SRR23625294
SA,2022-07,SRR23625345
SA,2022-07,SRR23625395
SA,2022-07,SRR23625397
SA,2022-07,SRR23625402
SA,2022-07,SRR23625403
SA,2022-07,SRR23625405
SA,2022-07,SRR23625408
SA,2022-07,SRR23625494
SA,2022-07,SRR23625495
SA,2022-07,SRR23625497
SA,2022-07,SRR23625672
SA,2022-07,SRR23625678
SA,2022-07,SRR23625680
SA,2022-07,SRR23625681
SA,2022-07,SRR23625684
SA,2022-07,SRR23625696
SA,2022-07,SRR23625706
SA,2022-07,SRR23625707
SA,2022-07,SRR23625709
SA,2022-07,SRR23625712
SA,2022-07,SRR23625717
SA,2022-08,SRR21373972
SA,2022-08,SRR21373973
SA,2022-08,SRR21373976
SA,2022-08,SRR21373978
SA,2022-08,SRR21373979
SA,2022-08,SRR21373982
SA,2022-08,SRR21373983
SA,2022-08,SRR21373985
SA,2022-08,SRR21373986
SA,2022-08,SRR21373989
SA,2022-08,SRR21373990
SA,2022-08,SRR21373993
SA,2022-08,SRR21373995
SA,2022-08,SRR21373996
SA,2022-08,SRR21373997
SA,2022-08,SRR21373999
SA,2022-08,SRR21374000
SA,2022-08,SRR21374001
SA,2022-08,SRR21374002
SA,2022-08,SRR21374004
SA,2022-08,SRR21374006
SA,2022-08,SRR21374007
SA,2022-08,SRR21374008
SA,2022-08,SRR21374009
SA,2022-08,SRR21374010
SA,2022-08,SRR21374011
SA,2022-08,SRR21601789
SA,2022-08,SRR21601790
SA,2022-08,SRR21601791
SA,2022-08,SRR21601798
SA,2022-08,SRR21601799
SA,2022-08,SRR21601807
SA,2022-08,SRR21601809
SA,2022-08,SRR21601813
SA,2022-08,SRR21601815
SA,2022-08,SRR21601824
SA,2022-08,SRR21601826
SA,2022-08,SRR21601834
SA,2022-08,SRR21601836
SA,2022-08,SRR21601842
SA,2022-08,SRR21601847
SA,2022-08,SRR21601848
SA,2022-08,SRR22019420
SA,2022-08,SRR22559603
SA,2022-08,SRR22559606
SA,2022-08,SRR22559610
SA,2022-08,SRR22559612
SA,2022-08,SRR22559613
SA,2022-08,SRR22559637
SA,2022-08,SRR22559643
SA,2022-08,SRR22559648
SA,2022-08,SRR23624994
SA,2022-08,SRR23624996
SA,2022-08,SRR23625002
SA,2022-08,SRR23625003
SA,2022-08,SRR23625093
SA,2022-08,SRR23625346
SA,2022-08,SRR23625399
SA,2022-08,SRR23625478
SA,2022-08,SRR23625484
SA,2022-08,SRR23625487
SA,2022-08,SRR23625651
SA,2022-08,SRR23625652
SA,2022-08,SRR23625653
SA,2022-08,SRR23625658
SA,2022-08,SRR23625662
SA,2022-08,SRR23625670
SA,2022-08,SRR23625704
SA,2022-09,SRR21601792
SA,2022-09,SRR21601793
SA,2022-09,SRR21601794
SA,2022-09,SRR21601795
SA,2022-09,SRR21601796
SA,2022-09,SRR21601797
SA,2022-09,SRR21601800
SA,2022-09,SRR21601801
SA,2022-09,SRR21601802
SA,2022-09,SRR21601803
SA,2022-09,SRR21601804
SA,2022-09,SRR21601805
SA,2022-09,SRR21601808
SA,2022-09,SRR21601810
SA,2022-09,SRR21601812
SA,2022-09,SRR21601814
SA,2022-09,SRR21601816
SA,2022-09,SRR21601817
SA,2022-09,SRR21601818
SA,2022-09,SRR21601819
SA,2022-09,SRR21601820
SA,2022-09,SRR21601821
SA,2022-09,SRR21601822
SA,2022-09,SRR21601823
SA,2022-09,SRR21601825
SA,2022-09,SRR21601827
SA,2022-09,SRR21601828
SA,2022-09,SRR21601829
SA,2022-09,SRR21601830
SA,2022-09,SRR21601831
SA,2022-09,SRR21601832
SA,2022-09,SRR21601833
SA,2022-09,SRR21601835
SA,2022-09,SRR21601837
SA,2022-09,SRR21601838
SA,2022-09,SRR21601839
SA,2022-09,SRR21601840
SA,2022-09,SRR21601841
SA,2022-09,SRR21601843
SA,2022-09,SRR21601844
SA,2022-09,SRR21601845
SA,2022-09,SRR21601846
SA,2022-09,SRR21784681
SA,2022-09,SRR21784682
SA,2022-09,SRR21784683
SA,2022-09,SRR21784684
SA,2022-09,SRR21784685
SA,2022-09,SRR21784686
SA,2022-09,SRR21784687
SA,2022-09,SRR21784688
SA,2022-09,SRR21784689
SA,2022-09,SRR21784691
SA,2022-09,SRR21784692
SA,2022-09,SRR21784693
SA,2022-09,SRR21784694
SA,2022-09,SRR21784751
SA,2022-09,SRR21784752
SA,2022-09,SRR21784753
SA,2022-09,SRR21784754
SA,2022-09,SRR21784755
SA,2022-09,SRR21784756
SA,2022-09,SRR21784758
SA,2022-09,SRR21784759
SA,2022-09,SRR21784760
SA,2022-09,SRR21784761
SA,2022-09,SRR21784762
SA,2022-09,SRR21784763
SA,2022-09,SRR21784764
SA,2022-09,SRR21784765
SA,2022-09,SRR21784766
SA,2022-09,SRR21784767
SA,2022-09,SRR21784769
SA,2022-09,SRR21784770
SA,2022-09,SRR21784771
SA,2022-09,SRR21784772
SA,2022-09,SRR21784773
SA,2022-09,SRR21784774
SA,2022-09,SRR21784775
SA,2022-09,SRR21784776
SA,2022-09,SRR21784777
SA,2022-09,SRR21784778
SA,2022-09,SRR21784780
SA,2022-09,SRR21784781
SA,2022-09,SRR21784782
SA,2022-09,SRR21784783
SA,2022-09,SRR21784784
SA,2022-09,SRR21784785
SA,2022-09,SRR21784786
SA,2022-09,SRR21784787
SA,2022-09,SRR21784788
SA,2022-09,SRR21784789
SA,2022-09,SRR22019318
SA,2022-09,SRR22019319
SA,2022-09,SRR22019321
SA,2022-09,SRR22019322
SA,2022-09,SRR22019323
SA,2022-09,SRR22019324
SA,2022-09,SRR22019363
SA,2022-09,SRR22019365
SA,2022-09,SRR22019366
SA,2022-09,SRR22019367
SA,2022-09,SRR22019368
SA,2022-09,SRR22019369
SA,2022-09,SRR22019370
SA,2022-09,SRR22019371
SA,2022-09,SRR22019372
SA,2022-09,SRR22019373
SA,2022-09,SRR22019374
SA,2022-09,SRR22019415
SA,2022-09,SRR22019417
SA,2022-09,SRR22019418
SA,2022-09,SRR22019419
SA,2022-09,SRR22019423
SA,2022-09,SRR22019424
SA,2022-09,SRR22019425
SA,2022-09,SRR22019426
SA,2022-09,SRR22019427
SA,2022-09,SRR22019428
SA,2022-09,SRR22019429
SA,2022-09,SRR22019430
SA,2022-09,SRR22019431
SA,2022-09,SRR22019432
SA,2022-09,SRR22019434
SA,2022-09,SRR22019435
SA,2022-09,SRR22019436
SA,2022-09,SRR22019437
SA,2022-09,SRR22019438
SA,2022-09,SRR22019439
SA,2022-09,SRR22019440
SA,2022-09,SRR22019441
SA,2022-09,SRR22019443
SA,2022-09,SRR22076623
SA,2022-09,SRR22076627
SA,2022-09,SRR22076634
SA,2022-09,SRR22076659
SA,2022-09,SRR22076660
SA,2022-09,SRR22375824
SA,2022-09,SRR22559083
SA,2022-09,SRR22559174
SA,2022-09,SRR22559176
SA,2022-09,SRR22559182
SA,2022-09,SRR22559193
SA,2022-09,SRR22559201
SA,2022-09,SRR22559218
SA,2022-09,SRR22559223
SA,2022-09,SRR23625047
SA,2022-09,SRR23625049
SA,2022-09,SRR23625050
SA,2022-09,SRR23625343
SA,2022-09,SRR23625344
SA,2022-09,SRR23625388
SA,2022-09,SRR23625390
SA,2022-09,SRR23625429
SA,2022-09,SRR23625444
SA,2022-09,SRR23625445
SA,2022-09,SRR23625446
SA,2022-09,SRR23625461
SA,2022-09,SRR23625475
SA,2022-09,SRR23625476
SA,2022-09,SRR23625477
SA,2022-09,SRR23625483
SA,2022-09,SRR23625526
SA,2022-09,SRR23625666
SA,2022-10,SRR22243728
SA,2022-10,SRR22019392
SA,2022-10,SRR22019312
SA,2022-10,SRR22243793
SA,2022-10,SRR22076643
SA,2022-10,SRR22076609
SA,2022-10,SRR22019482
SA,2022-10,SRR22019408
SA,2022-10,SRR22243781
SA,2022-10,SRR22019387
SA,2022-10,SRR22243750
SA,2022-10,SRR23625541
SA,2022-10,SRR22243680
SA,2022-10,SRR22019354
SA,2022-10,SRR22243703
SA,2022-10,SRR22243617
SA,2022-10,SRR22019316
SA,2022-10,SRR22019315
SA,2022-10,SRR22019357
SA,2022-10,SRR22019478
SA,2022-10,SRR22019487
SA,2022-10,SRR22243659
SA,2022-10,SRR22243709
SA,2022-10,SRR22019313
SA,2022-10,SRR22243688
SA,2022-10,SRR22019467
SA,2022-10,SRR22243770
SA,2022-10,SRR22243736
SA,2022-10,SRR22243763
SA,2022-10,SRR23625383
SA,2022-10,SRR22243615
SA,2022-10,SRR22019479
SA,2022-10,SRR22243630
SA,2022-10,SRR22243702
SA,2022-10,SRR22076645
SA,2022-10,SRR22019302
SA,2022-10,SRR22243802
SA,2022-10,SRR22019445
SA,2022-10,SRR22243761
SA,2022-10,SRR23625377
SA,2022-10,SRR22076679
SA,2022-10,SRR22375843
SA,2022-10,SRR22019442
SA,2022-10,SRR22019477
SA,2022-10,SRR22243804
SA,2022-10,SRR22076677
SA,2022-10,SRR23625391
SA,2022-10,SRR23625107
SA,2022-10,SRR22243594
SA,2022-10,SRR22019359
SA,2022-10,SRR22243583
SA,2022-10,SRR22076681
SA,2022-10,SRR22243710
SA,2022-10,SRR22076638
SA,2022-10,SRR22019330
SA,2022-10,SRR22243777
SA,2022-10,SRR22243636
SA,2022-10,SRR22243675
SA,2022-10,SRR22019399
SA,2022-10,SRR22243593
SA,2022-10,SRR22019349
SA,2022-10,SRR22243683
SA,2022-10,SRR22076653
SA,2022-10,SRR22243722
SA,2022-10,SRR22243717
SA,2022-10,SRR22243585
SA,2022-10,SRR22243696
SA,2022-10,SRR22019463
SA,2022-10,SRR22243764
SA,2022-10,SRR22019344
SA,2022-10,SRR22019331
SA,2022-10,SRR22243742
SA,2022-10,SRR22019484
SA,2022-10,SRR22076651
SA,2022-10,SRR22243778
SA,2022-10,SRR23624926
SA,2022-10,SRR22019361
SA,2022-10,SRR22243800
SA,2022-10,SRR22243807
SA,2022-10,SRR22243633
SA,2022-10,SRR22243726
SA,2022-10,SRR22243586
SA,2022-10,SRR22019447
SA,2022-10,SRR22243589
SA,2022-10,SRR22076686
SA,2022-10,SRR22019474
SA,2022-10,SRR22243747
SA,2022-10,SRR22076639
SA,2022-10,SRR22243735
SA,2022-10,SRR22019345
SA,2022-10,SRR22243712
SA,2022-10,SRR22243758
SA,2022-10,SRR22019451
SA,2022-10,SRR22243674
SA,2022-10,SRR23625530
SA,2022-10,SRR22243756
SA,2022-10,SRR22243637
SA,2022-10,SRR22375825
SA,2022-10,SRR22076641
SA,2022-10,SRR23625703
SA,2022-10,SRR22243686
SA,2022-10,SRR22375853
SA,2022-10,SRR22076671
SA,2022-10,SRR22019336
SA,2022-10,SRR22019485
SA,2022-10,SRR23625367
SA,2022-10,SRR22076666
SA,2022-10,SRR22243606
SA,2022-10,SRR22076640
SA,2022-10,SRR22019342
SA,2022-10,SRR22019475
SA,2022-10,SRR22243691
SA,2022-10,SRR22243729
SA,2022-10,SRR22243725
SA,2022-10,SRR22243656
SA,2022-10,SRR22243603
SA,2022-10,SRR22243635
SA,2022-10,SRR22019410
SA,2022-10,SRR22243795
SA,2022-10,SRR23625443
SA,2022-10,SRR22076620
SA,2022-10,SRR22559047
SA,2022-10,SRR22243676
SA,2022-10,SRR22076637
SA,2022-10,SRR22243700
SA,2022-10,SRR22243620
SA,2022-10,SRR22243699
SA,2022-10,SRR22243605
SA,2022-10,SRR22243773
SA,2022-10,SRR22243737
SA,2022-10,SRR22019407
SA,2022-10,SRR22243661
SA,2022-10,SRR22243653
SA,2022-10,SRR22019356
SA,2022-10,SRR22019332
SA,2022-10,SRR22019391
SA,2022-10,SRR22019416
SA,2022-10,SRR22375830
SA,2022-10,SRR22375816
SA,2022-10,SRR22019341
SA,2022-10,SRR22243597
SA,2022-10,SRR22243595
SA,2022-10,SRR22243640
SA,2022-10,SRR22243671
SA,2022-10,SRR22076626
SA,2022-10,SRR22243684
SA,2022-10,SRR22019304
SA,2022-10,SRR22019393
SA,2022-10,SRR23625441
SA,2022-10,SRR22243751
SA,2022-10,SRR22375813
SA,2022-10,SRR23625637
SA,2022-10,SRR22243776
SA,2022-10,SRR22243623
SA,2022-10,SRR22019444
SA,2022-10,SRR22243759
SA,2022-10,SRR22019300
SA,2022-10,SRR22243748
SA,2022-10,SRR22243657
SA,2022-10,SRR22019456
SA,2022-10,SRR22243660
SA,2022-10,SRR22019389
SA,2022-10,SRR22076655
SA,2022-10,SRR22243687
SA,2022-10,SRR22375991
SA,2022-10,SRR22559075
SA,2022-10,SRR22243591
SA,2022-10,SRR22019446
SA,2022-10,SRR22019299
SA,2022-10,SRR22076670
SA,2022-10,SRR22243651
SA,2022-10,SRR22019308
SA,2022-10,SRR22243690
SA,2022-10,SRR22243707
SA,2022-10,SRR22076662
SA,2022-10,SRR22019490
SA,2022-10,SRR22019337
SA,2022-10,SRR22019491
SA,2022-10,SRR22375975
SA,2022-10,SRR22019353
SA,2022-10,SRR22243587
SA,2022-10,SRR22076598
SA,2022-10,SRR22243609
SA,2022-10,SRR22019317
SA,2022-10,SRR22243665
SA,2022-10,SRR22243741
SA,2022-10,SRR22243738
SA,2022-10,SRR22243596
SA,2022-10,SRR22243772
SA,2022-10,SRR22243647
SA,2022-10,SRR22076673
SA,2022-10,SRR22019489
SA,2022-10,SRR22243643
SA,2022-10,SRR23625534
SA,2022-10,SRR22019352
SA,2022-10,SRR22019403
SA,2022-10,SRR22243774
SA,2022-10,SRR22243624
SA,2022-10,SRR22076658
SA,2022-10,SRR22243775
SA,2022-11,SRR23624924
SA,2022-11,SRR23625070
SA,2022-11,SRR23625099
SA,2022-11,SRR23625150
SA,2022-11,SRR23625167
SA,2022-11,SRR23625169
SA,2022-11,SRR23625171
SA,2022-11,SRR23625197
SA,2022-11,SRR23625203
SA,2022-11,SRR23625204
SA,2022-11,SRR23625206
SA,2022-11,SRR23625296
SA,2022-11,SRR23625371
SA,2022-11,SRR23625398
SA,2022-11,SRR23625434
SA,2022-11,SRR23625447
SA,2022-11,SRR23625473
SA,2022-11,SRR23625480
SA,2022-11,SRR23625481
SA,2022-11,SRR23625533
SA,2022-11,SRR23625552
SA,2022-11,SRR23625689
SA,2022-11,SRR23625755
SA,2022-12,SRR23318683
SA,2022-12,SRR23624894
SA,2022-12,SRR23625063
SA,2022-12,SRR23625067
SA,2022-12,SRR23625096
SA,2022-12,SRR23625161
SA,2022-12,SRR23625163
SA,2022-12,SRR23625431
SA,2022-12,SRR23625432
SA,2022-12,SRR23625449
SA,2022-12,SRR23625454
SA,2022-12,SRR23625457
SA,2022-12,SRR23625609
SA,2022-12,SRR23625612
SA,2022-12,SRR23625673
SA,2022-12,SRR23625675
SA,2022-12,SRR23625676
SA,2022-12,SRR23625679
SA,2022-12,SRR23625693
SA,2023-01,SRR23318734
SA,2023-01,SRR23318636
SA,2023-01,SRR23381125
SA,2023-01,SRR23345382
SA,2023-01,SRR23345360
SA,2023-01,SRR23318780
SA,2023-01,SRR23318723
SA,2023-01,SRR23318706
SA,2023-01,SRR23530295
SA,2023-01,SRR23318643
SA,2023-01,SRR23318641
SA,2023-01,SRR23318713
SA,2023-01,SRR23345355
SA,2023-01,SRR23345370
SA,2023-01,SRR23345390
SA,2023-01,SRR23381180
SA,2023-01,SRR23318622
SA,2023-01,SRR23381132
SA,2023-01,SRR23318720
SA,2023-01,SRR23530138
SA,2023-01,SRR23381255
SA,2023-01,SRR23381285
SA,2023-01,SRR23381123
SA,2023-01,SRR23345346
SA,2023-01,SRR23318732
SA,2023-01,SRR23345361
SA,2023-01,SRR23381171
SA,2023-01,SRR23907321
SA,2023-01,SRR23530252
SA,2023-01,SRR23530308
SA,2023-01,SRR23318611
SA,2023-01,SRR23530190
SA,2023-01,SRR23530250
SA,2023-01,SRR23318697
SA,2023-01,SRR23381283
SA,2023-01,SRR23345348
SA,2023-01,SRR23318815
SA,2023-01,SRR23907265
SA,2023-01,SRR23318695
SA,2023-01,SRR23318730
SA,2023-01,SRR23530194
SA,2023-01,SRR23318812
SA,2023-01,SRR23318665
SA,2023-01,SRR23318660
SA,2023-01,SRR23318853
SA,2023-01,SRR23318662
SA,2023-01,SRR23318840
SA,2023-01,SRR23530296
SA,2023-01,SRR23318819
SA,2023-01,SRR23381181
SA,2023-01,SRR23318772
SA,2023-01,SRR23530251
SA,2023-01,SRR23318632
SA,2023-01,SRR23530165
SA,2023-01,SRR23345367
SA,2023-01,SRR23345406
SA,2023-01,SRR23318678
SA,2023-01,SRR23318852
SA,2023-01,SRR23318652
SA,2023-01,SRR23381126
SA,2023-01,SRR23318788
SA,2023-01,SRR23530266
SA,2023-01,SRR23381242
SA,2023-01,SRR23381188
SA,2023-01,SRR23530320
SA,2023-01,SRR23530304
SA,2023-01,SRR23318842
SA,2023-01,SRR23381141
SA,2023-01,SRR23318716
SA,2023-01,SRR23381286
SA,2023-01,SRR23318647
SA,2023-01,SRR23318633
SA,2023-01,SRR23381261
SA,2023-01,SRR23318736
SA,2023-01,SRR23530233
SA,2023-01,SRR23318786
SA,2023-01,SRR23907198
SA,2023-01,SRR23530300
SA,2023-01,SRR23318739
SA,2023-01,SRR23530306
SA,2023-01,SRR23318664
SA,2023-01,SRR23907212
SA,2023-01,SRR23907219
SA,2023-01,SRR23345364
SA,2023-01,SRR23381247
SA,2023-01,SRR23530271
SA,2023-01,SRR23318843
SA,2023-01,SRR23318700
SA,2023-01,SRR23318848
SA,2023-01,SRR23318838
SA,2023-01,SRR23318726
SA,2023-01,SRR23381267
SA,2023-01,SRR23318773
SA,2023-01,SRR23907271
SA,2023-01,SRR23381274
SA,2023-01,SRR23381254
SA,2023-01,SRR23318648
SA,2023-01,SRR23381183
SA,2023-01,SRR23530303
SA,2023-01,SRR23318704
SA,2023-01,SRR23345405
SA,2023-01,SRR23907203
SA,2023-01,SRR23318761
SA,2023-01,SRR23530310
SA,2023-01,SRR23345368
SA,2023-01,SRR23907263
SA,2023-01,SRR23318775
SA,2023-01,SRR23381249
SA,2023-01,SRR23381277
SA,2023-01,SRR23381130
SA,2023-01,SRR23907268
SA,2023-01,SRR23381275
SA,2023-01,SRR23318805
SA,2023-01,SRR23530231
SA,2023-01,SRR23530235
SA,2023-01,SRR23318639
SA,2023-01,SRR23318737
SA,2023-01,SRR23318626
SA,2023-01,SRR23318800
SA,2023-01,SRR23345337
SA,2023-01,SRR23318774
SA,2023-01,SRR23318645
SA,2023-01,SRR23318727
SA,2023-01,SRR23381135
SA,2023-01,SRR23530151
SA,2023-01,SRR23530244
SA,2023-01,SRR23530240
SA,2023-01,SRR23381258
SA,2023-01,SRR23345387
SA,2023-01,SRR23318889
SA,2023-01,SRR23381252
SA,2023-01,SRR23345366
SA,2023-01,SRR23318689
SA,2023-01,SRR23907206
SA,2023-01,SRR23318687
SA,2023-01,SRR23318762
SA,2023-01,SRR23530177
SA,2023-01,SRR23907275
SA,2023-01,SRR23345407
SA,2023-01,SRR23318771
SA,2023-01,SRR23530181
SA,2023-01,SRR23381169
SA,2023-01,SRR23345351
SA,2023-01,SRR23381168
SA,2023-01,SRR23345336
SA,2023-01,SRR23530328
SA,2023-01,SRR23907264
SA,2023-01,SRR23318686
SA,2023-01,SRR23345392
SA,2023-01,SRR23345384
SA,2023-01,SRR23318659
SA,2023-01,SRR23318634
SA,2023-01,SRR23318670
SA,2023-01,SRR23318694
SA,2023-01,SRR23907194
SA,2023-01,SRR23907257
SA,2023-01,SRR23381273
SA,2023-01,SRR23907229
SA,2023-01,SRR23381175
SA,2023-01,SRR23907283
SA,2023-01,SRR23318856
SA,2023-01,SRR23318854
SA,2023-01,SRR23907273
SA,2023-01,SRR23345371
SA,2023-01,SRR23345402
SA,2023-01,SRR23318764
SA,2023-01,SRR23381127
SA,2023-01,SRR23318613
SA,2023-01,SRR23530156
SA,2023-01,SRR23318673
SA,2023-01,SRR23530274
SA,2023-01,SRR23907201
SA,2023-01,SRR23907288
SA,2023-01,SRR23381250
SA,2023-01,SRR23907220
SA,2023-01,SRR23318671
SA,2023-01,SRR23907196
SA,2023-01,SRR23345354
SA,2023-01,SRR23318696
SA,2023-01,SRR23530329
SA,2023-01,SRR23318609
SA,2023-01,SRR23530187
SA,2023-01,SRR23345388
SA,2023-01,SRR23318708
SA,2023-01,SRR23345391
SA,2023-01,SRR23318668
SA,2023-01,SRR23381241
SA,2023-01,SRR23318790
SA,2023-01,SRR23530255
SA,2023-01,SRR23381264
SA,2023-01,SRR23530302
SA,2023-01,SRR23907274
SA,2023-01,SRR23530163
SA,2023-01,SRR23318850
SA,2023-01,SRR23318699
SA,2023-01,SRR23381120
SA,2023-01,SRR23345403
SA,2023-01,SRR23318608
SA,2023-01,SRR23381176
SA,2023-01,SRR23318804
SA,2023-02,SRR23730628
SA,2023-02,SRR23730339
SA,2023-02,SRR23530176
SA,2023-02,SRR23907292
SA,2023-02,SRR23730428
SA,2023-02,SRR23730412
SA,2023-02,SRR23730400
SA,2023-02,SRR23730356
SA,2023-02,SRR23907290
SA,2023-02,SRR23730334
SA,2023-02,SRR23907225
SA,2023-02,SRR25517088
SA,2023-02,SRR23730577
SA,2023-02,SRR23530362
SA,2023-02,SRR23730602
SA,2023-02,SRR23730508
SA,2023-02,SRR23530183
SA,2023-02,SRR23530180
SA,2023-02,SRR23530397
SA,2023-02,SRR23730397
SA,2023-02,SRR23730405
SA,2023-02,SRR23730556
SA,2023-02,SRR23730608
SA,2023-02,SRR23530178
SA,2023-02,SRR23730585
SA,2023-02,SRR23730387
SA,2023-02,SRR23907252
SA,2023-02,SRR23907178
SA,2023-02,SRR23907240
SA,2023-02,SRR24124716
SA,2023-02,SRR23730506
SA,2023-02,SRR23730398
SA,2023-02,SRR23730522
SA,2023-02,SRR23730601
SA,2023-02,SRR23730431
SA,2023-02,SRR24124439
SA,2023-02,SRR23530115
SA,2023-02,SRR23907303
SA,2023-02,SRR24124436
SA,2023-02,SRR23730366
SA,2023-02,SRR23907238
SA,2023-02,SRR24124713
SA,2023-02,SRR23730465
SA,2023-02,SRR24124451
SA,2023-02,SRR23730364
SA,2023-02,SRR23730396
SA,2023-02,SRR23907306
SA,2023-02,SRR23730463
SA,2023-02,SRR24124719
SA,2023-02,SRR24124566
SA,2023-02,SRR23730486
SA,2023-02,SRR23530424
SA,2023-02,SRR23730475
SA,2023-02,SRR23730468
SA,2023-02,SRR23730609
SA,2023-02,SRR23730423
SA,2023-02,SRR23530201
SA,2023-02,SRR23907284
SA,2023-02,SRR23730530
SA,2023-02,SRR23730572
SA,2023-02,SRR23730347
SA,2023-02,SRR23730485
SA,2023-02,SRR23530330
SA,2023-02,SRR23730580
SA,2023-02,SRR23730439
SA,2023-02,SRR23730622
SA,2023-02,SRR23730616
SA,2023-02,SRR23730477
SA,2023-02,SRR23730594
SA,2023-02,SRR23730384
SA,2023-02,SRR23907242
SA,2023-02,SRR23530318
SA,2023-02,SRR23530228
SA,2023-02,SRR23907186
SA,2023-02,SRR23730402
SA,2023-02,SRR23730437
SA,2023-02,SRR23907326
SA,2023-02,SRR24124564
SA,2023-02,SRR23730333
SA,2023-02,SRR23907322
SA,2023-02,SRR24124433
SA,2023-02,SRR23730526
SA,2023-02,SRR23730626
SA,2023-02,SRR23730478
SA,2023-02,SRR23730368
SA,2023-02,SRR23730481
SA,2023-02,SRR23730473
SA,2023-02,SRR23730393
SA,2023-02,SRR23907222
SA,2023-02,SRR23730424
SA,2023-02,SRR24124538
SA,2023-02,SRR23907228
SA,2023-02,SRR23907177
SA,2023-02,SRR23530319
SA,2023-02,SRR23730611
SA,2023-02,SRR23907256
SA,2023-02,SRR23730372
SA,2023-02,SRR23730571
SA,2023-02,SRR24124723
SA,2023-02,SRR23907254
SA,2023-02,SRR23730531
SA,2023-02,SRR23907313
SA,2023-02,SRR23730426
SA,2023-02,SRR25517162
SA,2023-02,SRR23730583
SA,2023-02,SRR24124535
SA,2023-02,SRR23730457
SA,2023-02,SRR23530267
SA,2023-02,SRR23730403
SA,2023-02,SRR24124615
SA,2023-02,SRR23730451
SA,2023-02,SRR23730497
SA,2023-02,SRR23730425
SA,2023-02,SRR23530315
SA,2023-02,SRR23730394
SA,2023-02,SRR23730589
SA,2023-02,SRR23907221
SA,2023-02,SRR24124717
SA,2023-02,SRR23730553
SA,2023-02,SRR23730494
SA,2023-02,SRR23730630
SA,2023-02,SRR23730529
SA,2023-02,SRR23730358
SA,2023-02,SRR23907316
SA,2023-02,SRR24124721
SA,2023-02,SRR23730413
SA,2023-02,SRR24124560
SA,2023-02,SRR23730573
SA,2023-02,SRR23730422
SA,2023-02,SRR23730598
SA,2023-02,SRR23730511
SA,2023-02,SRR23730597
SA,2023-02,SRR23730496
SA,2023-02,SRR23907298
SA,2023-02,SRR23907226
SA,2023-02,SRR23730355
SA,2023-02,SRR23730558
SA,2023-02,SRR23730549
SA,2023-02,SRR23530384
SA,2023-02,SRR23530257
SA,2023-02,SRR23730338
SA,2023-02,SRR23730363
SA,2023-02,SRR24124437
SA,2023-02,SRR24124435
SA,2023-02,SRR23730605
SA,2023-02,SRR23530277
SA,2023-02,SRR23730489
SA,2023-02,SRR23730487
SA,2023-02,SRR23730534
SA,2023-02,SRR23730568
SA,2023-02,SRR23730415
SA,2023-02,SRR23730581
SA,2023-02,SRR23530153
SA,2023-02,SRR23730340
SA,2023-02,SRR23907311
SA,2023-02,SRR23907249
SA,2023-02,SRR24124434
SA,2023-02,SRR25517092
SA,2023-02,SRR24124440
SA,2023-02,SRR23730515
SA,2023-02,SRR23730365
SA,2023-02,SRR23907258
SA,2023-02,SRR23530088
SA,2023-02,SRR23730625
SA,2023-02,SRR23730554
SA,2023-02,SRR23730376
SA,2023-02,SRR23730557
SA,2023-02,SRR23730336
SA,2023-02,SRR23730441
SA,2023-02,SRR23730584
SA,2023-02,SRR24124559
SA,2023-02,SRR23907239
SA,2023-02,SRR23730483
SA,2023-02,SRR23730367
SA,2023-02,SRR23730574
SA,2023-02,SRR23730569
SA,2023-02,SRR23530077
SA,2023-02,SRR23730455
SA,2023-02,SRR23730547
SA,2023-02,SRR23530161
SA,2023-02,SRR23907297
SA,2023-02,SRR23730620
SA,2023-02,SRR23730447
SA,2023-02,SRR23730409
SA,2023-02,SRR23530269
SA,2023-02,SRR23730410
SA,2023-02,SRR23907289
SA,2023-02,SRR23530357
SA,2023-02,SRR23730545
SA,2023-02,SRR23907294
SA,2023-02,SRR23730348
SA,2023-02,SRR23730349
SA,2023-02,SRR23730539
SA,2023-02,SRR23730369
SA,2023-02,SRR24124556
SA,2023-02,SRR23907317
SA,2023-02,SRR23907183
SA,2023-02,SRR23730388
SA,2023-02,SRR23730474
SA,2023-02,SRR23907329
SA,2023-03,SRR24152011
SA,2023-03,SRR24124484
SA,2023-03,SRR23907314
SA,2023-03,SRR24124583
SA,2023-03,SRR24124567
SA,2023-03,SRR24124546
SA,2023-03,SRR24124499
SA,2023-03,SRR24124479
SA,2023-03,SRR24151963
SA,2023-03,SRR24124471
SA,2023-03,SRR24151986
SA,2023-03,SRR24124660
SA,2023-03,SRR24124432
SA,2023-03,SRR23907331
SA,2023-03,SRR24124474
SA,2023-03,SRR24124543
SA,2023-03,SRR24124551
SA,2023-03,SRR24124703
SA,2023-03,SRR24151992
SA,2023-03,SRR23907327
SA,2023-03,SRR24151971
SA,2023-03,SRR24124529
SA,2023-03,SRR24152025
SA,2023-03,SRR24124658
SA,2023-03,SRR24124544
SA,2023-03,SRR24124673
SA,2023-03,SRR24151985
SA,2023-03,SRR24124585
SA,2023-03,SRR23907235
SA,2023-03,SRR24124509
SA,2023-03,SRR24152022
SA,2023-03,SRR24124618
SA,2023-03,SRR24152006
SA,2023-03,SRR24124507
SA,2023-03,SRR24124542
SA,2023-03,SRR24124616
SA,2023-03,SRR24152026
SA,2023-03,SRR24152019
SA,2023-03,SRR24124638
SA,2023-03,SRR24124476
SA,2023-03,SRR24124627
SA,2023-03,SRR24124620
SA,2023-03,SRR24124578
SA,2023-03,SRR24124447
SA,2023-03,SRR24124679
SA,2023-03,SRR24151958
SA,2023-03,SRR24124490
SA,2023-03,SRR24124637
SA,2023-03,SRR24124467
SA,2023-03,SRR24151966
SA,2023-03,SRR24124593
SA,2023-03,SRR24124629
SA,2023-03,SRR24151979
SA,2023-03,SRR24124526
SA,2023-03,SRR24124461
SA,2023-03,SRR24124448
SA,2023-03,SRR24124548
SA,2023-03,SRR24124591
SA,2023-03,SRR24152007
SA,2023-03,SRR24152017
SA,2023-03,SRR24124478
SA,2023-03,SRR24151995
SA,2023-03,SRR24152001
SA,2023-03,SRR24124676
SA,2023-03,SRR24124630
SA,2023-03,SRR24124511
SA,2023-03,SRR24124633
SA,2023-03,SRR24124625
SA,2023-03,SRR24124539
SA,2023-03,SRR24124579
SA,2023-03,SRR24124463
SA,2023-03,SRR24124515
SA,2023-03,SRR24151957
SA,2023-03,SRR25517082
SA,2023-03,SRR24151968
SA,2023-03,SRR24124680
SA,2023-03,SRR24151972
SA,2023-03,SRR24124581
SA,2023-03,SRR24152009
SA,2023-03,SRR24124609
SA,2023-03,SRR24124454
SA,2023-03,SRR24124549
SA,2023-03,SRR24152021
SA,2023-03,SRR24124604
SA,2023-03,SRR24124649
SA,2023-03,SRR24124580
SA,2023-03,SRR24124459
SA,2023-03,SRR24124540
SA,2023-03,SRR24124711
SA,2023-03,SRR24124707
SA,2023-03,SRR24124700
SA,2023-03,SRR24124646
SA,2023-03,SRR24124678
SA,2023-03,SRR24124501
SA,2023-03,SRR24151991
SA,2023-03,SRR24151981
SA,2023-03,SRR24151987
SA,2023-03,SRR24124634
SA,2023-03,SRR24124586
SA,2023-03,SRR24124709
SA,2023-03,SRR24124495
SA,2023-03,SRR24124635
SA,2023-03,SRR24124592
SA,2023-03,SRR24124541
SA,2023-03,SRR24152008
SA,2023-03,SRR24124691
SA,2023-03,SRR24124530
SA,2023-03,SRR24124520
SA,2023-03,SRR24124483
SA,2023-03,SRR24124699
SA,2023-03,SRR24124572
SA,2023-03,SRR24124568
SA,2023-03,SRR24151978
SA,2023-03,SRR24152023
SA,2023-03,SRR25517086
SA,2023-03,SRR24124664
SA,2023-03,SRR24151953
SA,2023-03,SRR24124466
SA,2023-03,SRR24124603
SA,2023-03,SRR24151975
SA,2023-03,SRR24152016
SA,2023-03,SRR24152002
SA,2023-03,SRR24124705
SA,2023-03,SRR24124595
SA,2023-03,SRR24124712
SA,2023-03,SRR24151980
SA,2023-03,SRR24124525
SA,2023-03,SRR24124670
SA,2023-03,SRR24151974
SA,2023-03,SRR24124704
SA,2023-03,SRR24124491
SA,2023-03,SRR24124584
SA,2023-03,SRR23907190
SA,2023-03,SRR24124672
SA,2023-03,SRR24124628
SA,2023-03,SRR24124455
SA,2023-03,SRR24152003
SA,2023-03,SRR24124695
SA,2023-03,SRR24124636
SA,2023-03,SRR24124496
SA,2023-03,SRR24124640
SA,2023-03,SRR24124607
SA,2023-03,SRR24151962
SA,2023-03,SRR24124677
SA,2023-03,SRR24124503
SA,2023-03,SRR24152018
SA,2023-03,SRR24124674
SA,2023-03,SRR24151977
SA,2023-03,SRR23907179
SA,2023-03,SRR24124659
SA,2023-03,SRR24124644
SA,2023-03,SRR24124694
SA,2023-03,SRR24124570
SA,2023-03,SRR24124639
SA,2023-03,SRR24124472
SA,2023-03,SRR24124571
SA,2023-03,SRR24124453
SA,2023-03,SRR24124675
SA,2023-03,SRR24124504
SA,2023-03,SRR24124606
SA,2023-03,SRR24151961
SA,2023-03,SRR24124598
SA,2023-03,SRR24124477
SA,2023-03,SRR24151970
SA,2023-03,SRR24124523
SA,2023-03,SRR24124468
SA,2023-03,SRR24151956
SA,2023-03,SRR24124702
SA,2023-03,SRR24124645
SA,2023-03,SRR24124596
SA,2023-03,SRR24124510
SA,2023-03,SRR24151960
SA,2023-03,SRR23907241
SA,2023-03,SRR24124650
SA,2023-03,SRR24124686
SA,2023-03,SRR24124506
SA,2023-03,SRR24124488
SA,2023-03,SRR23907330
SA,2023-03,SRR24124617
SA,2023-03,SRR24124588
SA,2023-03,SRR24124445
SA,2023-03,SRR24124446
SA,2023-03,SRR24124557
SA,2023-03,SRR24124438
SA,2023-03,SRR24151964
SA,2023-03,SRR24124458
SA,2023-03,SRR24124652
SA,2023-03,SRR24124553
SA,2023-03,SRR25517083
SA,2023-03,SRR24124469
SA,2023-03,SRR24124642
SA,2023-03,SRR24124626
SA,2023-03,SRR24124632
SA,2023-03,SRR24124671
SA,2023-03,SRR24124481
SA,2023-03,SRR24151993
SA,2023-03,SRR24151973
SA,2023-03,SRR24152000
SA,2023-03,SRR24124687
SA,2023-03,SRR24151982
SA,2023-04,SRR24804150
SA,2023-04,SRR24804151
SA,2023-04,SRR24804159
SA,2023-04,SRR24804170
SA,2023-04,SRR24804180
SA,2023-04,SRR24804181
SA,2023-04,SRR24804192
SA,2023-04,SRR24804203
SA,2023-04,SRR24804210
SA,2023-04,SRR24804211
SA,2023-04,SRR24804212
SA,2023-04,SRR24804213
SA,2023-04,SRR24804214
SA,2023-04,SRR24804215
SA,2023-04,SRR24804216
SA,2023-04,SRR24804217
SA,2023-04,SRR24804218
SA,2023-04,SRR24804219
SA,2023-04,SRR24804220
SA,2023-04,SRR24804221
SA,2023-04,SRR24804222
SA,2023-04,SRR24804223
SA,2023-04,SRR24804224
SA,2023-04,SRR24804225
SA,2023-04,SRR24804226
SA,2023-04,SRR24804339
SA,2023-04,SRR24804340
SA,2023-04,SRR24804341
SA,2023-04,SRR24804342
SA,2023-04,SRR24804343
SA,2023-04,SRR24804344
SA,2023-04,SRR24804345
SA,2023-04,SRR24804346
SA,2023-04,SRR24804347
SA,2023-04,SRR24804348
SA,2023-04,SRR24804349
SA,2023-04,SRR24804350
SA,2023-04,SRR24804351
SA,2023-04,SRR24804352
SA,2023-04,SRR24804353
SA,2023-04,SRR24804354
SA,2023-04,SRR24804355
SA,2023-04,SRR24804356
SA,2023-04,SRR24804357
SA,2023-04,SRR24804358
SA,2023-04,SRR24804359
SA,2023-04,SRR24804360
SA,2023-04,SRR24804361
SA,2023-04,SRR24804362
SA,2023-04,SRR24804363
SA,2023-04,SRR24804364
SA,2023-04,SRR24804365
SA,2023-04,SRR24804366
SA,2023-04,SRR24804367
SA,2023-04,SRR24804368
SA,2023-04,SRR24804369
SA,2023-04,SRR24804370
SA,2023-04,SRR25517085
SA,2023-04,SRR25517096
SA,2023-04,SRR25517107
SA,2023-04,SRR25517118
SA,2023-04,SRR25517128
SA,2023-04,SRR25517129
SA,2023-04,SRR25517130
SA,2023-04,SRR25517137
SA,2023-04,SRR25517138
SA,2023-04,SRR25517139
SA,2023-04,SRR25517140
SA,2023-04,SRR25517141
SA,2023-04,SRR25517142
SA,2023-04,SRR25517143
SA,2023-04,SRR25517144
SA,2023-04,SRR25517145
SA,2023-04,SRR25517146
SA,2023-04,SRR25517147
SA,2023-04,SRR25517148
SA,2023-04,SRR25517149
SA,2023-04,SRR25517150
SA,2023-04,SRR25517151
SA,2023-04,SRR25517152
SA,2023-04,SRR25517153
SA,2023-04,SRR25517154
SA,2023-04,SRR25517155
SA,2023-04,SRR25517156
SA,2023-04,SRR25517157
SA,2023-04,SRR25517158
SA,2023-04,SRR25517159
SA,2023-04,SRR25517160
SA,2023-04,SRR25517161
SA,2023-04,SRR25517163
SA,2023-04,SRR25517164
SA,2023-04,SRR25517165
SA,2023-04,SRR25517169
SA,2023-04,SRR25517170
SA,2023-04,SRR25517171
SA,2023-04,SRR25517172
SA,2023-05,SRR24804160
SA,2023-05,SRR24804161
SA,2023-05,SRR24804162
SA,2023-05,SRR24804163
SA,2023-05,SRR24804164
SA,2023-05,SRR24804165
SA,2023-05,SRR24804166
SA,2023-05,SRR24804167
SA,2023-05,SRR24804168
SA,2023-05,SRR24804169
SA,2023-05,SRR24804171
SA,2023-05,SRR24804172
SA,2023-05,SRR24804173
SA,2023-05,SRR24804174
SA,2023-05,SRR24804175
SA,2023-05,SRR24804176
SA,2023-05,SRR24804177
SA,2023-05,SRR24804178
SA,2023-05,SRR24804179
SA,2023-05,SRR24804182
SA,2023-05,SRR24804183
SA,2023-05,SRR24804184
SA,2023-05,SRR24804185
SA,2023-05,SRR24804186
SA,2023-05,SRR24804187
SA,2023-05,SRR24804188
SA,2023-05,SRR24804189
SA,2023-05,SRR24804190
SA,2023-05,SRR24804191
SA,2023-05,SRR24804193
SA,2023-05,SRR24804194
SA,2023-05,SRR24804195
SA,2023-05,SRR24804196
SA,2023-05,SRR24804197
SA,2023-05,SRR24804198
SA,2023-05,SRR24804199
SA,2023-05,SRR24804200
SA,2023-05,SRR24804201
SA,2023-05,SRR24804202
SA,2023-05,SRR24804204
SA,2023-05,SRR24804205
SA,2023-05,SRR24804206
SA,2023-05,SRR24804207
SA,2023-05,SRR24804208
SA,2023-05,SRR24804209
SA,2023-05,SRR24873937
SA,2023-05,SRR24873938
SA,2023-05,SRR24873939
SA,2023-05,SRR24873940
SA,2023-05,SRR24873941
SA,2023-05,SRR24873942
SA,2023-05,SRR24873943
SA,2023-05,SRR24873944
SA,2023-05,SRR24873945
SA,2023-05,SRR24873946
SA,2023-05,SRR24873947
SA,2023-05,SRR24873948
SA,2023-05,SRR24873949
SA,2023-05,SRR24873950
SA,2023-05,SRR24873951
SA,2023-05,SRR24873952
SA,2023-05,SRR24873953
SA,2023-05,SRR24873954
SA,2023-05,SRR24873955
SA,2023-05,SRR24873956
SA,2023-05,SRR24873957
SA,2023-05,SRR24873958
SA,2023-05,SRR24873959
SA,2023-05,SRR24873960
SA,2023-05,SRR24873961
SA,2023-05,SRR24873962
SA,2023-05,SRR24873963
SA,2023-05,SRR24873964
SA,2023-05,SRR24873965
SA,2023-05,SRR24873966
SA,2023-05,SRR24873967
SA,2023-05,SRR24873968
SA,2023-05,SRR24873969
SA,2023-05,SRR24873970
SA,2023-05,SRR24873971
SA,2023-05,SRR24873972
SA,2023-05,SRR24873973
SA,2023-05,SRR25003564
SA,2023-05,SRR25003565
SA,2023-05,SRR25003566
SA,2023-05,SRR25003567
SA,2023-05,SRR25003568
SA,2023-05,SRR25003569
SA,2023-05,SRR25003579
SA,2023-05,SRR25003580
SA,2023-05,SRR25003581
SA,2023-05,SRR25003582
SA,2023-05,SRR25003583
SA,2023-05,SRR25003584
SA,2023-05,SRR25003585
SA,2023-05,SRR25003586
SA,2023-05,SRR25003587
SA,2023-05,SRR25003588
SA,2023-05,SRR25003589
SA,2023-05,SRR25003590
SA,2023-05,SRR25003591
SA,2023-05,SRR25003592
SA,2023-05,SRR25003593
SA,2023-05,SRR25003594
SA,2023-05,SRR25003595
SA,2023-05,SRR25003596
SA,2023-05,SRR25003597
SA,2023-05,SRR25003598
SA,2023-05,SRR25003599
SA,2023-05,SRR25003600
SA,2023-05,SRR25003601
SA,2023-05,SRR25003602
SA,2023-05,SRR25517116
SA,2023-05,SRR25517117
SA,2023-05,SRR25517119
SA,2023-05,SRR25517120
SA,2023-05,SRR25517121
SA,2023-05,SRR25517122
SA,2023-05,SRR25517123
SA,2023-05,SRR25517124
SA,2023-05,SRR25517125
SA,2023-05,SRR25517126
SA,2023-05,SRR25517127
SA,2023-05,SRR25517131
SA,2023-05,SRR25517132
SA,2023-05,SRR25517133
SA,2023-05,SRR25517134
SA,2023-05,SRR25517135
SA,2023-05,SRR25517136
SA,2023-05,SRR26584038
SA,2023-06,SRR25003570
SA,2023-06,SRR25003571
SA,2023-06,SRR25003572
SA,2023-06,SRR25003573
SA,2023-06,SRR25003574
SA,2023-06,SRR25003575
SA,2023-06,SRR25003576
SA,2023-06,SRR25003577
SA,2023-06,SRR25003578
SA,2023-06,SRR26583963
SA,2023-06,SRR26583974
SA,2023-06,SRR26583985
SA,2023-06,SRR26584074
SA,2023-06,SRR26584075
SA,2023-06,SRR27676400
SA,2023-07,SRR26583932
SA,2023-07,SRR26583943
SA,2023-07,SRR26583952
SA,2023-07,SRR26583981
SA,2023-07,SRR26583982
SA,2023-07,SRR26583983
SA,2023-07,SRR26583984
SA,2023-07,SRR26583986
SA,2023-07,SRR26583987
SA,2023-07,SRR26583988
SA,2023-07,SRR26584007
SA,2023-07,SRR26584018
SA,2023-07,SRR26584028
SA,2023-07,SRR26584029
SA,2023-07,SRR26584031
SA,2023-07,SRR26584040
SA,2023-07,SRR26584051
SA,2023-07,SRR26584062
SA,2023-07,SRR26584073
SA,2023-07,SRR27676330
SA,2023-07,SRR27676365
SA,2023-07,SRR27676366
SA,2023-07,SRR27676373
SA,2023-07,SRR27676401
SA,2023-07,SRR27676405
SA,2023-07,SRR27676408
SA,2023-07,SRR27676410
SA,2023-08,SRR26583933
SA,2023-08,SRR26583934
SA,2023-08,SRR26583951
SA,2023-08,SRR26583956
SA,2023-08,SRR26583957
SA,2023-08,SRR26583960
SA,2023-08,SRR26583961
SA,2023-08,SRR26583964
SA,2023-08,SRR26583967
SA,2023-08,SRR26583968
SA,2023-08,SRR26583969
SA,2023-08,SRR26583970
SA,2023-08,SRR26583971
SA,2023-08,SRR26583972
SA,2023-08,SRR26583973
SA,2023-08,SRR26583975
SA,2023-08,SRR26583976
SA,2023-08,SRR26583977
SA,2023-08,SRR26583978
SA,2023-08,SRR26583979
SA,2023-08,SRR26583980
SA,2023-08,SRR26583994
SA,2023-08,SRR26584005
SA,2023-08,SRR26584012
SA,2023-08,SRR26584013
SA,2023-08,SRR26584014
SA,2023-08,SRR26584016
SA,2023-08,SRR26584020
SA,2023-08,SRR26584021
SA,2023-08,SRR26584022
SA,2023-08,SRR26584024
SA,2023-08,SRR26584027
SA,2023-08,SRR26584034
SA,2023-08,SRR26584046
SA,2023-08,SRR26584048
SA,2023-08,SRR26584053
SA,2023-08,SRR26584054
SA,2023-08,SRR26584065
SA,2023-08,SRR26584066
SA,2023-08,SRR27676334
SA,2023-08,SRR27676363
SA,2023-08,SRR27676367
SA,2023-08,SRR27676369
SA,2023-08,SRR27676391
SA,2023-08,SRR27676394
SA,2023-08,SRR27676411
SA,2023-09,SRR26583927
SA,2023-09,SRR26583928
SA,2023-09,SRR26583929
SA,2023-09,SRR26583930
SA,2023-09,SRR26583935
SA,2023-09,SRR26583936
SA,2023-09,SRR26583937
SA,2023-09,SRR26583938
SA,2023-09,SRR26583939
SA,2023-09,SRR26583940
SA,2023-09,SRR26583941
SA,2023-09,SRR26583942
SA,2023-09,SRR26583944
SA,2023-09,SRR26583945
SA,2023-09,SRR26583946
SA,2023-09,SRR26583947
SA,2023-09,SRR26583948
SA,2023-09,SRR26583949
SA,2023-09,SRR26583950
SA,2023-09,SRR26583953
SA,2023-09,SRR26583954
SA,2023-09,SRR26583955
SA,2023-09,SRR26583958
SA,2023-09,SRR26583959
SA,2023-09,SRR26583962
SA,2023-09,SRR26583965
SA,2023-09,SRR26583991
SA,2023-09,SRR26583992
SA,2023-09,SRR26583993
SA,2023-09,SRR26583995
SA,2023-09,SRR26583996
SA,2023-09,SRR26583997
SA,2023-09,SRR26583998
SA,2023-09,SRR26583999
SA,2023-09,SRR26584000
SA,2023-09,SRR26584001
SA,2023-09,SRR26584002
SA,2023-09,SRR26584003
SA,2023-09,SRR26584004
SA,2023-09,SRR26584006
SA,2023-09,SRR26584008
SA,2023-09,SRR26584009
SA,2023-09,SRR26584010
SA,2023-09,SRR26584011
SA,2023-09,SRR26584015
SA,2023-09,SRR26584017
SA,2023-09,SRR26584019
SA,2023-09,SRR26584023
SA,2023-09,SRR26584025
SA,2023-09,SRR26584026
SA,2023-09,SRR26584030
SA,2023-09,SRR26584032
SA,2023-09,SRR26584033
SA,2023-09,SRR26584035
SA,2023-09,SRR26584036
SA,2023-09,SRR26584037
SA,2023-09,SRR26584039
SA,2023-09,SRR26584041
SA,2023-09,SRR26584042
SA,2023-09,SRR26584043
SA,2023-09,SRR26584044
SA,2023-09,SRR26584045
SA,2023-09,SRR26584047
SA,2023-09,SRR26584049
SA,2023-09,SRR26584052
SA,2023-09,SRR26584055
SA,2023-09,SRR26584056
SA,2023-09,SRR26584057
SA,2023-09,SRR26584058
SA,2023-09,SRR26584059
SA,2023-09,SRR26584060
SA,2023-09,SRR26584063
SA,2023-09,SRR26584064
SA,2023-09,SRR26584067
SA,2023-09,SRR26584068
SA,2023-09,SRR26584069
SA,2023-09,SRR26584070
SA,2023-09,SRR26976745
SA,2023-09,SRR26976746
SA,2023-09,SRR26976747
SA,2023-09,SRR26976774
SA,2023-09,SRR26976780
SA,2023-09,SRR26976789
SA,2023-09,SRR26976791
SA,2023-09,SRR26976795
SA,2023-09,SRR26976797
SA,2023-09,SRR27676335
SA,2023-09,SRR27676374
SA,2023-09,SRR27676395
SA,2023-09,SRR27676397
SA,2023-09,SRR27676398
SA,2023-09,SRR27676399
SA,2023-10,SRR26584071
SA,2023-10,SRR26976742
SA,2023-10,SRR26976743
SA,2023-10,SRR26976744
SA,2023-10,SRR26976748
SA,2023-10,SRR26976749
SA,2023-10,SRR26976750
SA,2023-10,SRR26976751
SA,2023-10,SRR26976752
SA,2023-10,SRR26976753
SA,2023-10,SRR26976754
SA,2023-10,SRR26976755
SA,2023-10,SRR26976756
SA,2023-10,SRR26976757
SA,2023-10,SRR26976758
SA,2023-10,SRR26976759
SA,2023-10,SRR26976760
SA,2023-10,SRR26976761
SA,2023-10,SRR26976762
SA,2023-10,SRR26976763
SA,2023-10,SRR26976764
SA,2023-10,SRR26976765
SA,2023-10,SRR26976766
SA,2023-10,SRR26976767
SA,2023-10,SRR26976768
SA,2023-10,SRR26976769
SA,2023-10,SRR26976770
SA,2023-10,SRR26976771
SA,2023-10,SRR26976772
SA,2023-10,SRR26976773
SA,2023-10,SRR26976775
SA,2023-10,SRR26976776
SA,2023-10,SRR26976777
SA,2023-10,SRR26976778
SA,2023-10,SRR26976779
SA,2023-10,SRR26976781
SA,2023-10,SRR26976782
SA,2023-10,SRR26976783
SA,2023-10,SRR26976784
SA,2023-10,SRR26976785
SA,2023-10,SRR26976786
SA,2023-10,SRR26976787
SA,2023-10,SRR26976788
SA,2023-10,SRR26976790
SA,2023-10,SRR26976792
SA,2023-10,SRR26976793
SA,2023-10,SRR26976794
SA,2023-10,SRR26976796
SA,2023-10,SRR26976798
SA,2023-10,SRR26976799
SA,2023-10,SRR26976800
SA,2023-10,SRR26976801
SA,2023-10,SRR26976802
SA,2023-10,SRR26976803
SA,2023-10,SRR26976804
SA,2023-10,SRR27676328
SA,2023-10,SRR27676336
SA,2023-10,SRR27676337
SA,2023-10,SRR27676364
SA,2023-10,SRR27676377
SA,2023-10,SRR27676403
SA,2023-10,SRR27676407
SA,2023-10,SRR27676425
SA,2023-10,SRR27676436
SA,2023-10,SRR27676437
SA,2023-11,SRR27676314
SA,2023-11,SRR27676315
SA,2023-11,SRR27676316
SA,2023-11,SRR27676317
SA,2023-11,SRR27676318
SA,2023-11,SRR27676319
SA,2023-11,SRR27676320
SA,2023-11,SRR27676321
SA,2023-11,SRR27676322
SA,2023-11,SRR27676323
SA,2023-11,SRR27676324
SA,2023-11,SRR27676325
SA,2023-11,SRR27676326
SA,2023-11,SRR27676327
SA,2023-11,SRR27676329
SA,2023-11,SRR27676331
SA,2023-11,SRR27676332
SA,2023-11,SRR27676333
SA,2023-11,SRR27676341
SA,2023-11,SRR27676344
SA,2023-11,SRR27676346
SA,2023-11,SRR27676347
SA,2023-11,SRR27676348
SA,2023-11,SRR27676349
SA,2023-11,SRR27676350
SA,2023-11,SRR27676351
SA,2023-11,SRR27676352
SA,2023-11,SRR27676353
SA,2023-11,SRR27676355
SA,2023-11,SRR27676356
SA,2023-11,SRR27676357
SA,2023-11,SRR27676358
SA,2023-11,SRR27676359
SA,2023-11,SRR27676360
SA,2023-11,SRR27676361
SA,2023-11,SRR27676362
SA,2023-11,SRR27676368
SA,2023-11,SRR27676370
SA,2023-11,SRR27676371
SA,2023-11,SRR27676375
SA,2023-11,SRR27676376
SA,2023-11,SRR27676378
SA,2023-11,SRR27676379
SA,2023-11,SRR27676385
SA,2023-11,SRR27676393
SA,2023-11,SRR27676396
SA,2023-11,SRR27676402
SA,2023-11,SRR27676404
SA,2023-11,SRR27676406
SA,2023-11,SRR27676409
SA,2023-11,SRR27676412
SA,2023-11,SRR27676413
SA,2023-11,SRR27676414
SA,2023-11,SRR27676421
SA,2023-11,SRR27676426
SA,2023-11,SRR27676430
SA,2023-11,SRR27676434
SA,2023-11,SRR27676438
SA,2023-12,SRR27676340
SA,2023-12,SRR27676389
SA,2023-12,SRR27676416
SA,2024-01,SRR27676339
SA,2024-01,SRR27676381
SA,2024-01,SRR27676382
SA,2024-01,SRR27676383
SA,2024-01,SRR27676387
SA,2024-01,SRR27676388
SA,2024-01,SRR27676415
SA,2024-01,SRR27676417
SA,2024-01,SRR27676419
SA,2024-01,SRR27676420
SA,2024-01,SRR27676423
SA,2024-01,SRR27676424
SA,2024-01,SRR27676428
SA,2024-01,SRR27676429
SA,2024-01,SRR27676432
SA,2024-01,SRR27676433
SA,2024-01,SRR27870408
SA,2024-01,SRR27870409
SA,2024-01,SRR27870410
SA,2024-01,SRR27870411
SA,2024-01,SRR27870412
SA,2024-01,SRR27870413
SA,2024-01,SRR27870414
SA,2024-01,SRR27870415
SA,2024-01,SRR27870416
SA,2024-01,SRR27870417
SA,2024-01,SRR27870418
SA,2024-01,SRR27870419
SA,2024-01,SRR27870420
SA,2024-01,SRR27870421
SA,2024-01,SRR27870422
SA,2024-01,SRR27870423
SA,2024-01,SRR27870424
SA,2024-01,SRR27870425
SA,2024-01,SRR27870426
SA,2024-01,SRR27870427
SA,2024-01,SRR27870428
SA,2024-01,SRR27870429
SA,2024-01,SRR27870430
SA,2024-01,SRR27870431
SA,2024-01,SRR27870432
SA,2024-01,SRR27870433
SA,2024-01,SRR27870434
SA,2024-01,SRR27870435
SA,2024-01,SRR27870436
SA,2024-01,SRR27870437
SA,2024-01,SRR27870438
SA,2024-01,SRR27870439
SA,2024-01,SRR27870440
SA,2024-01,SRR27870441
SA,2024-01,SRR27870442
SA,2024-01,SRR27870443
SA,2024-01,SRR28286255
SA,2024-01,SRR28286258
SA,2024-01,SRR28286259
SA,2024-01,SRR28286262
SA,2024-01,SRR28286268
SA,2024-01,SRR28286270
SA,2024-01,SRR28286271
SA,2024-01,SRR28286272
SA,2024-01,SRR28286274
SA,2024-01,SRR28286282
SA,2024-02,SRR28286254
SA,2024-02,SRR28286256
SA,2024-02,SRR28286257
SA,2024-02,SRR28286260
SA,2024-02,SRR28286261
SA,2024-02,SRR28286263
SA,2024-02,SRR28286264
SA,2024-02,SRR28286265
SA,2024-02,SRR28286266
SA,2024-02,SRR28286267
SA,2024-02,SRR28286269
SA,2024-02,SRR28286273
SA,2024-02,SRR28286275
SA,2024-02,SRR28286276
SA,2024-02,SRR28286277
SA,2024-02,SRR28286278
SA,2024-02,SRR28286279
SA,2024-02,SRR28286280
SA,2024-02,SRR28286281
SA,2024-02,SRR28286283
SA,2024-02,SRR28286284
SA,2024-02,SRR28286285
SA,2024-02,SRR28286286
SA,2024-02,SRR29261504
SA,2024-02,SRR29261505
SA,2024-02,SRR29261506
SA,2024-02,SRR29261507
SA,2024-02,SRR29261508
SA,2024-02,SRR29261509
SA,2024-02,SRR29261510
SA,2024-02,SRR29261511
SA,2024-02,SRR29261512
SA,2024-02,SRR29261513
SA,2024-02,SRR29261514
SA,2024-02,SRR29261515
SA,2024-02,SRR29261516
SA,2024-02,SRR29261517
SA,2024-02,SRR29261518
SA,2024-02,SRR29261519
SA,2024-02,SRR29261520
SA,2024-02,SRR29261522
SA,2024-02,SRR29261523
SA,2024-02,SRR29261525
SA,2024-02,SRR29261526
SA,2024-02,SRR29261527
SA,2024-02,SRR29261528
SA,2024-02,SRR29261529
SA,2024-02,SRR29261530
SA,2024-02,SRR29261531
SA,2024-02,SRR29261532
SA,2024-02,SRR29261533
SA,2024-02,SRR29261534
SA,2024-02,SRR29261535
SA,2024-02,SRR29261536
SA,2024-02,SRR29261537
SA,2024-02,SRR29261538
SA,2024-02,SRR29261539
SA,2024-02,SRR29261540
SA,2024-02,SRR29261541
SA,2024-02,SRR29261542
SA,2024-02,SRR29261543
SA,2024-02,SRR29261544
SA,2024-02,SRR29261545
SA,2024-02,SRR29261546
SA,2024-02,SRR29261547
SA,2024-02,SRR29261548
SA,2024-02,SRR29261549
SA,2024-02,SRR29261550
SA,2024-02,SRR29261551
SA,2024-02,SRR29261552
SA,2024-02,SRR29261553
SA,2024-02,SRR29261556
SA,2024-02,SRR29261557
SA,2024-02,SRR29261558
SA,2024-02,SRR29261559
SA,2024-02,SRR29261560
SA,2024-02,SRR29261561
SA,2024-02,SRR29261562
SA,2024-02,SRR29261563
SA,2024-02,SRR29261564
SA,2024-02,SRR29261565
SA,2024-02,SRR29261566
SA,2024-02,SRR29261568
SA,2024-02,SRR29261569
SA,2024-02,SRR29261570
SA,2024-02,SRR29261571
SA,2024-02,SRR29261572
SA,2024-02,SRR29261573
SA,2024-02,SRR29261574
SA,2024-02,SRR29261575
SA,2024-02,SRR29261576
SA,2024-02,SRR29261577
SA,2024-02,SRR29261578
SA,2024-02,SRR29261579
SA,2024-02,SRR29261581
SA,2024-02,SRR29261582
SA,2024-02,SRR29261583
SA,2024-02,SRR29261584
SA,2024-02,SRR29261585
SA,2024-02,SRR29261586
SA,2024-02,SRR29261587
SA,2024-02,SRR29261588
SA,2024-02,SRR29261590
SA,2024-02,SRR29261591
SA,2024-02,SRR29261592
SA,2024-02,SRR29261593
SA,2024-03,SRR29261521
SA,2024-03,SRR29261524
SA,2024-03,SRR29261554
SA,2024-03,SRR29261555
SA,2024-03,SRR29261567
SA,2024-03,SRR29261580
SA,2024-03,SRR29261589
SA,2024-03,SRR29552992
SA,2024-04,SRR29552976
SA,2024-04,SRR29552985
SA,2024-04,SRR29553001
SA,2024-04,SRR29553002
SA,2024-04,SRR29553003
SA,2024-04,SRR29553004
SA,2024-04,SRR29553005
SA,2024-04,SRR29553006
SA,2024-04,SRR29553007
SA,2024-04,SRR29553010
SA,2024-04,SRR29553011
SA,2024-04,SRR29553013
SA,2024-04,SRR29553014
SA,2024-04,SRR29553015
SA,2024-04,SRR29553017
SA,2024-04,SRR29553018
SA,2024-04,SRR29553019
SA,2024-04,SRR29553020
SA,2024-04,SRR29553022
SA,2024-04,SRR29553023
SA,2024-04,SRR29553024
SA,2024-04,SRR29553026
SA,2024-04,SRR29553027
SA,2024-04,SRR29553028
SA,2024-04,SRR29553030
SA,2024-04,SRR29553031
SA,2024-04,SRR29553033
SA,2024-04,SRR29553034
SA,2024-04,SRR29553035
SA,2024-04,SRR29553040
SA,2024-04,SRR29553050
SA,2024-04,SRR29553051
SA,2024-04,SRR29553059
SA,2024-04,SRR29553070
SA,2024-04,SRR29553076
SA,2024-04,SRR29553077
SA,2024-04,SRR29553078
SA,2024-04,SRR29553086
SA,2024-04,SRR29553097
SA,2024-04,SRR29553098
SA,2024-04,SRR29553099
SA,2024-05,SRR29552966
SA,2024-05,SRR29552967
SA,2024-05,SRR29552968
SA,2024-05,SRR29552969
SA,2024-05,SRR29552970
SA,2024-05,SRR29552971
SA,2024-05,SRR29552972
SA,2024-05,SRR29552973
SA,2024-05,SRR29552974
SA,2024-05,SRR29552975
SA,2024-05,SRR29552977
SA,2024-05,SRR29552978
SA,2024-05,SRR29552979
SA,2024-05,SRR29552980
SA,2024-05,SRR29552981
SA,2024-05,SRR29552982
SA,2024-05,SRR29552983
SA,2024-05,SRR29552984
SA,2024-05,SRR29552986
SA,2024-05,SRR29552987
SA,2024-05,SRR29552988
SA,2024-05,SRR29552989
SA,2024-05,SRR29552990
SA,2024-05,SRR29552991
SA,2024-05,SRR29552993
SA,2024-05,SRR29552994
SA,2024-05,SRR29552995
SA,2024-05,SRR29552996
SA,2024-05,SRR29553008
SA,2024-05,SRR29553009
SA,2024-05,SRR29553016
SA,2024-05,SRR29553021
SA,2024-05,SRR29553029
SA,2024-05,SRR29553032
SA,2024-05,SRR29553036
SA,2024-05,SRR29553037
SA,2024-05,SRR29553038
SA,2024-05,SRR29553041
SA,2024-05,SRR29553042
SA,2024-05,SRR29553043
SA,2024-05,SRR29553044
SA,2024-05,SRR29553045
SA,2024-05,SRR29553046
SA,2024-05,SRR29553047
SA,2024-05,SRR29553048
SA,2024-05,SRR29553049
SA,2024-05,SRR29553052
SA,2024-05,SRR29553053
SA,2024-05,SRR29553054
SA,2024-05,SRR29553055
SA,2024-05,SRR29553056
SA,2024-05,SRR29553057
SA,2024-05,SRR29553058
SA,2024-05,SRR29553060
SA,2024-05,SRR29553061
SA,2024-05,SRR29553062
SA,2024-05,SRR29553063
SA,2024-05,SRR29553064
SA,2024-05,SRR29553065
SA,2024-05,SRR29553066
SA,2024-05,SRR29553067
SA,2024-05,SRR29553068
SA,2024-05,SRR29553069
SA,2024-05,SRR29553071
SA,2024-05,SRR29553072
SA,2024-05,SRR29553073
SA,2024-05,SRR29553074
SA,2024-05,SRR29553075
SA,2024-05,SRR29553079
SA,2024-05,SRR29553080
SA,2024-05,SRR29553081
SA,2024-05,SRR29553083
SA,2024-05,SRR29553084
SA,2024-05,SRR29553085
SA,2024-05,SRR29553087
SA,2024-05,SRR29553088
SA,2024-05,SRR29553089
SA,2024-05,SRR29553090
SA,2024-05,SRR29553091
SA,2024-05,SRR29553092
SA,2024-05,SRR29553093
SA,2024-05,SRR29553094
SA,2024-05,SRR29553095
SA,2024-05,SRR29553096
CA,2020-03,SRR13204774
CA,2020-03,SRR12348304
CA,2020-03,SRR12192416
CA,2020-03,SRR13297841
CA,2020-03,SRR12975637
CA,2020-03,SRR12349205
CA,2020-03,SRR12349046
CA,2020-03,SRR12348391
CA,2020-03,SRR13297816
CA,2020-03,SRR12348229
CA,2020-03,SRR13242777
CA,2020-03,SRR13297830
CA,2020-03,SRR15420280
CA,2020-03,SRR13188600
CA,2020-03,SRR12348211
CA,2020-03,SRR13195111
CA,2020-03,SRR13089125
CA,2020-03,SRR12245259
CA,2020-03,SRR12192445
CA,2020-03,SRR12348219
CA,2020-03,SRR12349040
CA,2020-03,SRR12349192
CA,2020-03,SRR13163421
CA,2020-03,SRR13195357
CA,2020-03,SRR12192419
CA,2020-03,SRR13193327
CA,2020-03,SRR12348911
CA,2020-03,SRR13243014
CA,2020-03,SRR13235591
CA,2020-03,SRR13242805
CA,2020-03,SRR19890628
CA,2020-03,SRR13089122
CA,2020-03,SRR12349042
CA,2020-03,SRR13106896
CA,2020-03,SRR13195110
CA,2020-03,SRR12980342
CA,2020-03,SRR14808848
CA,2020-03,SRR15420109
CA,2020-03,SRR11704818
CA,2020-03,SRR13297877
CA,2020-03,SRR14808815
CA,2020-03,SRR12348419
CA,2020-03,SRR13242801
CA,2020-03,SRR16166376
CA,2020-03,SRR13061417
CA,2020-03,SRR15514105
CA,2020-03,SRR12348415
CA,2020-03,SRR12349036
CA,2020-03,SRR13302824
CA,2020-03,SRR13061403
CA,2020-03,SRR19890669
CA,2020-03,SRR12348218
CA,2020-03,SRR13082634
CA,2020-03,SRR12348224
CA,2020-03,SRR13062604
CA,2020-03,SRR15418779
CA,2020-03,SRR13062563
CA,2020-03,SRR13204705
CA,2020-03,SRR12763512
CA,2020-03,SRR14808826
CA,2020-03,SRR12245317
CA,2020-03,SRR13243031
CA,2020-03,SRR13106913
CA,2020-03,SRR13188591
CA,2020-03,SRR12348374
CA,2020-03,SRR13063963
CA,2020-03,SRR12348199
CA,2020-03,SRR13188607
CA,2020-03,SRR13001520
CA,2020-03,SRR15418307
CA,2020-03,SRR13204757
CA,2020-03,SRR13204744
CA,2020-03,SRR15420134
CA,2020-03,SRR15420072
CA,2020-03,SRR13062626
CA,2020-03,SRR13193352
CA,2020-03,SRR12348767
CA,2020-03,SRR13242808
CA,2020-03,SRR12348162
CA,2020-03,SRR12245319
CA,2020-03,SRR13242706
CA,2020-03,SRR12349182
CA,2020-03,SRR13302836
CA,2020-03,SRR13001515
CA,2020-03,SRR12348202
CA,2020-03,SRR15418860
CA,2020-03,SRR15881520
CA,2020-03,SRR15420100
CA,2020-03,SRR12348228
CA,2020-03,SRR15513785
CA,2020-03,SRR15513876
CA,2020-03,SRR13106902
CA,2020-03,SRR13204767
CA,2020-03,SRR15418320
CA,2020-03,SRR13063863
CA,2020-03,SRR12348480
CA,2020-03,SRR13063940
CA,2020-03,SRR13062600
CA,2020-03,SRR12349025
CA,2020-03,SRR13242716
CA,2020-03,SRR12819232
CA,2020-03,SRR15515434
CA,2020-03,SRR13242786
CA,2020-03,SRR13235568
CA,2020-03,SRR12348180
CA,2020-03,SRR13204731
CA,2020-03,SRR15420135
CA,2020-03,SRR12348490
CA,2020-03,SRR13188588
CA,2020-03,SRR13243029
CA,2020-03,SRR19890689
CA,2020-03,SRR12348482
CA,2020-03,SRR13106948
CA,2020-03,SRR13082623
CA,2020-03,SRR12819235
CA,2020-03,SRR13204778
CA,2020-03,SRR13242791
CA,2020-03,SRR13188621
CA,2020-03,SRR12349041
CA,2020-03,SRR13242788
CA,2020-03,SRR13007825
CA,2020-03,SRR15418696
CA,2020-03,SRR13302830
CA,2020-03,SRR13302844
CA,2020-03,SRR12245330
CA,2020-03,SRR12349188
CA,2020-03,SRR15418051
CA,2020-03,SRR16166234
CA,2020-03,SRR14808809
CA,2020-03,SRR13007815
CA,2020-03,SRR13089103
CA,2020-03,SRR12819233
CA,2020-03,SRR12348047
CA,2020-03,SRR12349028
CA,2020-03,SRR13193341
CA,2020-03,SRR13243016
CA,2020-03,SRR13007814
CA,2020-03,SRR12349029
CA,2020-03,SRR13242699
CA,2020-03,SRR13163414
CA,2020-03,SRR13089098
CA,2020-03,SRR13204809
CA,2020-03,SRR13106909
CA,2020-03,SRR12348398
CA,2020-03,SRR12763513
CA,2020-03,SRR19890680
CA,2020-03,SRR12349208
CA,2020-03,SRR13297859
CA,2020-03,SRR15881495
CA,2020-03,SRR13188593
CA,2020-03,SRR12763507
CA,2020-03,SRR13297862
CA,2020-03,SRR13193360
CA,2020-03,SRR13106868
CA,2020-03,SRR13193359
CA,2020-03,SRR13089101
CA,2020-03,SRR15513348
CA,2020-03,SRR15419947
CA,2020-03,SRR12348390
CA,2020-03,SRR13163425
CA,2020-03,SRR13163406
CA,2020-03,SRR12348217
CA,2020-03,SRR13297872
CA,2020-03,SRR12245321
CA,2020-03,SRR12348302
CA,2020-03,SRR12348411
CA,2020-03,SRR13204756
CA,2020-03,SRR15513885
CA,2020-03,SRR13302875
CA,2020-03,SRR13242783
CA,2020-03,SRR15513880
CA,2020-03,SRR13195118
CA,2020-03,SRR12348044
CA,2020-03,SRR13082689
CA,2020-03,SRR13082645
CA,2020-03,SRR15514103
CA,2020-03,SRR13163377
CA,2020-03,SRR13188569
CA,2020-03,SRR12349213
CA,2020-03,SRR13188608
CA,2020-03,SRR11859133
CA,2020-03,SRR14808851
CA,2020-03,SRR13243020
CA,2020-03,SRR12348360
CA,2020-03,SRR13242785
CA,2020-03,SRR15513374
CA,2020-03,SRR13297866
CA,2020-03,SRR15420124
CA,2020-03,SRR13302831
CA,2020-03,SRR13204779
CA,2020-03,SRR15513877
CA,2020-03,SRR19890703
CA,2020-03,SRR15513361
CA,2020-03,SRR13106881
CA,2020-03,SRR12348417
CA,2020-03,SRR15420137
CA,2020-03,SRR11704814
CA,2020-03,SRR13243022
CA,2020-03,SRR13243017
CA,2020-03,SRR15513360
CA,2020-04,SRR15417992
CA,2020-04,SRR12348105
CA,2020-04,SRR11999413
CA,2020-04,SRR15513405
CA,2020-04,SRR12348865
CA,2020-04,SRR12348825
CA,2020-04,SRR12348523
CA,2020-04,SRR12348184
CA,2020-04,SRR15420214
CA,2020-04,SRR12348092
CA,2020-04,SRR15418440
CA,2020-04,SRR15513401
CA,2020-04,SRR16175952
CA,2020-04,SRR13194859
CA,2020-04,SRR12348072
CA,2020-04,SRR14446912
CA,2020-04,SRR12351609
CA,2020-04,SRR11999424
CA,2020-04,SRR11999422
CA,2020-04,SRR12348081
CA,2020-04,SRR12348518
CA,2020-04,SRR12348782
CA,2020-04,SRR12351814
CA,2020-04,SRR14808787
CA,2020-04,SRR11999419
CA,2020-04,SRR13195193
CA,2020-04,SRR12348456
CA,2020-04,SRR15418721
CA,2020-04,SRR15418254
CA,2020-04,SRR15418605
CA,2020-04,SRR16176695
CA,2020-04,SRR12351603
CA,2020-04,SRR12348520
CA,2020-04,SRR12351687
CA,2020-04,SRR14446767
CA,2020-04,SRR12348868
CA,2020-04,SRR15514126
CA,2020-04,SRR16175875
CA,2020-04,SRR11999387
CA,2020-04,SRR15513583
CA,2020-04,SRR15514110
CA,2020-04,SRR12348249
CA,2020-04,SRR15418550
CA,2020-04,SRR16176686
CA,2020-04,SRR12349033
CA,2020-04,SRR16176458
CA,2020-04,SRR12348243
CA,2020-04,SRR12348514
CA,2020-04,SRR15513714
CA,2020-04,SRR12349014
CA,2020-04,SRR19890676
CA,2020-04,SRR12348080
CA,2020-04,SRR12349151
CA,2020-04,SRR12348085
CA,2020-04,SRR12349102
CA,2020-04,SRR15881527
CA,2020-04,SRR12349059
CA,2020-04,SRR14808792
CA,2020-04,SRR12348853
CA,2020-04,SRR15514120
CA,2020-04,SRR11999436
CA,2020-04,SRR15418766
CA,2020-04,SRR12351698
CA,2020-04,SRR12661126
CA,2020-04,SRR12348153
CA,2020-04,SRR12349137
CA,2020-04,SRR12348059
CA,2020-04,SRR13195060
CA,2020-04,SRR12348884
CA,2020-04,SRR15514192
CA,2020-04,SRR14808856
CA,2020-04,SRR14808827
CA,2020-04,SRR16175942
CA,2020-04,SRR16166232
CA,2020-04,SRR12349108
CA,2020-04,SRR13689415
CA,2020-04,SRR12348449
CA,2020-04,SRR15418608
CA,2020-04,SRR11999463
CA,2020-04,SRR11999438
CA,2020-04,SRR15418341
CA,2020-04,SRR12348777
CA,2020-04,SRR15513830
CA,2020-04,SRR12348880
CA,2020-04,SRR12348060
CA,2020-04,SRR15881552
CA,2020-04,SRR16176674
CA,2020-04,SRR16175872
CA,2020-04,SRR12348091
CA,2020-04,SRR16176154
CA,2020-04,SRR16176446
CA,2020-04,SRR12351692
CA,2020-04,SRR15417976
CA,2020-04,SRR15514887
CA,2020-04,SRR12349111
CA,2020-04,SRR12348252
CA,2020-04,SRR12349122
CA,2020-04,SRR12349096
CA,2020-04,SRR12348508
CA,2020-04,SRR15418407
CA,2020-04,SRR12348857
CA,2020-04,SRR16176662
CA,2020-04,SRR15418477
CA,2020-04,SRR15418211
CA,2020-04,SRR11999465
CA,2020-04,SRR14808811
CA,2020-04,SRR16175943
CA,2020-04,SRR12348263
CA,2020-04,SRR12661122
CA,2020-04,SRR15418765
CA,2020-04,SRR19890686
CA,2020-04,SRR12348253
CA,2020-04,SRR12351704
CA,2020-04,SRR12349138
CA,2020-04,SRR12348860
CA,2020-04,SRR15417995
CA,2020-04,SRR15418490
CA,2020-04,SRR13195136
CA,2020-04,SRR12348519
CA,2020-04,SRR15418481
CA,2020-04,SRR12348948
CA,2020-04,SRR15881519
CA,2020-04,SRR15513734
CA,2020-04,SRR15513835
CA,2020-04,SRR11999449
CA,2020-04,SRR12348778
CA,2020-04,SRR15514169
CA,2020-04,SRR16176682
CA,2020-04,SRR15514109
CA,2020-04,SRR12348910
CA,2020-04,SRR12349216
CA,2020-04,SRR12348858
CA,2020-04,SRR11999459
CA,2020-04,SRR12348510
CA,2020-04,SRR13195275
CA,2020-04,SRR15418723
CA,2020-04,SRR12348909
CA,2020-04,SRR12348511
CA,2020-04,SRR15418324
CA,2020-04,SRR12351806
CA,2020-04,SRR12349186
CA,2020-04,SRR15418000
CA,2020-04,SRR12351697
CA,2020-04,SRR12348192
CA,2020-04,SRR12348854
CA,2020-04,SRR19890681
CA,2020-04,SRR12348834
CA,2020-04,SRR15513417
CA,2020-04,SRR16176667
CA,2020-04,SRR12763508
CA,2020-04,SRR12348852
CA,2020-04,SRR15513431
CA,2020-04,SRR13689425
CA,2020-04,SRR12351626
CA,2020-04,SRR13689424
CA,2020-04,SRR12349214
CA,2020-04,SRR16176129
CA,2020-04,SRR16166227
CA,2020-04,SRR12348183
CA,2020-04,SRR12351819
CA,2020-04,SRR12351796
CA,2020-04,SRR12348079
CA,2020-04,SRR15513549
CA,2020-04,SRR11999440
CA,2020-04,SRR12348102
CA,2020-04,SRR12348240
CA,2020-04,SRR14808849
CA,2020-04,SRR16176450
CA,2020-04,SRR15514041
CA,2020-04,SRR15418456
CA,2020-04,SRR16176448
CA,2020-04,SRR14808774
CA,2020-04,SRR11999457
CA,2020-04,SRR12349173
CA,2020-04,SRR12349159
CA,2020-04,SRR16176457
CA,2020-04,SRR12351734
CA,2020-04,SRR12488038
CA,2020-04,SRR12348839
CA,2020-04,SRR13195071
CA,2020-04,SRR11999397
CA,2020-04,SRR15514128
CA,2020-04,SRR15418728
CA,2020-04,SRR12348108
CA,2020-04,SRR15418459
CA,2020-04,SRR16176142
CA,2020-04,SRR15513501
CA,2020-04,SRR16175895
CA,2020-04,SRR15513815
CA,2020-04,SRR15417996
CA,2020-04,SRR16176447
CA,2020-04,SRR19890700
CA,2020-04,SRR16176135
CA,2020-04,SRR12351671
CA,2020-04,SRR12348246
CA,2020-04,SRR16175944
CA,2020-04,SRR11999378
CA,2020-04,SRR15418729
CA,2020-04,SRR15418725
CA,2020-04,SRR16176134
CA,2020-05,SRR16166401
CA,2020-05,SRR12349148
CA,2020-05,SRR12348132
CA,2020-05,SRR16167082
CA,2020-05,SRR12661077
CA,2020-05,SRR12661046
CA,2020-05,SRR12661006
CA,2020-05,SRR12351619
CA,2020-05,SRR16166801
CA,2020-05,SRR12349133
CA,2020-05,SRR16166545
CA,2020-05,SRR16167081
CA,2020-05,SRR16176363
CA,2020-05,SRR15418551
CA,2020-05,SRR12349053
CA,2020-05,SRR15513802
CA,2020-05,SRR13094810
CA,2020-05,SRR12348143
CA,2020-05,SRR12348140
CA,2020-05,SRR12349105
CA,2020-05,SRR12351778
CA,2020-05,SRR12661016
CA,2020-05,SRR13527045
CA,2020-05,SRR15513995
CA,2020-05,SRR12348135
CA,2020-05,SRR15419919
CA,2020-05,SRR12351751
CA,2020-05,SRR16166708
CA,2020-05,SRR16166476
CA,2020-05,SRR16166688
CA,2020-05,SRR18255882
CA,2020-05,SRR13094806
CA,2020-05,SRR12661003
CA,2020-05,SRR13195080
CA,2020-05,SRR15513800
CA,2020-05,SRR12661080
CA,2020-05,SRR16175939
CA,2020-05,SRR16176281
CA,2020-05,SRR12348069
CA,2020-05,SRR16167285
CA,2020-05,SRR16175934
CA,2020-05,SRR12351652
CA,2020-05,SRR16166683
CA,2020-05,SRR18255739
CA,2020-05,SRR12661160
CA,2020-05,SRR18255257
CA,2020-05,SRR12351642
CA,2020-05,SRR12351772
CA,2020-05,SRR16167494
CA,2020-05,SRR12661156
CA,2020-05,SRR18255888
CA,2020-05,SRR12349093
CA,2020-05,SRR12661201
CA,2020-05,SRR12349114
CA,2020-05,SRR12661179
CA,2020-05,SRR16176059
CA,2020-05,SRR12661164
CA,2020-05,SRR15514786
CA,2020-05,SRR12661066
CA,2020-05,SRR16175935
CA,2020-05,SRR12348473
CA,2020-05,SRR16166724
CA,2020-05,SRR13195171
CA,2020-05,SRR15418282
CA,2020-05,SRR12349165
CA,2020-05,SRR12661199
CA,2020-05,SRR12348823
CA,2020-05,SRR15418705
CA,2020-05,SRR12661102
CA,2020-05,SRR16176041
CA,2020-05,SRR15515521
CA,2020-05,SRR15515141
CA,2020-05,SRR16176356
CA,2020-05,SRR16176273
CA,2020-05,SRR12661182
CA,2020-05,SRR15420260
CA,2020-05,SRR12351727
CA,2020-05,SRR16166691
CA,2020-05,SRR12348808
CA,2020-05,SRR12348475
CA,2020-05,SRR16166491
CA,2020-05,SRR12661011
CA,2020-05,SRR16174406
CA,2020-05,SRR12661094
CA,2020-05,SRR12348824
CA,2020-05,SRR16176067
CA,2020-05,SRR18255734
CA,2020-05,SRR16176278
CA,2020-05,SRR12349132
CA,2020-05,SRR16176717
CA,2020-05,SRR16178084
CA,2020-05,SRR13195157
CA,2020-05,SRR16166215
CA,2020-05,SRR16176046
CA,2020-05,SRR12661185
CA,2020-05,SRR12351655
CA,2020-05,SRR12661191
CA,2020-05,SRR12661175
CA,2020-05,SRR12351765
CA,2020-05,SRR16166529
CA,2020-05,SRR12661069
CA,2020-05,SRR18255467
CA,2020-05,SRR16166585
CA,2020-05,SRR16166474
CA,2020-05,SRR12348812
CA,2020-05,SRR15514796
CA,2020-05,SRR16176357
CA,2020-05,SRR12351665
CA,2020-05,SRR15418200
CA,2020-05,SRR16166723
CA,2020-05,SRR18255892
CA,2020-05,SRR12351656
CA,2020-05,SRR13195185
CA,2020-05,SRR12661200
CA,2020-05,SRR12661072
CA,2020-05,SRR16166402
CA,2020-05,SRR16166673
CA,2020-05,SRR15418798
CA,2020-05,SRR12661002
CA,2020-05,SRR16166659
CA,2020-05,SRR12661143
CA,2020-05,SRR16176055
CA,2020-05,SRR16174280
CA,2020-05,SRR16174423
CA,2020-05,SRR12348774
CA,2020-05,SRR12661012
CA,2020-05,SRR16176027
CA,2020-05,SRR18255738
CA,2020-05,SRR16175933
CA,2020-05,SRR12661134
CA,2020-05,SRR12833530
CA,2020-05,SRR12661070
CA,2020-05,SRR12348801
CA,2020-05,SRR12351767
CA,2020-05,SRR15420198
CA,2020-05,SRR16166711
CA,2020-05,SRR12661133
CA,2020-05,SRR12351768
CA,2020-05,SRR16166483
CA,2020-05,SRR13526912
CA,2020-05,SRR12833524
CA,2020-05,SRR16166406
CA,2020-05,SRR13195169
CA,2020-05,SRR12351624
CA,2020-05,SRR12661067
CA,2020-05,SRR18255890
CA,2020-05,SRR12661048
CA,2020-05,SRR16167087
CA,2020-05,SRR18255730
CA,2020-05,SRR15418442
CA,2020-05,SRR12661065
CA,2020-05,SRR16167090
CA,2020-05,SRR15513771
CA,2020-05,SRR13194898
CA,2020-05,SRR15513752
CA,2020-05,SRR12833527
CA,2020-05,SRR16176377
CA,2020-05,SRR16176272
CA,2020-05,SRR12351618
CA,2020-05,SRR13527346
CA,2020-05,SRR13195419
CA,2020-05,SRR12349092
CA,2020-05,SRR16167136
CA,2020-05,SRR12348477
CA,2020-05,SRR12349146
CA,2020-05,SRR12351639
CA,2020-05,SRR15515450
CA,2020-05,SRR16178091
CA,2020-05,SRR16175918
CA,2020-05,SRR16166553
CA,2020-05,SRR16178088
CA,2020-05,SRR15513964
CA,2020-05,SRR12348798
CA,2020-05,SRR12661206
CA,2020-05,SRR12661202
CA,2020-05,SRR16178376
CA,2020-05,SRR13195262
CA,2020-05,SRR15418106
CA,2020-05,SRR12661053
CA,2020-05,SRR15418707
CA,2020-05,SRR12348116
CA,2020-05,SRR16176015
CA,2020-05,SRR16166714
CA,2020-05,SRR12349153
CA,2020-05,SRR16166556
CA,2020-05,SRR16176705
CA,2020-05,SRR16167101
CA,2020-05,SRR16176291
CA,2020-05,SRR16174281
CA,2020-05,SRR16166403
CA,2020-05,SRR16178085
CA,2020-05,SRR19890658
CA,2020-05,SRR16176645
CA,2020-05,SRR13194907
CA,2020-05,SRR12351649
CA,2020-05,SRR16176358
CA,2020-05,SRR12348054
CA,2020-05,SRR16166716
CA,2020-05,SRR16166712
CA,2020-05,SRR16176644
CA,2020-06,SRR16167476
CA,2020-06,SRR12833841
CA,2020-06,SRR12348951
CA,2020-06,SRR19413013
CA,2020-06,SRR13527372
CA,2020-06,SRR13527055
CA,2020-06,SRR13526945
CA,2020-06,SRR13195139
CA,2020-06,SRR18256066
CA,2020-06,SRR12833830
CA,2020-06,SRR16174998
CA,2020-06,SRR19413003
CA,2020-06,SRR16167018
CA,2020-06,SRR12833565
CA,2020-06,SRR16167231
CA,2020-06,SRR15513434
CA,2020-06,SRR12348958
CA,2020-06,SRR12348956
CA,2020-06,SRR12833711
CA,2020-06,SRR13526908
CA,2020-06,SRR13527002
CA,2020-06,SRR16166784
CA,2020-06,SRR16167271
CA,2020-06,SRR12348953
CA,2020-06,SRR16167102
CA,2020-06,SRR13195410
CA,2020-06,SRR18256045
CA,2020-06,SRR16167491
CA,2020-06,SRR18255721
CA,2020-06,SRR19890392
CA,2020-06,SRR15513429
CA,2020-06,SRR13526931
CA,2020-06,SRR15514854
CA,2020-06,SRR16167230
CA,2020-06,SRR13527419
CA,2020-06,SRR12348926
CA,2020-06,SRR13195288
CA,2020-06,SRR18255717
CA,2020-06,SRR19413145
CA,2020-06,SRR15419969
CA,2020-06,SRR18256060
CA,2020-06,SRR13195284
CA,2020-06,SRR13526821
CA,2020-06,SRR15419964
CA,2020-06,SRR19890758
CA,2020-06,SRR12833676
CA,2020-06,SRR15420227
CA,2020-06,SRR12833785
CA,2020-06,SRR15420179
CA,2020-06,SRR15419977
CA,2020-06,SRR16167273
CA,2020-06,SRR13527333
CA,2020-06,SRR12348972
CA,2020-06,SRR16166320
CA,2020-06,SRR16166970
CA,2020-06,SRR13094111
CA,2020-06,SRR15420221
CA,2020-06,SRR12661032
CA,2020-06,SRR16167084
CA,2020-06,SRR13527529
CA,2020-06,SRR16167463
CA,2020-06,SRR16167449
CA,2020-06,SRR15420184
CA,2020-06,SRR16167218
CA,2020-06,SRR13195402
CA,2020-06,SRR12661022
CA,2020-06,SRR12348974
CA,2020-06,SRR16174946
CA,2020-06,SRR13526996
CA,2020-06,SRR13527465
CA,2020-06,SRR12661033
CA,2020-06,SRR19413044
CA,2020-06,SRR12833800
CA,2020-06,SRR18256048
CA,2020-06,SRR18256054
CA,2020-06,SRR15515428
CA,2020-06,SRR16167471
CA,2020-06,SRR15420190
CA,2020-06,SRR13195296
CA,2020-06,SRR15420201
CA,2020-06,SRR15420175
CA,2020-06,SRR13526730
CA,2020-06,SRR16174981
CA,2020-06,SRR13527337
CA,2020-06,SRR16167486
CA,2020-06,SRR12661025
CA,2020-06,SRR16167286
CA,2020-06,SRR18255252
CA,2020-06,SRR13195336
CA,2020-06,SRR16166967
CA,2020-06,SRR19890782
CA,2020-06,SRR13195297
CA,2020-06,SRR16166323
CA,2020-06,SRR15420222
CA,2020-06,SRR13527340
CA,2020-06,SRR16167477
CA,2020-06,SRR16167095
CA,2020-06,SRR13526920
CA,2020-06,SRR15419933
CA,2020-06,SRR12348986
CA,2020-06,SRR13526997
CA,2020-06,SRR19413122
CA,2020-06,SRR15419912
CA,2020-06,SRR15513300
CA,2020-06,SRR13527338
CA,2020-06,SRR12661018
CA,2020-06,SRR13526773
CA,2020-06,SRR16167112
CA,2020-06,SRR15419910
CA,2020-06,SRR13526784
CA,2020-06,SRR16167501
CA,2020-06,SRR16166609
CA,2020-06,SRR15420265
CA,2020-06,SRR16167480
CA,2020-06,SRR16166319
CA,2020-06,SRR13195145
CA,2020-06,SRR13527334
CA,2020-06,SRR19890764
CA,2020-06,SRR13527078
CA,2020-06,SRR19890746
CA,2020-06,SRR16166972
CA,2020-06,SRR13527332
CA,2020-06,SRR16167225
CA,2020-06,SRR15513617
CA,2020-06,SRR16167224
CA,2020-06,SRR15513298
CA,2020-06,SRR18255723
CA,2020-06,SRR16174980
CA,2020-06,SRR13195138
CA,2020-06,SRR16166824
CA,2020-06,SRR16166603
CA,2020-06,SRR12833672
CA,2020-06,SRR12348976
CA,2020-06,SRR12833839
CA,2020-06,SRR13195160
CA,2020-06,SRR16167462
CA,2020-06,SRR18256058
CA,2020-06,SRR18256056
CA,2020-06,SRR16167265
CA,2020-06,SRR12351712
CA,2020-06,SRR15420239
CA,2020-06,SRR15420229
CA,2020-06,SRR16167464
CA,2020-06,SRR16166428
CA,2020-06,SRR16166962
CA,2020-06,SRR13527149
CA,2020-06,SRR16167085
CA,2020-06,SRR12348931
CA,2020-06,SRR12833872
CA,2020-06,SRR18255881
CA,2020-06,SRR16176700
CA,2020-06,SRR18256055
CA,2020-06,SRR19891009
CA,2020-06,SRR18255726
CA,2020-06,SRR15513735
CA,2020-06,SRR13195286
CA,2020-06,SRR18255253
CA,2020-06,SRR12348923
CA,2020-06,SRR16167484
CA,2020-06,SRR16166610
CA,2020-06,SRR13195380
CA,2020-06,SRR16166787
CA,2020-06,SRR12833834
CA,2020-06,SRR13527589
CA,2020-06,SRR16167276
CA,2020-06,SRR19412996
CA,2020-06,SRR16167469
CA,2020-06,SRR15420209
CA,2020-06,SRR13195295
CA,2020-06,SRR16166973
CA,2020-06,SRR16166964
CA,2020-06,SRR12348919
CA,2020-06,SRR15419929
CA,2020-06,SRR16166598
CA,2020-06,SRR12348940
CA,2020-06,SRR16167445
CA,2020-06,SRR15420187
CA,2020-06,SRR15153839
CA,2020-06,SRR13527009
CA,2020-06,SRR12348988
CA,2020-06,SRR13527010
CA,2020-06,SRR16174511
CA,2020-06,SRR18255728
CA,2020-06,SRR12833515
CA,2020-06,SRR16166594
CA,2020-06,SRR12661021
CA,2020-06,SRR16166966
CA,2020-06,SRR13194957
CA,2020-06,SRR13194977
CA,2020-06,SRR16166438
CA,2020-06,SRR16167022
CA,2020-06,SRR13195300
CA,2020-06,SRR16167492
CA,2020-06,SRR16166961
CA,2020-06,SRR15513436
CA,2020-06,SRR16174513
CA,2020-06,SRR16167268
CA,2020-06,SRR13195412
CA,2020-06,SRR15418596
CA,2020-06,SRR16167479
CA,2020-07,SRR16166655
CA,2020-07,SRR12763492
CA,2020-07,SRR12763280
CA,2020-07,SRR16166896
CA,2020-07,SRR12925623
CA,2020-07,SRR12833759
CA,2020-07,SRR12833737
CA,2020-07,SRR12763541
CA,2020-07,SRR16166891
CA,2020-07,SRR12763419
CA,2020-07,SRR16166766
CA,2020-07,SRR16166895
CA,2020-07,SRR18255248
CA,2020-07,SRR16166347
CA,2020-07,SRR12763345
CA,2020-07,SRR16166426
CA,2020-07,SRR14792055
CA,2020-07,SRR12763287
CA,2020-07,SRR12763285
CA,2020-07,SRR12763351
CA,2020-07,SRR12833732
CA,2020-07,SRR12833747
CA,2020-07,SRR16166281
CA,2020-07,SRR16166509
CA,2020-07,SRR12763282
CA,2020-07,SRR16166364
CA,2020-07,SRR12833622
CA,2020-07,SRR16166842
CA,2020-07,SRR16166737
CA,2020-07,SRR16166821
CA,2020-07,SRR21793683
CA,2020-07,SRR14791950
CA,2020-07,SRR12833734
CA,2020-07,SRR15515770
CA,2020-07,SRR16166425
CA,2020-07,SRR12925654
CA,2020-07,SRR16174042
CA,2020-07,SRR16175752
CA,2020-07,SRR12763260
CA,2020-07,SRR16166923
CA,2020-07,SRR16173965
CA,2020-07,SRR12763570
CA,2020-07,SRR16166796
CA,2020-07,SRR21793673
CA,2020-07,SRR13195245
CA,2020-07,SRR19890899
CA,2020-07,SRR12763558
CA,2020-07,SRR12833701
CA,2020-07,SRR16166928
CA,2020-07,SRR13195240
CA,2020-07,SRR22739746
CA,2020-07,SRR12763350
CA,2020-07,SRR13526959
CA,2020-07,SRR12763374
CA,2020-07,SRR13526639
CA,2020-07,SRR16175359
CA,2020-07,SRR13195338
CA,2020-07,SRR16166519
CA,2020-07,SRR12833876
CA,2020-07,SRR16174036
CA,2020-07,SRR12763299
CA,2020-07,SRR16166884
CA,2020-07,SRR15515783
CA,2020-07,SRR16166313
CA,2020-07,SRR12763526
CA,2020-07,SRR13526956
CA,2020-07,SRR12763336
CA,2020-07,SRR16166354
CA,2020-07,SRR13093986
CA,2020-07,SRR16174407
CA,2020-07,SRR16166642
CA,2020-07,SRR16166632
CA,2020-07,SRR16180443
CA,2020-07,SRR16175521
CA,2020-07,SRR13526642
CA,2020-07,SRR16166412
CA,2020-07,SRR12833614
CA,2020-07,SRR16166829
CA,2020-07,SRR12763327
CA,2020-07,SRR12763301
CA,2020-07,SRR16166750
CA,2020-07,SRR12833742
CA,2020-07,SRR16166938
CA,2020-07,SRR13093981
CA,2020-07,SRR12763337
CA,2020-07,SRR16175379
CA,2020-07,SRR21793491
CA,2020-07,SRR16175713
CA,2020-07,SRR12763408
CA,2020-07,SRR19413067
CA,2020-07,SRR19413158
CA,2020-07,SRR15515776
CA,2020-07,SRR16166651
CA,2020-07,SRR16174416
CA,2020-07,SRR13526645
CA,2020-07,SRR12763582
CA,2020-07,SRR13526941
CA,2020-07,SRR13526633
CA,2020-07,SRR12833695
CA,2020-07,SRR16166760
CA,2020-07,SRR12833902
CA,2020-07,SRR19891240
CA,2020-07,SRR16166773
CA,2020-07,SRR16166735
CA,2020-07,SRR12763329
CA,2020-07,SRR16166569
CA,2020-07,SRR18255242
CA,2020-07,SRR12763615
CA,2020-07,SRR16166310
CA,2020-07,SRR16166883
CA,2020-07,SRR22740006
CA,2020-07,SRR12763583
CA,2020-07,SRR15515786
CA,2020-07,SRR13526958
CA,2020-07,SRR12925596
CA,2020-07,SRR16166656
CA,2020-07,SRR16166778
CA,2020-07,SRR16166360
CA,2020-07,SRR12833733
CA,2020-07,SRR16166775
CA,2020-07,SRR13195144
CA,2020-07,SRR16174988
CA,2020-07,SRR16166933
CA,2020-07,SRR16166941
CA,2020-07,SRR12763312
CA,2020-07,SRR12833743
CA,2020-07,SRR16174271
CA,2020-07,SRR21793497
CA,2020-07,SRR16173963
CA,2020-07,SRR13094796
CA,2020-07,SRR13635693
CA,2020-07,SRR12833903
CA,2020-07,SRR12763323
CA,2020-07,SRR12833697
CA,2020-07,SRR16166370
CA,2020-07,SRR16166844
CA,2020-07,SRR13094795
CA,2020-07,SRR12833698
CA,2020-07,SRR16166744
CA,2020-07,SRR16166275
CA,2020-07,SRR13527544
CA,2020-07,SRR16166728
CA,2020-07,SRR15515782
CA,2020-07,SRR12763545
CA,2020-07,SRR12833887
CA,2020-07,SRR22739916
CA,2020-07,SRR12833817
CA,2020-07,SRR16166899
CA,2020-07,SRR21793486
CA,2020-07,SRR16166315
CA,2020-07,SRR12833871
CA,2020-07,SRR16166909
CA,2020-07,SRR16166420
CA,2020-07,SRR15153908
CA,2020-07,SRR16166419
CA,2020-07,SRR13634357
CA,2020-07,SRR18255865
CA,2020-07,SRR16175481
CA,2020-07,SRR12763540
CA,2020-07,SRR16166285
CA,2020-07,SRR16166268
CA,2020-07,SRR12763349
CA,2020-07,SRR16166919
CA,2020-07,SRR12763303
CA,2020-07,SRR12763488
CA,2020-07,SRR12763555
CA,2020-07,SRR16166641
CA,2020-07,SRR19413274
CA,2020-07,SRR16167448
CA,2020-07,SRR16166770
CA,2020-07,SRR19413237
CA,2020-07,SRR16166451
CA,2020-07,SRR12763320
CA,2020-07,SRR13527177
CA,2020-07,SRR13527086
CA,2020-07,SRR19890891
CA,2020-07,SRR15515985
CA,2020-07,SRR16166305
CA,2020-07,SRR12833822
CA,2020-07,SRR16166355
CA,2020-07,SRR12763265
CA,2020-07,SRR16174093
CA,2020-07,SRR16166875
CA,2020-07,SRR12763497
CA,2020-07,SRR16166772
CA,2020-07,SRR18255876
CA,2020-07,SRR16166913
CA,2020-07,SRR16176295
CA,2020-07,SRR16166934
CA,2020-07,SRR16166725
CA,2020-07,SRR19413228
CA,2020-07,SRR22929682
CA,2020-07,SRR18255871
CA,2020-07,SRR15420063
CA,2020-07,SRR12763560
CA,2020-07,SRR18255243
CA,2020-07,SRR12763257
CA,2020-07,SRR16166876
CA,2020-07,SRR16166873
CA,2020-07,SRR18255870
CA,2020-08,SRR18255233
CA,2020-08,SRR12833562
CA,2020-08,SRR12763576
CA,2020-08,SRR13527021
CA,2020-08,SRR13094161
CA,2020-08,SRR12833900
CA,2020-08,SRR12833596
CA,2020-08,SRR12833551
CA,2020-08,SRR19413009
CA,2020-08,SRR16166386
CA,2020-08,SRR12763661
CA,2020-08,SRR16166983
CA,2020-08,SRR15513331
CA,2020-08,SRR12763586
CA,2020-08,SRR12763584
CA,2020-08,SRR12833513
CA,2020-08,SRR12833863
CA,2020-08,SRR12833923
CA,2020-08,SRR15513902
CA,2020-08,SRR16166999
CA,2020-08,SRR12763578
CA,2020-08,SRR16166512
CA,2020-08,SRR12833714
CA,2020-08,SRR18255324
CA,2020-08,SRR21793666
CA,2020-08,SRR15513319
CA,2020-08,SRR12833865
CA,2020-08,SRR15513444
CA,2020-08,SRR16166982
CA,2020-08,SRR13527024
CA,2020-08,SRR12763250
CA,2020-08,SRR12833640
CA,2020-08,SRR21793484
CA,2020-08,SRR13527373
CA,2020-08,SRR19413106
CA,2020-08,SRR12833635
CA,2020-08,SRR12833860
CA,2020-08,SRR13527368
CA,2020-08,SRR21793669
CA,2020-08,SRR12833512
CA,2020-08,SRR13634254
CA,2020-08,SRR12833518
CA,2020-08,SRR13527585
CA,2020-08,SRR13527377
CA,2020-08,SRR16167001
CA,2020-08,SRR13526651
CA,2020-08,SRR12763602
CA,2020-08,SRR15513458
CA,2020-08,SRR16166264
CA,2020-08,SRR12833577
CA,2020-08,SRR13565815
CA,2020-08,SRR12763648
CA,2020-08,SRR16166464
CA,2020-08,SRR13527154
CA,2020-08,SRR16178366
CA,2020-08,SRR16175316
CA,2020-08,SRR13527588
CA,2020-08,SRR16166754
CA,2020-08,SRR12833686
CA,2020-08,SRR12763635
CA,2020-08,SRR12763606
CA,2020-08,SRR12833913
CA,2020-08,SRR13527150
CA,2020-08,SRR12763651
CA,2020-08,SRR19891066
CA,2020-08,SRR12833550
CA,2020-08,SRR18255348
CA,2020-08,SRR19413052
CA,2020-08,SRR15513451
CA,2020-08,SRR18255070
CA,2020-08,SRR13527592
CA,2020-08,SRR12833643
CA,2020-08,SRR13527598
CA,2020-08,SRR13527470
CA,2020-08,SRR12833854
CA,2020-08,SRR13526654
CA,2020-08,SRR12763637
CA,2020-08,SRR16167006
CA,2020-08,SRR18255239
CA,2020-08,SRR12833653
CA,2020-08,SRR16166256
CA,2020-08,SRR21793678
CA,2020-08,SRR12833644
CA,2020-08,SRR15513461
CA,2020-08,SRR13565826
CA,2020-08,SRR13526657
CA,2020-08,SRR16166502
CA,2020-08,SRR12833864
CA,2020-08,SRR13527245
CA,2020-08,SRR12763620
CA,2020-08,SRR12833914
CA,2020-08,SRR21793483
CA,2020-08,SRR13527235
CA,2020-08,SRR14790716
CA,2020-08,SRR13526655
CA,2020-08,SRR12763631
CA,2020-08,SRR12833856
CA,2020-08,SRR16166523
CA,2020-08,SRR13527234
CA,2020-08,SRR12833857
CA,2020-08,SRR15513868
CA,2020-08,SRR14790672
CA,2020-08,SRR15513457
CA,2020-08,SRR12833601
CA,2020-08,SRR13526652
CA,2020-08,SRR21793671
CA,2020-08,SRR13094163
CA,2020-08,SRR19413244
CA,2020-08,SRR16166267
CA,2020-08,SRR13526650
CA,2020-08,SRR16166975
CA,2020-08,SRR15513338
CA,2020-08,SRR16166974
CA,2020-08,SRR14790691
CA,2020-08,SRR18255332
CA,2020-08,SRR16178364
CA,2020-08,SRR12833595
CA,2020-08,SRR15514020
CA,2020-08,SRR15513746
CA,2020-08,SRR12833511
CA,2020-08,SRR12763608
CA,2020-08,SRR12833560
CA,2020-08,SRR12833628
CA,2020-08,SRR19413079
CA,2020-08,SRR19413075
CA,2020-08,SRR12763629
CA,2020-08,SRR13635834
CA,2020-08,SRR13635725
CA,2020-08,SRR15513468
CA,2020-08,SRR16166241
CA,2020-08,SRR13094854
CA,2020-08,SRR16166465
CA,2020-08,SRR12763321
CA,2020-08,SRR12833566
CA,2020-08,SRR18255340
CA,2020-08,SRR21793690
CA,2020-08,SRR19413064
CA,2020-08,SRR21793689
CA,2020-08,SRR18255335
CA,2020-08,SRR15513346
CA,2020-08,SRR12833637
CA,2020-08,SRR18255240
CA,2020-08,SRR12763247
CA,2020-08,SRR16167003
CA,2020-08,SRR15513879
CA,2020-08,SRR12833660
CA,2020-08,SRR15513908
CA,2020-08,SRR12833556
CA,2020-08,SRR13527159
CA,2020-08,SRR16166528
CA,2020-08,SRR19413239
CA,2020-08,SRR16166987
CA,2020-08,SRR13565719
CA,2020-08,SRR12833642
CA,2020-08,SRR16166271
CA,2020-08,SRR16166252
CA,2020-08,SRR12763244
CA,2020-08,SRR13527244
CA,2020-08,SRR15513713
CA,2020-08,SRR12763568
CA,2020-08,SRR16166797
CA,2020-08,SRR13527590
CA,2020-08,SRR13527225
CA,2020-08,SRR13094155
CA,2020-08,SRR12763622
CA,2020-08,SRR13094156
CA,2020-08,SRR18255337
CA,2020-08,SRR12763658
CA,2020-08,SRR15513710
CA,2020-08,SRR12763634
CA,2020-08,SRR16166254
CA,2020-08,SRR12833581
CA,2020-08,SRR12833584
CA,2020-08,SRR15513480
CA,2020-08,SRR12833646
CA,2020-08,SRR16167008
CA,2020-08,SRR16166239
CA,2020-08,SRR15513332
CA,2020-08,SRR18255333
CA,2020-08,SRR12833718
CA,2020-08,SRR13527231
CA,2020-08,SRR19413263
CA,2020-08,SRR16166517
CA,2020-08,SRR15513351
CA,2020-08,SRR15514165
CA,2020-08,SRR15513448
CA,2020-08,SRR12833572
CA,2020-08,SRR13094164
CA,2020-08,SRR12833906
CA,2020-08,SRR21793485
CA,2020-08,SRR13527370
CA,2020-08,SRR12763572
CA,2020-08,SRR12833915
CA,2020-08,SRR19413129
CA,2020-08,SRR12763251
CA,2020-08,SRR12763636
CA,2020-08,SRR12763623
CA,2020-08,SRR16176215
CA,2020-08,SRR12763633
CA,2020-08,SRR16175356
CA,2020-09,SRR16166560
CA,2020-09,SRR12833910
CA,2020-09,SRR12833663
CA,2020-09,SRR16167211
CA,2020-09,SRR13194912
CA,2020-09,SRR13094848
CA,2020-09,SRR13094782
CA,2020-09,SRR13094005
CA,2020-09,SRR16167146
CA,2020-09,SRR12833891
CA,2020-09,SRR16166813
CA,2020-09,SRR16167210
CA,2020-09,SRR15514050
CA,2020-09,SRR12833853
CA,2020-09,SRR15516395
CA,2020-09,SRR14791984
CA,2020-09,SRR12833675
CA,2020-09,SRR12833673
CA,2020-09,SRR12833881
CA,2020-09,SRR13094717
CA,2020-09,SRR13094793
CA,2020-09,SRR15513701
CA,2020-09,SRR16166342
CA,2020-09,SRR12833669
CA,2020-09,SRR15514069
CA,2020-09,SRR13094102
CA,2020-09,SRR16167118
CA,2020-09,SRR16166614
CA,2020-09,SRR16166867
CA,2020-09,SRR20458263
CA,2020-09,SRR14791960
CA,2020-09,SRR13094739
CA,2020-09,SRR15513489
CA,2020-09,SRR15516393
CA,2020-09,SRR13194915
CA,2020-09,SRR16176577
CA,2020-09,SRR12833507
CA,2020-09,SRR16172062
CA,2020-09,SRR16175483
CA,2020-09,SRR13094050
CA,2020-09,SRR16166863
CA,2020-09,SRR19890183
CA,2020-09,SRR13526769
CA,2020-09,SRR16178356
CA,2020-09,SRR13094027
CA,2020-09,SRR13094181
CA,2020-09,SRR16172069
CA,2020-09,SRR13526764
CA,2020-09,SRR20458268
CA,2020-09,SRR12833880
CA,2020-09,SRR13565694
CA,2020-09,SRR12833885
CA,2020-09,SRR13527248
CA,2020-09,SRR13526824
CA,2020-09,SRR16166346
CA,2020-09,SRR13094890
CA,2020-09,SRR16175490
CA,2020-09,SRR12833723
CA,2020-09,SRR16167134
CA,2020-09,SRR15513576
CA,2020-09,SRR15514039
CA,2020-09,SRR12833932
CA,2020-09,SRR13565672
CA,2020-09,SRR12833794
CA,2020-09,SRR15514059
CA,2020-09,SRR13195013
CA,2020-09,SRR16166501
CA,2020-09,SRR16166458
CA,2020-09,SRR13527479
CA,2020-09,SRR15514148
CA,2020-09,SRR13094095
CA,2020-09,SRR16166870
CA,2020-09,SRR12833781
CA,2020-09,SRR12833725
CA,2020-09,SRR16166626
CA,2020-09,SRR13094788
CA,2020-09,SRR16172079
CA,2020-09,SRR13195008
CA,2020-09,SRR12833795
CA,2020-09,SRR18255063
CA,2020-09,SRR12833890
CA,2020-09,SRR16176803
CA,2020-09,SRR16177958
CA,2020-09,SRR15513495
CA,2020-09,SRR16166525
CA,2020-09,SRR13527482
CA,2020-09,SRR13094053
CA,2020-09,SRR13527767
CA,2020-09,SRR13527038
CA,2020-09,SRR13094129
CA,2020-09,SRR16166807
CA,2020-09,SRR13094893
CA,2020-09,SRR16178363
CA,2020-09,SRR16166848
CA,2020-09,SRR16166584
CA,2020-09,SRR12833783
CA,2020-09,SRR16166389
CA,2020-09,SRR16172087
CA,2020-09,SRR13094062
CA,2020-09,SRR15514036
CA,2020-09,SRR16167133
CA,2020-09,SRR20694603
CA,2020-09,SRR13094054
CA,2020-09,SRR15513579
CA,2020-09,SRR13565683
CA,2020-09,SRR13094899
CA,2020-09,SRR16166561
CA,2020-09,SRR16166853
CA,2020-09,SRR15514064
CA,2020-09,SRR13094728
CA,2020-09,SRR16166850
CA,2020-09,SRR13526751
CA,2020-09,SRR12833766
CA,2020-09,SRR13094789
CA,2020-09,SRR19890177
CA,2020-09,SRR13526625
CA,2020-09,SRR14790660
CA,2020-09,SRR13094897
CA,2020-09,SRR12833777
CA,2020-09,SRR13094147
CA,2020-09,SRR15514076
CA,2020-09,SRR16167120
CA,2020-09,SRR13526624
CA,2020-09,SRR13094158
CA,2020-09,SRR16166620
CA,2020-09,SRR15513694
CA,2020-09,SRR13634432
CA,2020-09,SRR16166579
CA,2020-09,SRR15513552
CA,2020-09,SRR13094009
CA,2020-09,SRR13094891
CA,2020-09,SRR20458330
CA,2020-09,SRR13094850
CA,2020-09,SRR16178372
CA,2020-09,SRR15514042
CA,2020-09,SRR13094889
CA,2020-09,SRR15515619
CA,2020-09,SRR15420034
CA,2020-09,SRR15514155
CA,2020-09,SRR14790626
CA,2020-09,SRR16174761
CA,2020-09,SRR16172058
CA,2020-09,SRR13094004
CA,2020-09,SRR15513705
CA,2020-09,SRR15513688
CA,2020-09,SRR12833879
CA,2020-09,SRR12833727
CA,2020-09,SRR12833908
CA,2020-09,SRR13094019
CA,2020-09,SRR16166471
CA,2020-09,SRR16178350
CA,2020-09,SRR16166845
CA,2020-09,SRR16178082
CA,2020-09,SRR16166332
CA,2020-09,SRR12833775
CA,2020-09,SRR13634210
CA,2020-09,SRR13565788
CA,2020-09,SRR16166906
CA,2020-09,SRR15513590
CA,2020-09,SRR15514029
CA,2020-09,SRR13094877
CA,2020-09,SRR15514060
CA,2020-09,SRR12833543
CA,2020-09,SRR16166908
CA,2020-09,SRR12833920
CA,2020-09,SRR16166847
CA,2020-09,SRR16175334
CA,2020-09,SRR16172095
CA,2020-09,SRR16166562
CA,2020-09,SRR16178081
CA,2020-09,SRR20695082
CA,2020-09,SRR16175301
CA,2020-09,SRR15420043
CA,2020-09,SRR13094048
CA,2020-09,SRR16172088
CA,2020-09,SRR12833503
CA,2020-09,SRR16175480
CA,2020-09,SRR15513696
CA,2020-09,SRR13094081
CA,2020-09,SRR15513703
CA,2020-09,SRR12833895
CA,2020-09,SRR16166467
CA,2020-09,SRR13195018
CA,2020-09,SRR20695093
CA,2020-09,SRR16166852
CA,2020-09,SRR16172074
CA,2020-09,SRR16178370
CA,2020-09,SRR16167119
CA,2020-09,SRR13527770
CA,2020-09,SRR13094052
CA,2020-09,SRR15514043
CA,2020-09,SRR15514032
CA,2020-09,SRR12833500
CA,2020-09,SRR16166337
CA,2020-09,SRR13526750
CA,2020-09,SRR15513682
CA,2020-09,SRR12833580
CA,2020-09,SRR16166861
CA,2020-09,SRR13527480
CA,2020-09,SRR13195250
CA,2020-10,SRR16791773
CA,2020-10,SRR13094786
CA,2020-10,SRR13094132
CA,2020-10,SRR18337228
CA,2020-10,SRR13195200
CA,2020-10,SRR13195094
CA,2020-10,SRR13195058
CA,2020-10,SRR13094836
CA,2020-10,SRR18337221
CA,2020-10,SRR13094771
CA,2020-10,SRR16791822
CA,2020-10,SRR18337226
CA,2020-10,SRR16167367
CA,2020-10,SRR13094755
CA,2020-10,SRR16791699
CA,2020-10,SRR14791913
CA,2020-10,SRR13094140
CA,2020-10,SRR13094138
CA,2020-10,SRR13094762
CA,2020-10,SRR13195053
CA,2020-10,SRR13195069
CA,2020-10,SRR15514006
CA,2020-10,SRR16791711
CA,2020-10,SRR13094134
CA,2020-10,SRR16174094
CA,2020-10,SRR13194951
CA,2020-10,SRR16791882
CA,2020-10,SRR16791795
CA,2020-10,SRR16791867
CA,2020-10,SRR20695027
CA,2020-10,SRR14791785
CA,2020-10,SRR13195055
CA,2020-10,SRR15513596
CA,2020-10,SRR16791698
CA,2020-10,SRR13195204
CA,2020-10,SRR20694497
CA,2020-10,SRR13094072
CA,2020-10,SRR18337332
CA,2020-10,SRR20694494
CA,2020-10,SRR13094870
CA,2020-10,SRR16791863
CA,2020-10,SRR20694971
CA,2020-10,SRR13526800
CA,2020-10,SRR20694744
CA,2020-10,SRR13094866
CA,2020-10,SRR13195050
CA,2020-10,SRR18337342
CA,2020-10,SRR13526780
CA,2020-10,SRR20695030
CA,2020-10,SRR13094760
CA,2020-10,SRR14199551
CA,2020-10,SRR13094766
CA,2020-10,SRR13526820
CA,2020-10,SRR13526804
CA,2020-10,SRR16791713
CA,2020-10,SRR13195128
CA,2020-10,SRR20694495
CA,2020-10,SRR13094705
CA,2020-10,SRR17210367
CA,2020-10,SRR15513618
CA,2020-10,SRR15515269
CA,2020-10,SRR13094819
CA,2020-10,SRR14199516
CA,2020-10,SRR13094745
CA,2020-10,SRR16172044
CA,2020-10,SRR13195341
CA,2020-10,SRR16791762
CA,2020-10,SRR16791750
CA,2020-10,SRR13527275
CA,2020-10,SRR16791664
CA,2020-10,SRR13194943
CA,2020-10,SRR16791870
CA,2020-10,SRR13094735
CA,2020-10,SRR13094708
CA,2020-10,SRR16791807
CA,2020-10,SRR13195064
CA,2020-10,SRR19413058
CA,2020-10,SRR13195217
CA,2020-10,SRR13094746
CA,2020-10,SRR20694873
CA,2020-10,SRR13094770
CA,2020-10,SRR20694726
CA,2020-10,SRR20694734
CA,2020-10,SRR15513609
CA,2020-10,SRR16791769
CA,2020-10,SRR13527301
CA,2020-10,SRR13094873
CA,2020-10,SRR13634410
CA,2020-10,SRR13526816
CA,2020-10,SRR13195044
CA,2020-10,SRR16791816
CA,2020-10,SRR13195132
CA,2020-10,SRR20694750
CA,2020-10,SRR16791829
CA,2020-10,SRR16791784
CA,2020-10,SRR13094737
CA,2020-10,SRR16791718
CA,2020-10,SRR20458329
CA,2020-10,SRR13194860
CA,2020-10,SRR15515265
CA,2020-10,SRR17210365
CA,2020-10,SRR20695035
CA,2020-10,SRR13094874
CA,2020-10,SRR15513621
CA,2020-10,SRR14199542
CA,2020-10,SRR13195195
CA,2020-10,SRR16791774
CA,2020-10,SRR16791834
CA,2020-10,SRR16172067
CA,2020-10,SRR13195054
CA,2020-10,SRR16791831
CA,2020-10,SRR13526614
CA,2020-10,SRR18921198
CA,2020-10,SRR13094720
CA,2020-10,SRR13195065
CA,2020-10,SRR20694960
CA,2020-10,SRR13195373
CA,2020-10,SRR14200406
CA,2020-10,SRR13195133
CA,2020-10,SRR13094731
CA,2020-10,SRR13195046
CA,2020-10,SRR16178069
CA,2020-10,SRR16791884
CA,2020-10,SRR13195372
CA,2020-10,SRR13195047
CA,2020-10,SRR16791801
CA,2020-10,SRR15513969
CA,2020-10,SRR14200362
CA,2020-10,SRR16791777
CA,2020-10,SRR15513616
CA,2020-10,SRR13094840
CA,2020-10,SRR13195130
CA,2020-10,SRR20695032
CA,2020-10,SRR13195096
CA,2020-10,SRR18337231
CA,2020-10,SRR20694755
CA,2020-10,SRR15515271
CA,2020-10,SRR13195127
CA,2020-10,SRR16791682
CA,2020-10,SRR15513547
CA,2020-10,SRR16791670
CA,2020-10,SRR14200379
CA,2020-10,SRR20694503
CA,2020-10,SRR20694493
CA,2020-10,SRR13094835
CA,2020-10,SRR15514010
CA,2020-10,SRR15513951
CA,2020-10,SRR13094759
CA,2020-10,SRR13094710
CA,2020-10,SRR13094780
CA,2020-10,SRR13094862
CA,2020-10,SRR16791761
CA,2020-10,SRR20694738
CA,2020-10,SRR16791826
CA,2020-10,SRR20694736
CA,2020-10,SRR16791705
CA,2020-10,SRR13094729
CA,2020-10,SRR14200292
CA,2020-10,SRR14200256
CA,2020-10,SRR17210363
CA,2020-10,SRR15513638
CA,2020-10,SRR15514102
CA,2020-10,SRR13195101
CA,2020-10,SRR16172053
CA,2020-10,SRR13094077
CA,2020-10,SRR20694716
CA,2020-10,SRR13094800
CA,2020-10,SRR16791828
CA,2020-10,SRR20694512
CA,2020-10,SRR20458233
CA,2020-10,SRR16791775
CA,2020-10,SRR20694735
CA,2020-10,SRR20695039
CA,2020-10,SRR20694506
CA,2020-10,SRR15513556
CA,2020-10,SRR13094868
CA,2020-10,SRR20458362
CA,2020-10,SRR13094066
CA,2020-10,SRR18337232
CA,2020-10,SRR15513972
CA,2020-10,SRR13194867
CA,2020-10,SRR15514008
CA,2020-10,SRR13094776
CA,2020-10,SRR16791759
CA,2020-10,SRR13195347
CA,2020-10,SRR20695040
CA,2020-10,SRR16791868
CA,2020-10,SRR20458228
CA,2020-10,SRR20694753
CA,2020-10,SRR18337211
CA,2020-10,SRR13955897
CA,2020-10,SRR13094872
CA,2020-10,SRR15515272
CA,2020-10,SRR15515262
CA,2020-10,SRR13094063
CA,2020-10,SRR16791708
CA,2020-10,SRR13526613
CA,2020-10,SRR15513944
CA,2020-10,SRR13094124
CA,2020-10,SRR16791877
CA,2020-11,SRR16167198
CA,2020-11,SRR13527172
CA,2020-11,SRR13526695
CA,2020-11,SRR16173988
CA,2020-11,SRR13635830
CA,2020-11,SRR13527898
CA,2020-11,SRR13527807
CA,2020-11,SRR13527287
CA,2020-11,SRR16173859
CA,2020-11,SRR13527123
CA,2020-11,SRR16167334
CA,2020-11,SRR16173982
CA,2020-11,SRR16791782
CA,2020-11,SRR14791945
CA,2020-11,SRR13527098
CA,2020-11,SRR16167148
CA,2020-11,SRR13956034
CA,2020-11,SRR13526785
CA,2020-11,SRR13526714
CA,2020-11,SRR13527105
CA,2020-11,SRR13527789
CA,2020-11,SRR13527862
CA,2020-11,SRR14447570
CA,2020-11,SRR16167160
CA,2020-11,SRR13526702
CA,2020-11,SRR14792005
CA,2020-11,SRR13527578
CA,2020-11,SRR16172246
CA,2020-11,SRR16167278
CA,2020-11,SRR16167365
CA,2020-11,SRR19258617
CA,2020-11,SRR13956021
CA,2020-11,SRR13527800
CA,2020-11,SRR14199521
CA,2020-11,SRR16167147
CA,2020-11,SRR13635843
CA,2020-11,SRR16791614
CA,2020-11,SRR16791719
CA,2020-11,SRR13195395
CA,2020-11,SRR16174084
CA,2020-11,SRR16791611
CA,2020-11,SRR13527327
CA,2020-11,SRR16167358
CA,2020-11,SRR17210583
CA,2020-11,SRR13690078
CA,2020-11,SRR16791922
CA,2020-11,SRR13527319
CA,2020-11,SRR13527750
CA,2020-11,SRR16174333
CA,2020-11,SRR13690035
CA,2020-11,SRR19413268
CA,2020-11,SRR13527104
CA,2020-11,SRR13955809
CA,2020-11,SRR13527115
CA,2020-11,SRR13954987
CA,2020-11,SRR16791660
CA,2020-11,SRR13738896
CA,2020-11,SRR16167162
CA,2020-11,SRR13635802
CA,2020-11,SRR16791612
CA,2020-11,SRR13526864
CA,2020-11,SRR16173849
CA,2020-11,SRR14201616
CA,2020-11,SRR14791907
CA,2020-11,SRR13527187
CA,2020-11,SRR13955790
CA,2020-11,SRR13527083
CA,2020-11,SRR14791974
CA,2020-11,SRR13635894
CA,2020-11,SRR16791639
CA,2020-11,SRR16167187
CA,2020-11,SRR16167177
CA,2020-11,SRR16791736
CA,2020-11,SRR16791686
CA,2020-11,SRR13955029
CA,2020-11,SRR14792066
CA,2020-11,SRR13527563
CA,2020-11,SRR16171720
CA,2020-11,SRR13526980
CA,2020-11,SRR13526875
CA,2020-11,SRR16167318
CA,2020-11,SRR13527825
CA,2020-11,SRR16175294
CA,2020-11,SRR13635873
CA,2020-11,SRR13527084
CA,2020-11,SRR16791678
CA,2020-11,SRR17210552
CA,2020-11,SRR16791691
CA,2020-11,SRR13527122
CA,2020-11,SRR16791903
CA,2020-11,SRR16791911
CA,2020-11,SRR14199573
CA,2020-11,SRR16167194
CA,2020-11,SRR16791644
CA,2020-11,SRR13955067
CA,2020-11,SRR13527398
CA,2020-11,SRR13955771
CA,2020-11,SRR13954902
CA,2020-11,SRR13527740
CA,2020-11,SRR16167328
CA,2020-11,SRR13635810
CA,2020-11,SRR16791929
CA,2020-11,SRR16167341
CA,2020-11,SRR16167252
CA,2020-11,SRR13527026
CA,2020-11,SRR16167167
CA,2020-11,SRR16791737
CA,2020-11,SRR13527435
CA,2020-11,SRR14791898
CA,2020-11,SRR16173848
CA,2020-11,SRR20694559
CA,2020-11,SRR13527399
CA,2020-11,SRR14201652
CA,2020-11,SRR13955794
CA,2020-11,SRR13635816
CA,2020-11,SRR16167199
CA,2020-11,SRR16167347
CA,2020-11,SRR14791985
CA,2020-11,SRR13527792
CA,2020-11,SRR16167344
CA,2020-11,SRR13689991
CA,2020-11,SRR16791655
CA,2020-11,SRR16174341
CA,2020-11,SRR16175327
CA,2020-11,SRR13526896
CA,2020-11,SRR13527836
CA,2020-11,SRR16791630
CA,2020-11,SRR17210581
CA,2020-11,SRR16791610
CA,2020-11,SRR13689881
CA,2020-11,SRR13955912
CA,2020-11,SRR13635811
CA,2020-11,SRR13526926
CA,2020-11,SRR13527742
CA,2020-11,SRR14792020
CA,2020-11,SRR16172248
CA,2020-11,SRR13689840
CA,2020-11,SRR13527743
CA,2020-11,SRR16167312
CA,2020-11,SRR14446977
CA,2020-11,SRR13955886
CA,2020-11,SRR16167202
CA,2020-11,SRR14201601
CA,2020-11,SRR13527291
CA,2020-11,SRR13635806
CA,2020-11,SRR20694529
CA,2020-11,SRR13635723
CA,2020-11,SRR16173995
CA,2020-11,SRR17210517
CA,2020-11,SRR14791912
CA,2020-11,SRR13635801
CA,2020-11,SRR16173999
CA,2020-11,SRR14792103
CA,2020-11,SRR13956062
CA,2020-11,SRR14792087
CA,2020-11,SRR13955904
CA,2020-11,SRR16791854
CA,2020-11,SRR16791685
CA,2020-11,SRR13527286
CA,2020-11,SRR14789461
CA,2020-11,SRR14446800
CA,2020-11,SRR13527103
CA,2020-11,SRR16174013
CA,2020-11,SRR13526884
CA,2020-11,SRR13527169
CA,2020-11,SRR13527312
CA,2020-11,SRR16167186
CA,2020-11,SRR16791916
CA,2020-11,SRR16176796
CA,2020-11,SRR16167338
CA,2020-11,SRR16791913
CA,2020-11,SRR16167154
CA,2020-11,SRR13526923
CA,2020-11,SRR13955834
CA,2020-11,SRR13955813
CA,2020-11,SRR16791921
CA,2020-11,SRR14201725
CA,2020-11,SRR14791874
CA,2020-11,SRR13635769
CA,2020-11,SRR14791976
CA,2020-11,SRR13526659
CA,2020-11,SRR16791617
CA,2020-11,SRR16172320
CA,2020-11,SRR13527176
CA,2020-11,SRR16167340
CA,2020-11,SRR16791891
CA,2020-11,SRR16174005
CA,2020-11,SRR16791729
CA,2020-11,SRR16174434
CA,2020-11,SRR16167200
CA,2020-11,SRR16791912
CA,2020-11,SRR21581539
CA,2020-11,SRR16791861
CA,2020-11,SRR14199375
CA,2020-11,SRR13527323
CA,2020-11,SRR16791739
CA,2020-11,SRR13195041
CA,2020-11,SRR16172321
CA,2020-11,SRR16172313
CA,2020-11,SRR16791860
CA,2020-12,SRR18763398
CA,2020-12,SRR16584282
CA,2020-12,SRR16172038
CA,2020-12,SRR18763911
CA,2020-12,SRR16584612
CA,2020-12,SRR16584557
CA,2020-12,SRR16584500
CA,2020-12,SRR16584323
CA,2020-12,SRR18763897
CA,2020-12,SRR16584250
CA,2020-12,SRR18763586
CA,2020-12,SRR18763908
CA,2020-12,SRR18764623
CA,2020-12,SRR18761010
CA,2020-12,SRR16584233
CA,2020-12,SRR18763249
CA,2020-12,SRR18760334
CA,2020-12,SRR16173975
CA,2020-12,SRR16172228
CA,2020-12,SRR16584239
CA,2020-12,SRR16584491
CA,2020-12,SRR16584521
CA,2020-12,SRR18760824
CA,2020-12,SRR18763312
CA,2020-12,SRR16172213
CA,2020-12,SRR18761105
CA,2020-12,SRR16584447
CA,2020-12,SRR18763756
CA,2020-12,SRR18763463
CA,2020-12,SRR18763668
CA,2020-12,SRR18765146
CA,2020-12,SRR18760324
CA,2020-12,SRR16584495
CA,2020-12,SRR18760419
CA,2020-12,SRR18763248
CA,2020-12,SRR16584621
CA,2020-12,SRR18764183
CA,2020-12,SRR18764524
CA,2020-12,SRR16171785
CA,2020-12,SRR18763974
CA,2020-12,SRR18764170
CA,2020-12,SRR16584362
CA,2020-12,SRR18763648
CA,2020-12,SRR18765121
CA,2020-12,SRR16585486
CA,2020-12,SRR18764946
CA,2020-12,SRR16584355
CA,2020-12,SRR16584472
CA,2020-12,SRR18763979
CA,2020-12,SRR16585376
CA,2020-12,SRR18765151
CA,2020-12,SRR16584238
CA,2020-12,SRR16586277
CA,2020-12,SRR16584245
CA,2020-12,SRR16585602
CA,2020-12,SRR18764419
CA,2020-12,SRR16585498
CA,2020-12,SRR18763324
CA,2020-12,SRR16584590
CA,2020-12,SRR18764179
CA,2020-12,SRR16584129
CA,2020-12,SRR18763827
CA,2020-12,SRR18760442
CA,2020-12,SRR18760899
CA,2020-12,SRR16584304
CA,2020-12,SRR16586248
CA,2020-12,SRR16584180
CA,2020-12,SRR18761080
CA,2020-12,SRR16584689
CA,2020-12,SRR18764249
CA,2020-12,SRR18763374
CA,2020-12,SRR18763351
CA,2020-12,SRR18764601
CA,2020-12,SRR18764462
CA,2020-12,SRR16585606
CA,2020-12,SRR18761156
CA,2020-12,SRR16584439
CA,2020-12,SRR18763690
CA,2020-12,SRR16584170
CA,2020-12,SRR16584131
CA,2020-12,SRR18763519
CA,2020-12,SRR16584508
CA,2020-12,SRR18764001
CA,2020-12,SRR16584680
CA,2020-12,SRR16584182
CA,2020-12,SRR18764452
CA,2020-12,SRR18765078
CA,2020-12,SRR18764507
CA,2020-12,SRR16584249
CA,2020-12,SRR18764805
CA,2020-12,SRR18764870
CA,2020-12,SRR18760426
CA,2020-12,SRR18763386
CA,2020-12,SRR18764263
CA,2020-12,SRR16585613
CA,2020-12,SRR16584367
CA,2020-12,SRR16586043
CA,2020-12,SRR16585585
CA,2020-12,SRR16584459
CA,2020-12,SRR18763562
CA,2020-12,SRR16584597
CA,2020-12,SRR18765006
CA,2020-12,SRR18763597
CA,2020-12,SRR18763461
CA,2020-12,SRR16584173
CA,2020-12,SRR18763333
CA,2020-12,SRR18764603
CA,2020-12,SRR16584401
CA,2020-12,SRR18760894
CA,2020-12,SRR18763818
CA,2020-12,SRR18765165
CA,2020-12,SRR16584368
CA,2020-12,SRR18760457
CA,2020-12,SRR16586276
CA,2020-12,SRR16584602
CA,2020-12,SRR18763401
CA,2020-12,SRR18763607
CA,2020-12,SRR18761096
CA,2020-12,SRR16584494
CA,2020-12,SRR18763599
CA,2020-12,SRR16584778
CA,2020-12,SRR18764404
CA,2020-12,SRR18763991
CA,2020-12,SRR18764011
CA,2020-12,SRR16584143
CA,2020-12,SRR16584512
CA,2020-12,SRR18764239
CA,2020-12,SRR18765109
CA,2020-12,SRR18764159
CA,2020-12,SRR16584747
CA,2020-12,SRR16586601
CA,2020-12,SRR16584598
CA,2020-12,SRR16584157
CA,2020-12,SRR16584461
CA,2020-12,SRR18761120
CA,2020-12,SRR18763768
CA,2020-12,SRR16584746
CA,2020-12,SRR16584462
CA,2020-12,SRR18763502
CA,2020-12,SRR18760814
CA,2020-12,SRR16586536
CA,2020-12,SRR18763408
CA,2020-12,SRR18760437
CA,2020-12,SRR16584329
CA,2020-12,SRR16584591
CA,2020-12,SRR18765163
CA,2020-12,SRR16584563
CA,2020-12,SRR18763926
CA,2020-12,SRR18765040
CA,2020-12,SRR18760914
CA,2020-12,SRR16584589
CA,2020-12,SRR18763931
CA,2020-12,SRR18763233
CA,2020-12,SRR18760376
CA,2020-12,SRR18763232
CA,2020-12,SRR16586580
CA,2020-12,SRR18764677
CA,2020-12,SRR18764460
CA,2020-12,SRR16584322
CA,2020-12,SRR18760830
CA,2020-12,SRR18760802
CA,2020-12,SRR16584237
CA,2020-12,SRR18763961
CA,2020-12,SRR16584133
CA,2020-12,SRR16584271
CA,2020-12,SRR16584350
CA,2020-12,SRR18763373
CA,2020-12,SRR18764920
CA,2020-12,SRR18764056
CA,2020-12,SRR18763592
CA,2020-12,SRR18764898
CA,2020-12,SRR18763283
CA,2020-12,SRR16584154
CA,2020-12,SRR16586306
CA,2020-12,SRR16586282
CA,2020-12,SRR18764941
CA,2020-12,SRR18760468
CA,2020-12,SRR18760882
CA,2020-12,SRR16584569
CA,2020-12,SRR18761083
CA,2020-12,SRR16171956
CA,2020-12,SRR18764190
CA,2020-12,SRR18763795
CA,2020-12,SRR16584286
CA,2020-12,SRR18763594
CA,2020-12,SRR18764762
CA,2020-12,SRR18763941
CA,2020-12,SRR18764568
CA,2020-12,SRR18763992
CA,2020-12,SRR18763404
CA,2020-12,SRR18764892
CA,2020-12,SRR18765192
CA,2020-12,SRR18764743
CA,2020-12,SRR18760388
CA,2020-12,SRR16584360
CA,2020-12,SRR18764608
CA,2020-12,SRR16171778
CA,2020-12,SRR18763798
CA,2020-12,SRR18763769
CA,2020-12,SRR18764723
CA,2021-01,SRR16176235
CA,2021-01,SRR13918656
CA,2021-01,SRR13704171
CA,2021-01,SRR16178523
CA,2021-01,SRR13956036
CA,2021-01,SRR13955893
CA,2021-01,SRR13955787
CA,2021-01,SRR13918757
CA,2021-01,SRR16178514
CA,2021-01,SRR13918629
CA,2021-01,SRR16176626
CA,2021-01,SRR16178522
CA,2021-01,SRR18255213
CA,2021-01,SRR16172292
CA,2021-01,SRR13738777
CA,2021-01,SRR16175220
CA,2021-01,SRR15515590
CA,2021-01,SRR13738449
CA,2021-01,SRR13738446
CA,2021-01,SRR13738837
CA,2021-01,SRR13955774
CA,2021-01,SRR13955855
CA,2021-01,SRR15942059
CA,2021-01,SRR16175286
CA,2021-01,SRR13705263
CA,2021-01,SRR16174820
CA,2021-01,SRR13954990
CA,2021-01,SRR16178339
CA,2021-01,SRR16176323
CA,2021-01,SRR16177809
CA,2021-01,SRR18720920
CA,2021-01,SRR14790206
CA,2021-01,SRR13955779
CA,2021-01,SRR15516157
CA,2021-01,SRR16175204
CA,2021-01,SRR13956043
CA,2021-01,SRR18254768
CA,2021-01,SRR18255185
CA,2021-01,SRR13704120
CA,2021-01,SRR16942807
CA,2021-01,SRR16943279
CA,2021-01,SRR13918826
CA,2021-01,SRR16177793
CA,2021-01,SRR18720719
CA,2021-01,SRR14201920
CA,2021-01,SRR18720572
CA,2021-01,SRR13918815
CA,2021-01,SRR13955127
CA,2021-01,SRR16942815
CA,2021-01,SRR14201855
CA,2021-01,SRR18720926
CA,2021-01,SRR13738832
CA,2021-01,SRR14446715
CA,2021-01,SRR13917333
CA,2021-01,SRR14208760
CA,2021-01,SRR18254877
CA,2021-01,SRR14201944
CA,2021-01,SRR16175304
CA,2021-01,SRR13955986
CA,2021-01,SRR16943280
CA,2021-01,SRR13738481
CA,2021-01,SRR16178498
CA,2021-01,SRR15941834
CA,2021-01,SRR16171849
CA,2021-01,SRR13918712
CA,2021-01,SRR14446707
CA,2021-01,SRR13738763
CA,2021-01,SRR16172309
CA,2021-01,SRR14200346
CA,2021-01,SRR18254854
CA,2021-01,SRR16175985
CA,2021-01,SRR16175958
CA,2021-01,SRR18255205
CA,2021-01,SRR18255058
CA,2021-01,SRR14208784
CA,2021-01,SRR16175105
CA,2021-01,SRR13954948
CA,2021-01,SRR16177858
CA,2021-01,SRR13738752
CA,2021-01,SRR13738487
CA,2021-01,SRR16176535
CA,2021-01,SRR13955828
CA,2021-01,SRR16942830
CA,2021-01,SRR14200261
CA,2021-01,SRR13738764
CA,2021-01,SRR18255049
CA,2021-01,SRR18720701
CA,2021-01,SRR18255181
CA,2021-01,SRR13918622
CA,2021-01,SRR18255489
CA,2021-01,SRR18720535
CA,2021-01,SRR15831661
CA,2021-01,SRR16176115
CA,2021-01,SRR18254862
CA,2021-01,SRR14446566
CA,2021-01,SRR13918834
CA,2021-01,SRR14446638
CA,2021-01,SRR14202074
CA,2021-01,SRR13955070
CA,2021-01,SRR16176595
CA,2021-01,SRR13956005
CA,2021-01,SRR18720584
CA,2021-01,SRR16176816
CA,2021-01,SRR16176312
CA,2021-01,SRR13738755
CA,2021-01,SRR16175513
CA,2021-01,SRR18255206
CA,2021-01,SRR13918870
CA,2021-01,SRR16171842
CA,2021-01,SRR16178495
CA,2021-01,SRR18721319
CA,2021-01,SRR13918835
CA,2021-01,SRR15941840
CA,2021-01,SRR14446714
CA,2021-01,SRR13956014
CA,2021-01,SRR16176239
CA,2021-01,SRR16177753
CA,2021-01,SRR16174525
CA,2021-01,SRR13955776
CA,2021-01,SRR16176822
CA,2021-01,SRR14201760
CA,2021-01,SRR18254873
CA,2021-01,SRR16942823
CA,2021-01,SRR16942836
CA,2021-01,SRR13738528
CA,2021-01,SRR13955838
CA,2021-01,SRR18254839
CA,2021-01,SRR18720716
CA,2021-01,SRR16943278
CA,2021-01,SRR14201688
CA,2021-01,SRR14789178
CA,2021-01,SRR13956007
CA,2021-01,SRR13738742
CA,2021-01,SRR13955103
CA,2021-01,SRR16175066
CA,2021-01,SRR16178343
CA,2021-01,SRR14201675
CA,2021-01,SRR13955111
CA,2021-01,SRR16176401
CA,2021-01,SRR15942022
CA,2021-01,SRR14447802
CA,2021-01,SRR16176243
CA,2021-01,SRR15941831
CA,2021-01,SRR13918766
CA,2021-01,SRR13955990
CA,2021-01,SRR18720930
CA,2021-01,SRR13955906
CA,2021-01,SRR16178530
CA,2021-01,SRR18720689
CA,2021-01,SRR16171901
CA,2021-01,SRR13955984
CA,2021-01,SRR16178534
CA,2021-01,SRR16175167
CA,2021-01,SRR15515654
CA,2021-01,SRR16175158
CA,2021-01,SRR14789156
CA,2021-01,SRR18255229
CA,2021-01,SRR18255057
CA,2021-01,SRR13918756
CA,2021-01,SRR15942084
CA,2021-01,SRR15941997
CA,2021-01,SRR13738831
CA,2021-01,SRR16180432
CA,2021-01,SRR13738495
CA,2021-01,SRR13918648
CA,2021-01,SRR13918809
CA,2021-01,SRR16175981
CA,2021-01,SRR18720541
CA,2021-01,SRR16943253
CA,2021-01,SRR16176729
CA,2021-01,SRR18720538
CA,2021-01,SRR16175262
CA,2021-01,SRR13738739
CA,2021-01,SRR14446984
CA,2021-01,SRR14446730
CA,2021-01,SRR18720571
CA,2021-01,SRR15941868
CA,2021-01,SRR16171701
CA,2021-01,SRR13955935
CA,2021-01,SRR16172310
CA,2021-01,SRR13704130
CA,2021-01,SRR18254818
CA,2021-01,SRR16178476
CA,2021-01,SRR13918674
CA,2021-01,SRR16176815
CA,2021-01,SRR18255376
CA,2021-01,SRR16180418
CA,2021-01,SRR18255198
CA,2021-01,SRR16942825
CA,2021-01,SRR16176240
CA,2021-01,SRR18720536
CA,2021-01,SRR18721327
CA,2021-01,SRR18255281
CA,2021-01,SRR15515662
CA,2021-01,SRR13918820
CA,2021-01,SRR18255207
CA,2021-01,SRR13704117
CA,2021-01,SRR16178477
CA,2021-01,SRR16178344
CA,2021-01,SRR18255279
CA,2021-02,SRR15515312
CA,2021-02,SRR14156054
CA,2021-02,SRR13955815
CA,2021-02,SRR18254808
CA,2021-02,SRR14200356
CA,2021-02,SRR14200257
CA,2021-02,SRR14199499
CA,2021-02,SRR14156517
CA,2021-02,SRR18254803
CA,2021-02,SRR13971548
CA,2021-02,SRR16171693
CA,2021-02,SRR18254807
CA,2021-02,SRR18255274
CA,2021-02,SRR14447896
CA,2021-02,SRR13956177
CA,2021-02,SRR14789209
CA,2021-02,SRR14208654
CA,2021-02,SRR13955843
CA,2021-02,SRR13955831
CA,2021-02,SRR13956276
CA,2021-02,SRR14199481
CA,2021-02,SRR14199538
CA,2021-02,SRR14446562
CA,2021-02,SRR14789465
CA,2021-02,SRR13955822
CA,2021-02,SRR14447979
CA,2021-02,SRR14199416
CA,2021-02,SRR18254780
CA,2021-02,SRR15515915
CA,2021-02,SRR18254758
CA,2021-02,SRR18255456
CA,2021-02,SRR14208641
CA,2021-02,SRR14199487
CA,2021-02,SRR14208851
CA,2021-02,SRR14789201
CA,2021-02,SRR14200374
CA,2021-02,SRR18255000
CA,2021-02,SRR18255172
CA,2021-02,SRR13954992
CA,2021-02,SRR18254936
CA,2021-02,SRR18254997
CA,2021-02,SRR14157217
CA,2021-02,SRR17444373
CA,2021-02,SRR18255453
CA,2021-02,SRR14201833
CA,2021-02,SRR18255433
CA,2021-02,SRR14157066
CA,2021-02,SRR14199474
CA,2021-02,SRR18254940
CA,2021-02,SRR14201808
CA,2021-02,SRR18255460
CA,2021-02,SRR13956267
CA,2021-02,SRR14202003
CA,2021-02,SRR13956391
CA,2021-02,SRR14201910
CA,2021-02,SRR18255147
CA,2021-02,SRR14201853
CA,2021-02,SRR14789548
CA,2021-02,SRR14200326
CA,2021-02,SRR18254998
CA,2021-02,SRR13955892
CA,2021-02,SRR18254795
CA,2021-02,SRR14376826
CA,2021-02,SRR14447120
CA,2021-02,SRR14156348
CA,2021-02,SRR14202001
CA,2021-02,SRR13956033
CA,2021-02,SRR14447923
CA,2021-02,SRR14200437
CA,2021-02,SRR18255022
CA,2021-02,SRR14790192
CA,2021-02,SRR14790171
CA,2021-02,SRR18255267
CA,2021-02,SRR18255162
CA,2021-02,SRR14201922
CA,2021-02,SRR14789102
CA,2021-02,SRR14199390
CA,2021-02,SRR18254764
CA,2021-02,SRR13955982
CA,2021-02,SRR13955896
CA,2021-02,SRR15516371
CA,2021-02,SRR14199507
CA,2021-02,SRR18254953
CA,2021-02,SRR14200431
CA,2021-02,SRR13956041
CA,2021-02,SRR18255155
CA,2021-02,SRR18255448
CA,2021-02,SRR18255167
CA,2021-02,SRR13956412
CA,2021-02,SRR18255316
CA,2021-02,SRR18255369
CA,2021-02,SRR14208876
CA,2021-02,SRR15514845
CA,2021-02,SRR18255028
CA,2021-02,SRR14201939
CA,2021-02,SRR14157290
CA,2021-02,SRR14201977
CA,2021-02,SRR14201897
CA,2021-02,SRR14199452
CA,2021-02,SRR16171686
CA,2021-02,SRR14200329
CA,2021-02,SRR18255440
CA,2021-02,SRR16174672
CA,2021-02,SRR15515910
CA,2021-02,SRR13955997
CA,2021-02,SRR14790136
CA,2021-02,SRR18255268
CA,2021-02,SRR14158260
CA,2021-02,SRR14446806
CA,2021-02,SRR18254794
CA,2021-02,SRR18255477
CA,2021-02,SRR14157474
CA,2021-02,SRR14376877
CA,2021-02,SRR14202002
CA,2021-02,SRR14200340
CA,2021-02,SRR15515323
CA,2021-02,SRR16776903
CA,2021-02,SRR14447967
CA,2021-02,SRR14199482
CA,2021-02,SRR16177838
CA,2021-02,SRR14201702
CA,2021-02,SRR18255037
CA,2021-02,SRR18254946
CA,2021-02,SRR18254958
CA,2021-02,SRR13955941
CA,2021-02,SRR14199519
CA,2021-02,SRR18255013
CA,2021-02,SRR18255452
CA,2021-02,SRR18254996
CA,2021-02,SRR14201666
CA,2021-02,SRR14202058
CA,2021-02,SRR14200337
CA,2021-02,SRR13955973
CA,2021-02,SRR14199462
CA,2021-02,SRR14448004
CA,2021-02,SRR18254783
CA,2021-02,SRR14201643
CA,2021-02,SRR14199464
CA,2021-02,SRR15515932
CA,2021-02,SRR14377729
CA,2021-02,SRR14202042
CA,2021-02,SRR15515663
CA,2021-02,SRR14376825
CA,2021-02,SRR14156532
CA,2021-02,SRR14200327
CA,2021-02,SRR18255462
CA,2021-02,SRR14200260
CA,2021-02,SRR18254812
CA,2021-02,SRR18255444
CA,2021-02,SRR14447242
CA,2021-02,SRR14200323
CA,2021-02,SRR18254814
CA,2021-02,SRR14789164
CA,2021-02,SRR14208708
CA,2021-02,SRR14789157
CA,2021-02,SRR14202053
CA,2021-02,SRR18255294
CA,2021-02,SRR18255161
CA,2021-02,SRR14156492
CA,2021-02,SRR14446575
CA,2021-02,SRR14377664
CA,2021-02,SRR13956257
CA,2021-02,SRR18254932
CA,2021-02,SRR13955909
CA,2021-02,SRR14155770
CA,2021-02,SRR14156636
CA,2021-02,SRR14790189
CA,2021-02,SRR18255373
CA,2021-02,SRR18254983
CA,2021-02,SRR16171943
CA,2021-02,SRR18255371
CA,2021-02,SRR14789234
CA,2021-02,SRR13955969
CA,2021-02,SRR14202017
CA,2021-02,SRR14202004
CA,2021-02,SRR18255432
CA,2021-02,SRR14377127
CA,2021-02,SRR14446729
CA,2021-02,SRR14200273
CA,2021-02,SRR14447926
CA,2021-02,SRR13955096
CA,2021-02,SRR18255002
CA,2021-02,SRR18254786
CA,2021-02,SRR14156071
CA,2021-02,SRR16174662
CA,2021-02,SRR18255305
CA,2021-02,SRR18254927
CA,2021-02,SRR18255260
CA,2021-02,SRR18254947
CA,2021-02,SRR15515324
CA,2021-02,SRR18255370
CA,2021-02,SRR19413291
CA,2021-02,SRR18255300
CA,2021-02,SRR14208755
CA,2021-02,SRR14157145
CA,2021-02,SRR18255269
CA,2021-02,SRR13954913
CA,2021-02,SRR18254787
CA,2021-02,SRR18254784
CA,2021-02,SRR18255299
CA,2021-03,SRR16659095
CA,2021-03,SRR16624780
CA,2021-03,SRR14405211
CA,2021-03,SRR16659717
CA,2021-03,SRR16655379
CA,2021-03,SRR16653130
CA,2021-03,SRR16653056
CA,2021-03,SRR16652558
CA,2021-03,SRR16659679
CA,2021-03,SRR16624390
CA,2021-03,SRR16659302
CA,2021-03,SRR16659699
CA,2021-03,SRR16719419
CA,2021-03,SRR16658216
CA,2021-03,SRR16624242
CA,2021-03,SRR16658621
CA,2021-03,SRR16656847
CA,2021-03,SRR14405572
CA,2021-03,SRR14405462
CA,2021-03,SRR16624272
CA,2021-03,SRR16653028
CA,2021-03,SRR16653085
CA,2021-03,SRR16657561
CA,2021-03,SRR16658671
CA,2021-03,SRR14405213
CA,2021-03,SRR16658419
CA,2021-03,SRR16652828
CA,2021-03,SRR16659493
CA,2021-03,SRR16659133
CA,2021-03,SRR16659440
CA,2021-03,SRR18254914
CA,2021-03,SRR16656838
CA,2021-03,SRR16653039
CA,2021-03,SRR16657011
CA,2021-03,SRR16658617
CA,2021-03,SRR16655559
CA,2021-03,SRR16713892
CA,2021-03,SRR16719088
CA,2021-03,SRR14156016
CA,2021-03,SRR16659795
CA,2021-03,SRR16713631
CA,2021-03,SRR16652640
CA,2021-03,SRR16659414
CA,2021-03,SRR18254891
CA,2021-03,SRR16656351
CA,2021-03,SRR16755290
CA,2021-03,SRR16652627
CA,2021-03,SRR16653023
CA,2021-03,SRR16659817
CA,2021-03,SRR16656325
CA,2021-03,SRR18255089
CA,2021-03,SRR16624268
CA,2021-03,SRR16656613
CA,2021-03,SRR16624291
CA,2021-03,SRR16656444
CA,2021-03,SRR16717500
CA,2021-03,SRR16656370
CA,2021-03,SRR16658677
CA,2021-03,SRR16655306
CA,2021-03,SRR16713754
CA,2021-03,SRR14447954
CA,2021-03,SRR16659596
CA,2021-03,SRR16657064
CA,2021-03,SRR16658127
CA,2021-03,SRR16624959
CA,2021-03,SRR16656575
CA,2021-03,SRR16624126
CA,2021-03,SRR16658284
CA,2021-03,SRR16655938
CA,2021-03,SRR16715099
CA,2021-03,SRR16658831
CA,2021-03,SRR16658781
CA,2021-03,SRR16719326
CA,2021-03,SRR16719059
CA,2021-03,SRR16656470
CA,2021-03,SRR16658519
CA,2021-03,SRR16652787
CA,2021-03,SRR16659451
CA,2021-03,SRR16623436
CA,2021-03,SRR14448013
CA,2021-03,SRR16659196
CA,2021-03,SRR16653070
CA,2021-03,SRR16659856
CA,2021-03,SRR16655875
CA,2021-03,SRR16624127
CA,2021-03,SRR16718690
CA,2021-03,SRR16757273
CA,2021-03,SRR16719081
CA,2021-03,SRR16624381
CA,2021-03,SRR16737912
CA,2021-03,SRR16753333
CA,2021-03,SRR16657038
CA,2021-03,SRR16659083
CA,2021-03,SRR16715830
CA,2021-03,SRR16656484
CA,2021-03,SRR16652648
CA,2021-03,SRR16656522
CA,2021-03,SRR16656436
CA,2021-03,SRR16652970
CA,2021-03,SRR16659272
CA,2021-03,SRR16655323
CA,2021-03,SRR16756189
CA,2021-03,SRR16659368
CA,2021-03,SRR16659127
CA,2021-03,SRR16624089
CA,2021-03,SRR16658703
CA,2021-03,SRR16719397
CA,2021-03,SRR16652670
CA,2021-03,SRR16658101
CA,2021-03,SRR16659588
CA,2021-03,SRR18255100
CA,2021-03,SRR16652652
CA,2021-03,SRR16657070
CA,2021-03,SRR16656609
CA,2021-03,SRR16655340
CA,2021-03,SRR16659096
CA,2021-03,SRR16659387
CA,2021-03,SRR16658406
CA,2021-03,SRR16653029
CA,2021-03,SRR16659371
CA,2021-03,SRR16656259
CA,2021-03,SRR16717164
CA,2021-03,SRR16659829
CA,2021-03,SRR16674993
CA,2021-03,SRR16613107
CA,2021-03,SRR16653074
CA,2021-03,SRR16714692
CA,2021-03,SRR18254886
CA,2021-03,SRR16689399
CA,2021-03,SRR16656142
CA,2021-03,SRR16656722
CA,2021-03,SRR16655331
CA,2021-03,SRR16615509
CA,2021-03,SRR16652984
CA,2021-03,SRR16658429
CA,2021-03,SRR16659503
CA,2021-03,SRR16656132
CA,2021-03,SRR16652987
CA,2021-03,SRR16659171
CA,2021-03,SRR16657499
CA,2021-03,SRR16656675
CA,2021-03,SRR16659112
CA,2021-03,SRR16657063
CA,2021-03,SRR16652584
CA,2021-03,SRR16655308
CA,2021-03,SRR18255095
CA,2021-03,SRR16653132
CA,2021-03,SRR16659752
CA,2021-03,SRR16757065
CA,2021-03,SRR16658139
CA,2021-03,SRR16655302
CA,2021-03,SRR16659759
CA,2021-03,SRR16658597
CA,2021-03,SRR16656876
CA,2021-03,SRR16658576
CA,2021-03,SRR16656715
CA,2021-03,SRR16736209
CA,2021-03,SRR16719053
CA,2021-03,SRR16652556
CA,2021-03,SRR16657623
CA,2021-03,SRR16657347
CA,2021-03,SRR16624261
CA,2021-03,SRR16659781
CA,2021-03,SRR14448042
CA,2021-03,SRR16624771
CA,2021-03,SRR16652616
CA,2021-03,SRR16658829
CA,2021-03,SRR16753852
CA,2021-03,SRR16679510
CA,2021-03,SRR16659327
CA,2021-03,SRR16753613
CA,2021-03,SRR16658652
CA,2021-03,SRR16615340
CA,2021-03,SRR16656633
CA,2021-03,SRR16656617
CA,2021-03,SRR16755200
CA,2021-03,SRR16657089
CA,2021-03,SRR16658066
CA,2021-03,SRR16653176
CA,2021-03,SRR16658290
CA,2021-03,SRR14376963
CA,2021-03,SRR16714137
CA,2021-03,SRR16659520
CA,2021-03,SRR16624871
CA,2021-03,SRR16659356
CA,2021-03,SRR16736793
CA,2021-03,SRR16659765
CA,2021-03,SRR16719123
CA,2021-03,SRR16659834
CA,2021-03,SRR16659097
CA,2021-03,SRR16753338
CA,2021-03,SRR18255474
CA,2021-03,SRR16736542
CA,2021-03,SRR16656919
CA,2021-03,SRR16652630
CA,2021-03,SRR16719401
CA,2021-03,SRR14154808
CA,2021-03,SRR16659526
CA,2021-03,SRR16659511
CA,2021-03,SRR16736529
CA,2021-04,SRR16723012
CA,2021-04,SRR16625865
CA,2021-04,SRR14448007
CA,2021-04,SRR16726896
CA,2021-04,SRR16651248
CA,2021-04,SRR16650641
CA,2021-04,SRR16650410
CA,2021-04,SRR16626124
CA,2021-04,SRR16726728
CA,2021-04,SRR16625835
CA,2021-04,SRR16725515
CA,2021-04,SRR16726744
CA,2021-04,SRR16740942
CA,2021-04,SRR16718438
CA,2021-04,SRR16625817
CA,2021-04,SRR16719530
CA,2021-04,SRR16652460
CA,2021-04,SRR14824976
CA,2021-04,SRR14824947
CA,2021-04,SRR16625824
CA,2021-04,SRR16650219
CA,2021-04,SRR16650470
CA,2021-04,SRR16717927
CA,2021-04,SRR16720589
CA,2021-04,SRR14448039
CA,2021-04,SRR16718543
CA,2021-04,SRR16649804
CA,2021-04,SRR16725955
CA,2021-04,SRR16725250
CA,2021-04,SRR16725830
CA,2021-04,SRR16753551
CA,2021-04,SRR16652440
CA,2021-04,SRR16650230
CA,2021-04,SRR16669747
CA,2021-04,SRR16719528
CA,2021-04,SRR16651274
CA,2021-04,SRR16731415
CA,2021-04,SRR16738883
CA,2021-04,SRR14374473
CA,2021-04,SRR16727674
CA,2021-04,SRR16731001
CA,2021-04,SRR16630944
CA,2021-04,SRR16725808
CA,2021-04,SRR16753290
CA,2021-04,SRR16651883
CA,2021-04,SRR16744197
CA,2021-04,SRR16626770
CA,2021-04,SRR16650205
CA,2021-04,SRR16727907
CA,2021-04,SRR16651850
CA,2021-04,SRR16754048
CA,2021-04,SRR16625822
CA,2021-04,SRR16652199
CA,2021-04,SRR16625829
CA,2021-04,SRR16652054
CA,2021-04,SRR16734655
CA,2021-04,SRR16651956
CA,2021-04,SRR16721025
CA,2021-04,SRR16651162
CA,2021-04,SRR16731042
CA,2021-04,SRR16618303
CA,2021-04,SRR16726303
CA,2021-04,SRR16670393
CA,2021-04,SRR16718380
CA,2021-04,SRR16625941
CA,2021-04,SRR16652197
CA,2021-04,SRR16625437
CA,2021-04,SRR16718482
CA,2021-04,SRR16651386
CA,2021-04,SRR16733601
CA,2021-04,SRR16722104
CA,2021-04,SRR16721576
CA,2021-04,SRR16739894
CA,2021-04,SRR16738707
CA,2021-04,SRR16652064
CA,2021-04,SRR16718854
CA,2021-04,SRR16649744
CA,2021-04,SRR16725929
CA,2021-04,SRR16625425
CA,2021-04,SRR16618428
CA,2021-04,SRR16725401
CA,2021-04,SRR16650437
CA,2021-04,SRR16728587
CA,2021-04,SRR16651359
CA,2021-04,SRR16625440
CA,2021-04,SRR16735072
CA,2021-04,SRR16744774
CA,2021-04,SRR16738868
CA,2021-04,SRR16625833
CA,2021-04,SRR16743327
CA,2021-04,SRR16743772
CA,2021-04,SRR16669936
CA,2021-04,SRR16722512
CA,2021-04,SRR16734081
CA,2021-04,SRR16652083
CA,2021-04,SRR16631135
CA,2021-04,SRR16652111
CA,2021-04,SRR16652040
CA,2021-04,SRR16650151
CA,2021-04,SRR16725424
CA,2021-04,SRR16651171
CA,2021-04,SRR16744458
CA,2021-04,SRR16725678
CA,2021-04,SRR16725247
CA,2021-04,SRR16625428
CA,2021-04,SRR16721224
CA,2021-04,SRR16740038
CA,2021-04,SRR16648746
CA,2021-04,SRR16718366
CA,2021-04,SRR16726294
CA,2021-04,SRR16754505
CA,2021-04,SRR16631137
CA,2021-04,SRR16670967
CA,2021-04,SRR16652198
CA,2021-04,SRR16651190
CA,2021-04,SRR16723042
CA,2021-04,SRR16725702
CA,2021-04,SRR16718532
CA,2021-04,SRR16650228
CA,2021-04,SRR16725683
CA,2021-04,SRR16651702
CA,2021-04,SRR16734426
CA,2021-04,SRR16728309
CA,2021-04,SRR16728884
CA,2021-04,SRR16619451
CA,2021-04,SRR16650449
CA,2021-04,SRR16733238
CA,2021-04,SRR16753277
CA,2021-04,SRR16730986
CA,2021-04,SRR16651509
CA,2021-04,SRR16652322
CA,2021-04,SRR16651178
CA,2021-04,SRR16620209
CA,2021-04,SRR16650167
CA,2021-04,SRR16718650
CA,2021-04,SRR16726067
CA,2021-04,SRR16651499
CA,2021-04,SRR16650190
CA,2021-04,SRR16725270
CA,2021-04,SRR16717886
CA,2021-04,SRR16652287
CA,2021-04,SRR16723533
CA,2021-04,SRR16670315
CA,2021-04,SRR16626454
CA,2021-04,SRR16651163
CA,2021-04,SRR16754311
CA,2021-04,SRR16650659
CA,2021-04,SRR16727006
CA,2021-04,SRR16744697
CA,2021-04,SRR16718384
CA,2021-04,SRR16651161
CA,2021-04,SRR16727219
CA,2021-04,SRR16719162
CA,2021-04,SRR16660568
CA,2021-04,SRR16719147
CA,2021-04,SRR16652303
CA,2021-04,SRR16741761
CA,2021-04,SRR16738665
CA,2021-04,SRR16626117
CA,2021-04,SRR16717999
CA,2021-04,SRR16717771
CA,2021-04,SRR16625821
CA,2021-04,SRR16727615
CA,2021-04,SRR16618830
CA,2021-04,SRR16625854
CA,2021-04,SRR16626709
CA,2021-04,SRR16721987
CA,2021-04,SRR16743833
CA,2021-04,SRR16729513
CA,2021-04,SRR16725633
CA,2021-04,SRR16743775
CA,2021-04,SRR16719986
CA,2021-04,SRR16620159
CA,2021-04,SRR16652243
CA,2021-04,SRR16652213
CA,2021-04,SRR16744185
CA,2021-04,SRR16671467
CA,2021-04,SRR16718315
CA,2021-04,SRR16650715
CA,2021-04,SRR16718492
CA,2021-04,SRR14374977
CA,2021-04,SRR16732079
CA,2021-04,SRR16726214
CA,2021-04,SRR16625884
CA,2021-04,SRR16725642
CA,2021-04,SRR16742636
CA,2021-04,SRR16727514
CA,2021-04,SRR16739317
CA,2021-04,SRR16728345
CA,2021-04,SRR16723424
CA,2021-04,SRR16743774
CA,2021-04,SRR16756577
CA,2021-04,SRR16742452
CA,2021-04,SRR16668801
CA,2021-04,SRR16630757
CA,2021-04,SRR16740058
CA,2021-04,SRR14374344
CA,2021-04,SRR16726215
CA,2021-04,SRR16726079
CA,2021-04,SRR16742345
CA,2021-05,SRR16724099
CA,2021-05,SRR16621975
CA,2021-05,SRR14896869
CA,2021-05,SRR16724643
CA,2021-05,SRR16635746
CA,2021-05,SRR16627452
CA,2021-05,SRR16627172
CA,2021-05,SRR16622528
CA,2021-05,SRR16724592
CA,2021-05,SRR16621778
CA,2021-05,SRR16724383
CA,2021-05,SRR16724642
CA,2021-05,SRR16731951
CA,2021-05,SRR16713156
CA,2021-05,SRR16621431
CA,2021-05,SRR16713387
CA,2021-05,SRR16647456
CA,2021-05,SRR14897106
CA,2021-05,SRR14897033
CA,2021-05,SRR16621500
CA,2021-05,SRR16627167
CA,2021-05,SRR16627438
CA,2021-05,SRR16660474
CA,2021-05,SRR16713411
CA,2021-05,SRR14896933
CA,2021-05,SRR16713209
CA,2021-05,SRR16627147
CA,2021-05,SRR16724521
CA,2021-05,SRR16724229
CA,2021-05,SRR16724463
CA,2021-05,SRR16736020
CA,2021-05,SRR16647453
CA,2021-05,SRR16627169
CA,2021-05,SRR16647842
CA,2021-05,SRR16713386
CA,2021-05,SRR16635768
CA,2021-05,SRR16730139
CA,2021-05,SRR16731485
CA,2021-05,SRR14791700
CA,2021-05,SRR16725581
CA,2021-05,SRR16729853
CA,2021-05,SRR16622857
CA,2021-05,SRR16724449
CA,2021-05,SRR16735172
CA,2021-05,SRR16640063
CA,2021-05,SRR16734046
CA,2021-05,SRR16622751
CA,2021-05,SRR16627164
CA,2021-05,SRR16725735
CA,2021-05,SRR16640027
CA,2021-05,SRR16736035
CA,2021-05,SRR16621457
CA,2021-05,SRR16647127
CA,2021-05,SRR16621578
CA,2021-05,SRR16640132
CA,2021-05,SRR16731101
CA,2021-05,SRR16640067
CA,2021-05,SRR16713415
CA,2021-05,SRR16635450
CA,2021-05,SRR16729864
CA,2021-05,SRR16175031
CA,2021-05,SRR16724572
CA,2021-05,SRR16647896
CA,2021-05,SRR16713146
CA,2021-05,SRR16622014
CA,2021-05,SRR16647125
CA,2021-05,SRR16621247
CA,2021-05,SRR16713164
CA,2021-05,SRR16638234
CA,2021-05,SRR16730702
CA,2021-05,SRR16724026
CA,2021-05,SRR16713580
CA,2021-05,SRR16731862
CA,2021-05,SRR16731370
CA,2021-05,SRR16640135
CA,2021-05,SRR16713261
CA,2021-05,SRR16627140
CA,2021-05,SRR16724478
CA,2021-05,SRR16621168
CA,2021-05,SRR16175143
CA,2021-05,SRR16724312
CA,2021-05,SRR16627348
CA,2021-05,SRR16725898
CA,2021-05,SRR16638227
CA,2021-05,SRR16621285
CA,2021-05,SRR16731325
CA,2021-05,SRR16734621
CA,2021-05,SRR16731472
CA,2021-05,SRR16621697
CA,2021-05,SRR16733523
CA,2021-05,SRR16733879
CA,2021-05,SRR16647867
CA,2021-05,SRR16724056
CA,2021-05,SRR16730855
CA,2021-05,SRR16640178
CA,2021-05,SRR16622890
CA,2021-05,SRR16647114
CA,2021-05,SRR16640127
CA,2021-05,SRR16627158
CA,2021-05,SRR16724324
CA,2021-05,SRR16635660
CA,2021-05,SRR16734183
CA,2021-05,SRR16724404
CA,2021-05,SRR16724225
CA,2021-05,SRR16621199
CA,2021-05,SRR16713425
CA,2021-05,SRR16731895
CA,2021-05,SRR16622974
CA,2021-05,SRR16713143
CA,2021-05,SRR16724566
CA,2021-05,SRR16736042
CA,2021-05,SRR16622899
CA,2021-05,SRR16647994
CA,2021-05,SRR16647126
CA,2021-05,SRR16635666
CA,2021-05,SRR16724100
CA,2021-05,SRR16724414
CA,2021-05,SRR16713171
CA,2021-05,SRR16627168
CA,2021-05,SRR16724407
CA,2021-05,SRR16640007
CA,2021-05,SRR16730957
CA,2021-05,SRR16725792
CA,2021-05,SRR16725906
CA,2021-05,SRR16621014
CA,2021-05,SRR16627351
CA,2021-05,SRR16730342
CA,2021-05,SRR16735162
CA,2021-05,SRR16729851
CA,2021-05,SRR16638279
CA,2021-05,SRR16647426
CA,2021-05,SRR16635663
CA,2021-05,SRR16621145
CA,2021-05,SRR16627160
CA,2021-05,SRR16713227
CA,2021-05,SRR16724523
CA,2021-05,SRR16638276
CA,2021-05,SRR16627161
CA,2021-05,SRR16724235
CA,2021-05,SRR16660353
CA,2021-05,SRR16647418
CA,2021-05,SRR16724128
CA,2021-05,SRR16647892
CA,2021-05,SRR16622546
CA,2021-05,SRR16635474
CA,2021-05,SRR16736037
CA,2021-05,SRR16627457
CA,2021-05,SRR16724661
CA,2021-05,SRR16734415
CA,2021-05,SRR16713149
CA,2021-05,SRR16635419
CA,2021-05,SRR16724675
CA,2021-05,SRR16713285
CA,2021-05,SRR16647462
CA,2021-05,SRR16713284
CA,2021-05,SRR16647424
CA,2021-05,SRR16732630
CA,2021-05,SRR16731369
CA,2021-05,SRR16622430
CA,2021-05,SRR16660545
CA,2021-05,SRR16648240
CA,2021-05,SRR16621453
CA,2021-05,SRR16725570
CA,2021-05,SRR16620860
CA,2021-05,SRR16621880
CA,2021-05,SRR16622727
CA,2021-05,SRR16724019
CA,2021-05,SRR16733923
CA,2021-05,SRR16726610
CA,2021-05,SRR16724393
CA,2021-05,SRR16733918
CA,2021-05,SRR16713402
CA,2021-05,SRR16621119
CA,2021-05,SRR16647165
CA,2021-05,SRR16647130
CA,2021-05,SRR16733961
CA,2021-05,SRR16648083
CA,2021-05,SRR16660907
CA,2021-05,SRR16627610
CA,2021-05,SRR16713167
CA,2021-05,SRR14896639
CA,2021-05,SRR16730143
CA,2021-05,SRR16724532
CA,2021-05,SRR16621983
CA,2021-05,SRR16724396
CA,2021-05,SRR16733018
CA,2021-05,SRR16724794
CA,2021-05,SRR16731648
CA,2021-05,SRR16725801
CA,2021-05,SRR16724102
CA,2021-05,SRR16733906
CA,2021-05,SRR17490405
CA,2021-05,SRR16732735
CA,2021-05,SRR16647730
CA,2021-05,SRR16622777
CA,2021-05,SRR16731896
CA,2021-05,SRR14791552
CA,2021-05,SRR16724536
CA,2021-05,SRR16724524
CA,2021-05,SRR16732733
CA,2021-06,SRR16178472
CA,2021-06,SRR14906737
CA,2021-06,SRR14906101
CA,2021-06,SRR16627001
CA,2021-06,SRR15025297
CA,2021-06,SRR15025127
CA,2021-06,SRR15025021
CA,2021-06,SRR15024477
CA,2021-06,SRR16626995
CA,2021-06,SRR14906636
CA,2021-06,SRR16626852
CA,2021-06,SRR16627000
CA,2021-06,SRR16723887
CA,2021-06,SRR15138986
CA,2021-06,SRR14906500
CA,2021-06,SRR15747779
CA,2021-06,SRR15087171
CA,2021-06,SRR14906158
CA,2021-06,SRR14906136
CA,2021-06,SRR14906527
CA,2021-06,SRR15025010
CA,2021-06,SRR15025066
CA,2021-06,SRR15138435
CA,2021-06,SRR15749073
CA,2021-06,SRR14906123
CA,2021-06,SRR15139038
CA,2021-06,SRR15024940
CA,2021-06,SRR16626972
CA,2021-06,SRR16180436
CA,2021-06,SRR16626903
CA,2021-06,SRR17447522
CA,2021-06,SRR15087162
CA,2021-06,SRR15025015
CA,2021-06,SRR15087318
CA,2021-06,SRR15747711
CA,2021-06,SRR15025300
CA,2021-06,SRR16629380
CA,2021-06,SRR16723855
CA,2021-06,SRR14891494
CA,2021-06,SRR16627025
CA,2021-06,SRR16629373
CA,2021-06,SRR15024703
CA,2021-06,SRR16626899
CA,2021-06,SRR16921775
CA,2021-06,SRR15084380
CA,2021-06,SRR16911930
CA,2021-06,SRR15024691
CA,2021-06,SRR15025003
CA,2021-06,SRR16627030
CA,2021-06,SRR15084319
CA,2021-06,SRR17626220
CA,2021-06,SRR14906512
CA,2021-06,SRR15086921
CA,2021-06,SRR14906573
CA,2021-06,SRR15086784
CA,2021-06,SRR16723828
CA,2021-06,SRR15084408
CA,2021-06,SRR15749389
CA,2021-06,SRR15025211
CA,2021-06,SRR16629374
CA,2021-06,SRR14906271
CA,2021-06,SRR16626987
CA,2021-06,SRR15124196
CA,2021-06,SRR15138838
CA,2021-06,SRR15024392
CA,2021-06,SRR15086915
CA,2021-06,SRR14906422
CA,2021-06,SRR15139007
CA,2021-06,SRR15025383
CA,2021-06,SRR16723808
CA,2021-06,SRR16176614
CA,2021-06,SRR15979549
CA,2021-06,SRR16723877
CA,2021-06,SRR16723844
CA,2021-06,SRR15086803
CA,2021-06,SRR15139133
CA,2021-06,SRR15024880
CA,2021-06,SRR16626906
CA,2021-06,SRR14906380
CA,2021-06,SRR14906283
CA,2021-06,SRR16180462
CA,2021-06,SRR15025031
CA,2021-06,SRR16627080
CA,2021-06,SRR15025340
CA,2021-06,SRR14906423
CA,2021-06,SRR16723836
CA,2021-06,SRR16912454
CA,2021-06,SRR16723850
CA,2021-06,SRR14906628
CA,2021-06,SRR16736052
CA,2021-06,SRR16911590
CA,2021-06,SRR15087341
CA,2021-06,SRR16177819
CA,2021-06,SRR16723814
CA,2021-06,SRR15086811
CA,2021-06,SRR15024707
CA,2021-06,SRR15086840
CA,2021-06,SRR15084573
CA,2021-06,SRR15024968
CA,2021-06,SRR16180497
CA,2021-06,SRR15025228
CA,2021-06,SRR16912057
CA,2021-06,SRR16626867
CA,2021-06,SRR16180325
CA,2021-06,SRR14906400
CA,2021-06,SRR15954383
CA,2021-06,SRR16723878
CA,2021-06,SRR15024759
CA,2021-06,SRR15138784
CA,2021-06,SRR16626986
CA,2021-06,SRR17626345
CA,2021-06,SRR15024709
CA,2021-06,SRR15124284
CA,2021-06,SRR15086917
CA,2021-06,SRR15025248
CA,2021-06,SRR16178473
CA,2021-06,SRR16626878
CA,2021-06,SRR15139030
CA,2021-06,SRR15025011
CA,2021-06,SRR16626873
CA,2021-06,SRR15084264
CA,2021-06,SRR16723823
CA,2021-06,SRR16627043
CA,2021-06,SRR16629040
CA,2021-06,SRR14906324
CA,2021-06,SRR15025034
CA,2021-06,SRR16629494
CA,2021-06,SRR16921663
CA,2021-06,SRR16629369
CA,2021-06,SRR15084078
CA,2021-06,SRR15087012
CA,2021-06,SRR15025242
CA,2021-06,SRR14906371
CA,2021-06,SRR15024971
CA,2021-06,SRR15139054
CA,2021-06,SRR16626974
CA,2021-06,SRR15084066
CA,2021-06,SRR15024973
CA,2021-06,SRR16180453
CA,2021-06,SRR15138379
CA,2021-06,SRR15086988
CA,2021-06,SRR16180244
CA,2021-06,SRR15124173
CA,2021-06,SRR15024534
CA,2021-06,SRR15025214
CA,2021-06,SRR17626272
CA,2021-06,SRR15025133
CA,2021-06,SRR16627004
CA,2021-06,SRR16912268
CA,2021-06,SRR15138849
CA,2021-06,SRR15025207
CA,2021-06,SRR16627006
CA,2021-06,SRR15201166
CA,2021-06,SRR15087182
CA,2021-06,SRR15201163
CA,2021-06,SRR15087006
CA,2021-06,SRR16723928
CA,2021-06,SRR16723843
CA,2021-06,SRR15024474
CA,2021-06,SRR15138503
CA,2021-06,SRR15138364
CA,2021-06,SRR14906511
CA,2021-06,SRR16627017
CA,2021-06,SRR14906290
CA,2021-06,SRR14906718
CA,2021-06,SRR15024677
CA,2021-06,SRR16176613
CA,2021-06,SRR16911649
CA,2021-06,SRR16629241
CA,2021-06,SRR16626858
CA,2021-06,SRR16911594
CA,2021-06,SRR15749057
CA,2021-06,SRR14906361
CA,2021-06,SRR15086938
CA,2021-06,SRR15086925
CA,2021-06,SRR16911840
CA,2021-06,SRR15138237
CA,2021-06,SRR15138696
CA,2021-06,SRR15025170
CA,2021-06,SRR15139016
CA,2021-06,SRR14905978
CA,2021-06,SRR16629398
CA,2021-06,SRR16626977
CA,2021-06,SRR14962988
CA,2021-06,SRR16626862
CA,2021-06,SRR16736027
CA,2021-06,SRR16627010
CA,2021-06,SRR16723867
CA,2021-06,SRR16627044
CA,2021-06,SRR16178474
CA,2021-06,SRR16911593
CA,2021-06,SRR17626577
CA,2021-06,SRR16723942
CA,2021-06,SRR15087225
CA,2021-06,SRR15024696
CA,2021-06,SRR16723879
CA,2021-06,SRR14891482
CA,2021-06,SRR16626978
CA,2021-06,SRR16626975
CA,2021-06,SRR16723939
CA,2021-07,SRR15546288
CA,2021-07,SRR15272997
CA,2021-07,SRR15200989
CA,2021-07,SRR15549427
CA,2021-07,SRR15313257
CA,2021-07,SRR15289908
CA,2021-07,SRR15288761
CA,2021-07,SRR15285321
CA,2021-07,SRR15549260
CA,2021-07,SRR15272596
CA,2021-07,SRR15547626
CA,2021-07,SRR15549420
CA,2021-07,SRR16584369
CA,2021-07,SRR15398939
CA,2021-07,SRR15272002
CA,2021-07,SRR15492006
CA,2021-07,SRR15352668
CA,2021-07,SRR15223234
CA,2021-07,SRR15223105
CA,2021-07,SRR15272268
CA,2021-07,SRR15288206
CA,2021-07,SRR15289751
CA,2021-07,SRR15397742
CA,2021-07,SRR15493512
CA,2021-07,SRR15201008
CA,2021-07,SRR15489600
CA,2021-07,SRR15286734
CA,2021-07,SRR15548823
CA,2021-07,SRR15546727
CA,2021-07,SRR15548394
CA,2021-07,SRR16585439
CA,2021-07,SRR15352538
CA,2021-07,SRR15288706
CA,2021-07,SRR15388216
CA,2021-07,SRR15492001
CA,2021-07,SRR15313382
CA,2021-07,SRR15552065
CA,2021-07,SRR15918495
CA,2021-07,SRR15138162
CA,2021-07,SRR15550076
CA,2021-07,SRR15551962
CA,2021-07,SRR15285520
CA,2021-07,SRR15548094
CA,2021-07,SRR16585404
CA,2021-07,SRR15344389
CA,2021-07,SRR16585236
CA,2021-07,SRR15285454
CA,2021-07,SRR15287413
CA,2021-07,SRR15550218
CA,2021-07,SRR15344271
CA,2021-07,SRR16585459
CA,2021-07,SRR15272135
CA,2021-07,SRR15350316
CA,2021-07,SRR15272441
CA,2021-07,SRR15345025
CA,2021-07,SRR15553009
CA,2021-07,SRR15344545
CA,2021-07,SRR15544193
CA,2021-07,SRR15290246
CA,2021-07,SRR15551965
CA,2021-07,SRR15224766
CA,2021-07,SRR15549062
CA,2021-07,SRR15392488
CA,2021-07,SRR15398865
CA,2021-07,SRR15284698
CA,2021-07,SRR15349941
CA,2021-07,SRR15271815
CA,2021-07,SRR15399134
CA,2021-07,SRR15314234
CA,2021-07,SRR15552460
CA,2021-07,SRR15546112
CA,2021-07,SRR15545657
CA,2021-07,SRR16584197
CA,2021-07,SRR15917104
CA,2021-07,SRR15345033
CA,2021-07,SRR15490873
CA,2021-07,SRR15286501
CA,2021-07,SRR15548472
CA,2021-07,SRR15271000
CA,2021-07,SRR15270188
CA,2021-07,SRR15547011
CA,2021-07,SRR15289513
CA,2021-07,SRR15550521
CA,2021-07,SRR15314175
CA,2021-07,SRR15271818
CA,2021-07,SRR15582213
CA,2021-07,SRR16585342
CA,2021-07,SRR15918344
CA,2021-07,SRR15272587
CA,2021-07,SRR16584849
CA,2021-07,SRR16584942
CA,2021-07,SRR15392306
CA,2021-07,SRR15546171
CA,2021-07,SRR15552537
CA,2021-07,SRR15345074
CA,2021-07,SRR15285589
CA,2021-07,SRR15349688
CA,2021-07,SRR15344964
CA,2021-07,SRR15287139
CA,2021-07,SRR15547532
CA,2021-07,SRR15290271
CA,2021-07,SRR16585320
CA,2021-07,SRR15547783
CA,2021-07,SRR15546650
CA,2021-07,SRR15271043
CA,2021-07,SRR15544919
CA,2021-07,SRR16584198
CA,2021-07,SRR15286237
CA,2021-07,SRR15398798
CA,2021-07,SRR15549045
CA,2021-07,SRR19014400
CA,2021-07,SRR15285593
CA,2021-07,SRR15392637
CA,2021-07,SRR15349948
CA,2021-07,SRR15290385
CA,2021-07,SRR15546317
CA,2021-07,SRR15547867
CA,2021-07,SRR15445787
CA,2021-07,SRR15288680
CA,2021-07,SRR15547791
CA,2021-07,SRR15344072
CA,2021-07,SRR15552923
CA,2021-07,SRR15550343
CA,2021-07,SRR15550627
CA,2021-07,SRR15270786
CA,2021-07,SRR15289604
CA,2021-07,SRR15552327
CA,2021-07,SRR16585396
CA,2021-07,SRR15551949
CA,2021-07,SRR15314496
CA,2021-07,SRR15351750
CA,2021-07,SRR15290296
CA,2021-07,SRR15270918
CA,2021-07,SRR15287142
CA,2021-07,SRR15489790
CA,2021-07,SRR15548887
CA,2021-07,SRR15314495
CA,2021-07,SRR15287148
CA,2021-07,SRR15546879
CA,2021-07,SRR15397714
CA,2021-07,SRR15351685
CA,2021-07,SRR15546457
CA,2021-07,SRR15392472
CA,2021-07,SRR15285337
CA,2021-07,SRR15290248
CA,2021-07,SRR16585465
CA,2021-07,SRR15289922
CA,2021-07,SRR15549659
CA,2021-07,SRR16585329
CA,2021-07,SRR15398868
CA,2021-07,SRR15290150
CA,2021-07,SRR15549677
CA,2021-07,SRR15491845
CA,2021-07,SRR15352678
CA,2021-07,SRR15491720
CA,2021-07,SRR15351688
CA,2021-07,SRR16584392
CA,2021-07,SRR15917002
CA,2021-07,SRR15285315
CA,2021-07,SRR15397863
CA,2021-07,SRR15397602
CA,2021-07,SRR15272134
CA,2021-07,SRR15549918
CA,2021-07,SRR15270217
CA,2021-07,SRR15272961
CA,2021-07,SRR15285426
CA,2021-07,SRR15546079
CA,2021-07,SRR16585002
CA,2021-07,SRR15551492
CA,2021-07,SRR15547774
CA,2021-07,SRR16584992
CA,2021-07,SRR15492649
CA,2021-07,SRR15270910
CA,2021-07,SRR15351418
CA,2021-07,SRR15350533
CA,2021-07,SRR16585230
CA,2021-07,SRR15393254
CA,2021-07,SRR15398617
CA,2021-07,SRR15289994
CA,2021-07,SRR15399163
CA,2021-07,SRR15200329
CA,2021-07,SRR15552077
CA,2021-07,SRR15548983
CA,2021-07,SRR15283900
CA,2021-07,SRR15547782
CA,2021-07,SRR16584642
CA,2021-07,SRR15549779
CA,2021-07,SRR16584185
CA,2021-07,SRR15550361
CA,2021-07,SRR15546325
CA,2021-07,SRR16584965
CA,2021-07,SRR19015726
CA,2021-07,SRR16584633
CA,2021-07,SRR15363974
CA,2021-07,SRR15285481
CA,2021-07,SRR16584201
CA,2021-07,SRR15138133
CA,2021-07,SRR15548984
CA,2021-07,SRR15548903
CA,2021-07,SRR16584632
CA,2021-08,SRR15784873
CA,2021-08,SRR15444732
CA,2021-08,SRR15394147
CA,2021-08,SRR15813927
CA,2021-08,SRR15492263
CA,2021-08,SRR15490624
CA,2021-08,SRR15489130
CA,2021-08,SRR15471499
CA,2021-08,SRR15805702
CA,2021-08,SRR15408002
CA,2021-08,SRR15785622
CA,2021-08,SRR15813922
CA,2021-08,SRR15958782
CA,2021-08,SRR15659395
CA,2021-08,SRR15407254
CA,2021-08,SRR15744291
CA,2021-08,SRR15556901
CA,2021-08,SRR15394323
CA,2021-08,SRR15394290
CA,2021-08,SRR15407617
CA,2021-08,SRR15489104
CA,2021-08,SRR15489931
CA,2021-08,SRR15590036
CA,2021-08,SRR15779327
CA,2021-08,SRR15394189
CA,2021-08,SRR15743695
CA,2021-08,SRR15479414
CA,2021-08,SRR15803968
CA,2021-08,SRR15784979
CA,2021-08,SRR15786901
CA,2021-08,SRR16065262
CA,2021-08,SRR15556762
CA,2021-08,SRR15489112
CA,2021-08,SRR15581170
CA,2021-08,SRR15744274
CA,2021-08,SRR15492268
CA,2021-08,SRR15876273
CA,2021-08,SRR15895278
CA,2021-08,SRR15393652
CA,2021-08,SRR15839155
CA,2021-08,SRR15875714
CA,2021-08,SRR15472921
CA,2021-08,SRR15786648
CA,2021-08,SRR16065113
CA,2021-08,SRR15543070
CA,2021-08,SRR16056156
CA,2021-08,SRR15472819
CA,2021-08,SRR15480574
CA,2021-08,SRR15839293
CA,2021-08,SRR15543016
CA,2021-08,SRR16066088
CA,2021-08,SRR15407391
CA,2021-08,SRR15553589
CA,2021-08,SRR15407836
CA,2021-08,SRR15543328
CA,2021-08,SRR15890066
CA,2021-08,SRR15543188
CA,2021-08,SRR15779332
CA,2021-08,SRR15491658
CA,2021-08,SRR15876005
CA,2021-08,SRR15394565
CA,2021-08,SRR15804815
CA,2021-08,SRR15581630
CA,2021-08,SRR15658919
CA,2021-08,SRR15445235
CA,2021-08,SRR15544073
CA,2021-08,SRR15406935
CA,2021-08,SRR15659779
CA,2021-08,SRR15493234
CA,2021-08,SRR15878305
CA,2021-08,SRR15780372
CA,2021-08,SRR15779784
CA,2021-08,SRR15923654
CA,2021-08,SRR15895098
CA,2021-08,SRR15543366
CA,2021-08,SRR15743883
CA,2021-08,SRR15478001
CA,2021-08,SRR15787154
CA,2021-08,SRR15396772
CA,2021-08,SRR15394596
CA,2021-08,SRR15785306
CA,2021-08,SRR15489553
CA,2021-08,SRR15873198
CA,2021-08,SRR15493040
CA,2021-08,SRR15406940
CA,2021-08,SRR15895087
CA,2021-08,SRR16063556
CA,2021-08,SRR15895155
CA,2021-08,SRR15407966
CA,2021-08,SRR16049323
CA,2021-08,SRR16050501
CA,2021-08,SRR15581334
CA,2021-08,SRR15784751
CA,2021-08,SRR15878736
CA,2021-08,SRR15543412
CA,2021-08,SRR15473302
CA,2021-08,SRR15543752
CA,2021-08,SRR15543268
CA,2021-08,SRR15480109
CA,2021-08,SRR15785424
CA,2021-08,SRR15491925
CA,2021-08,SRR16056497
CA,2021-08,SRR15786013
CA,2021-08,SRR15784977
CA,2021-08,SRR15396856
CA,2021-08,SRR15779355
CA,2021-08,SRR15923655
CA,2021-08,SRR15473425
CA,2021-08,SRR15658492
CA,2021-08,SRR15804806
CA,2021-08,SRR16637366
CA,2021-08,SRR15473306
CA,2021-08,SRR15581823
CA,2021-08,SRR15553315
CA,2021-08,SRR15491996
CA,2021-08,SRR15784920
CA,2021-08,SRR15786217
CA,2021-08,SRR15741388
CA,2021-08,SRR15489109
CA,2021-08,SRR15786173
CA,2021-08,SRR15542449
CA,2021-08,SRR15879106
CA,2021-08,SRR15863452
CA,2021-08,SRR15873221
CA,2021-08,SRR15396298
CA,2021-08,SRR15489562
CA,2021-08,SRR15877028
CA,2021-08,SRR16064933
CA,2021-08,SRR15875713
CA,2021-08,SRR15542317
CA,2021-08,SRR15555639
CA,2021-08,SRR15491961
CA,2021-08,SRR15396717
CA,2021-08,SRR15480130
CA,2021-08,SRR15743703
CA,2021-08,SRR15803984
CA,2021-08,SRR15542311
CA,2021-08,SRR15480162
CA,2021-08,SRR15785091
CA,2021-08,SRR15588198
CA,2021-08,SRR15555262
CA,2021-08,SRR15784969
CA,2021-08,SRR15581540
CA,2021-08,SRR15471597
CA,2021-08,SRR15491705
CA,2021-08,SRR16220634
CA,2021-08,SRR15490764
CA,2021-08,SRR15813954
CA,2021-08,SRR16062778
CA,2021-08,SRR15658951
CA,2021-08,SRR15491628
CA,2021-08,SRR15813976
CA,2021-08,SRR15744102
CA,2021-08,SRR15557578
CA,2021-08,SRR15744058
CA,2021-08,SRR15555609
CA,2021-08,SRR15981173
CA,2021-08,SRR15895095
CA,2021-08,SRR15471491
CA,2021-08,SRR15591342
CA,2021-08,SRR15586463
CA,2021-08,SRR15407375
CA,2021-08,SRR15839022
CA,2021-08,SRR15395988
CA,2021-08,SRR15433860
CA,2021-08,SRR15472670
CA,2021-08,SRR15780361
CA,2021-08,SRR16052129
CA,2021-08,SRR15874654
CA,2021-08,SRR15785935
CA,2021-08,SRR16050855
CA,2021-08,SRR15778888
CA,2021-08,SRR15396555
CA,2021-08,SRR15554383
CA,2021-08,SRR15553745
CA,2021-08,SRR16056075
CA,2021-08,SRR15582180
CA,2021-08,SRR15626853
CA,2021-08,SRR15490995
CA,2021-08,SRR15659794
CA,2021-08,SRR15393744
CA,2021-08,SRR15876313
CA,2021-08,SRR15804132
CA,2021-08,SRR15444866
CA,2021-08,SRR15786008
CA,2021-08,SRR15983618
CA,2021-08,SRR15838933
CA,2021-08,SRR15921605
CA,2021-08,SRR15873130
CA,2021-08,SRR15784928
CA,2021-08,SRR16050854
CA,2021-08,SRR16910014
CA,2021-08,SRR15982478
CA,2021-08,SRR15572386
CA,2021-08,SRR15472883
CA,2021-08,SRR15923844
CA,2021-08,SRR15393646
CA,2021-08,SRR15804262
CA,2021-08,SRR15804123
CA,2021-08,SRR15982477
CA,2021-09,SRR16198447
CA,2021-09,SRR15922242
CA,2021-09,SRR15863817
CA,2021-09,SRR16238101
CA,2021-09,SRR15996609
CA,2021-09,SRR15993938
CA,2021-09,SRR15984469
CA,2021-09,SRR15975831
CA,2021-09,SRR16237884
CA,2021-09,SRR15921406
CA,2021-09,SRR16205403
CA,2021-09,SRR16238095
CA,2021-09,SRR16365293
CA,2021-09,SRR16161014
CA,2021-09,SRR15890655
CA,2021-09,SRR16187737
CA,2021-09,SRR16085153
CA,2021-09,SRR15888918
CA,2021-09,SRR15888832
CA,2021-09,SRR15920681
CA,2021-09,SRR15984006
CA,2021-09,SRR15985655
CA,2021-09,SRR16150746
CA,2021-09,SRR16188248
CA,2021-09,SRR15874094
CA,2021-09,SRR16186392
CA,2021-09,SRR15981727
CA,2021-09,SRR16223509
CA,2021-09,SRR16199667
CA,2021-09,SRR16205952
CA,2021-09,SRR16595094
CA,2021-09,SRR16085084
CA,2021-09,SRR15984323
CA,2021-09,SRR16104859
CA,2021-09,SRR16187645
CA,2021-09,SRR15996740
CA,2021-09,SRR16252095
CA,2021-09,SRR16354258
CA,2021-09,SRR15863057
CA,2021-09,SRR16240484
CA,2021-09,SRR16251477
CA,2021-09,SRR15976618
CA,2021-09,SRR16205776
CA,2021-09,SRR16594595
CA,2021-09,SRR16082751
CA,2021-09,SRR16566883
CA,2021-09,SRR15976596
CA,2021-09,SRR15983636
CA,2021-09,SRR16241191
CA,2021-09,SRR16082744
CA,2021-09,SRR16595481
CA,2021-09,SRR15920657
CA,2021-09,SRR16084118
CA,2021-09,SRR15920907
CA,2021-09,SRR16083727
CA,2021-09,SRR16352958
CA,2021-09,SRR16082766
CA,2021-09,SRR16188299
CA,2021-09,SRR15995932
CA,2021-09,SRR16251723
CA,2021-09,SRR15889320
CA,2021-09,SRR16226528
CA,2021-09,SRR16150381
CA,2021-09,SRR16159018
CA,2021-09,SRR15957459
CA,2021-09,SRR16084099
CA,2021-09,SRR15890288
CA,2021-09,SRR16184535
CA,2021-09,SRR16008229
CA,2021-09,SRR16282711
CA,2021-09,SRR16197662
CA,2021-09,SRR16196347
CA,2021-09,SRR16364811
CA,2021-09,SRR16353833
CA,2021-09,SRR16083803
CA,2021-09,SRR16187335
CA,2021-09,SRR15977594
CA,2021-09,SRR16206133
CA,2021-09,SRR15890183
CA,2021-09,SRR15889451
CA,2021-09,SRR16204994
CA,2021-09,SRR15985121
CA,2021-09,SRR16246945
CA,2021-09,SRR16007524
CA,2021-09,SRR15890428
CA,2021-09,SRR16353304
CA,2021-09,SRR16594281
CA,2021-09,SRR16354233
CA,2021-09,SRR15921196
CA,2021-09,SRR16500804
CA,2021-09,SRR16519173
CA,2021-09,SRR16104866
CA,2021-09,SRR16198418
CA,2021-09,SRR16282850
CA,2021-09,SRR16083840
CA,2021-09,SRR15976958
CA,2021-09,SRR16083990
CA,2021-09,SRR16083628
CA,2021-09,SRR15983016
CA,2021-09,SRR16205311
CA,2021-09,SRR15996058
CA,2021-09,SRR16593519
CA,2021-09,SRR16205476
CA,2021-09,SRR16199301
CA,2021-09,SRR15890261
CA,2021-09,SRR16195764
CA,2021-09,SRR16364821
CA,2021-09,SRR15977315
CA,2021-09,SRR16158216
CA,2021-09,SRR16226522
CA,2021-09,SRR16749360
CA,2021-09,SRR15977124
CA,2021-09,SRR16150395
CA,2021-09,SRR16084105
CA,2021-09,SRR15996488
CA,2021-09,SRR16199032
CA,2021-09,SRR16205543
CA,2021-09,SRR16185297
CA,2021-09,SRR15984099
CA,2021-09,SRR16205483
CA,2021-09,SRR16081939
CA,2021-09,SRR16285275
CA,2021-09,SRR16246831
CA,2021-09,SRR16246965
CA,2021-09,SRR15889595
CA,2021-09,SRR15985165
CA,2021-09,SRR16253738
CA,2021-09,SRR16594593
CA,2021-09,SRR16251471
CA,2021-09,SRR16081790
CA,2021-09,SRR16084470
CA,2021-09,SRR15996486
CA,2021-09,SRR15889996
CA,2021-09,SRR15983052
CA,2021-09,SRR16186958
CA,2021-09,SRR16223884
CA,2021-09,SRR16081759
CA,2021-09,SRR15983083
CA,2021-09,SRR16204899
CA,2021-09,SRR16150732
CA,2021-09,SRR16084449
CA,2021-09,SRR16199184
CA,2021-09,SRR16104951
CA,2021-09,SRR15975910
CA,2021-09,SRR15995946
CA,2021-09,SRR16595896
CA,2021-09,SRR15993956
CA,2021-09,SRR16238413
CA,2021-09,SRR16594199
CA,2021-09,SRR16159986
CA,2021-09,SRR15995917
CA,2021-09,SRR16238826
CA,2021-09,SRR16187499
CA,2021-09,SRR16085248
CA,2021-09,SRR16187496
CA,2021-09,SRR16084458
CA,2021-09,SRR16367508
CA,2021-09,SRR16353626
CA,2021-09,SRR15975738
CA,2021-09,SRR16150779
CA,2021-09,SRR16150723
CA,2021-09,SRR15920346
CA,2021-09,SRR16240012
CA,2021-09,SRR15889453
CA,2021-09,SRR15922230
CA,2021-09,SRR15976505
CA,2021-09,SRR16197568
CA,2021-09,SRR16557549
CA,2021-09,SRR16247374
CA,2021-09,SRR16205465
CA,2021-09,SRR16529817
CA,2021-09,SRR16188035
CA,2021-09,SRR15889868
CA,2021-09,SRR16084308
CA,2021-09,SRR16084267
CA,2021-09,SRR16566851
CA,2021-09,SRR16150436
CA,2021-09,SRR16157372
CA,2021-09,SRR15994063
CA,2021-09,SRR16184883
CA,2021-09,SRR15863560
CA,2021-09,SRR16252298
CA,2021-09,SRR16224798
CA,2021-09,SRR15956669
CA,2021-09,SRR16205473
CA,2021-09,SRR16499369
CA,2021-09,SRR16239740
CA,2021-09,SRR16354857
CA,2021-09,SRR16246835
CA,2021-09,SRR16199060
CA,2021-09,SRR16529773
CA,2021-09,SRR16752138
CA,2021-09,SRR16384742
CA,2021-09,SRR16104528
CA,2021-09,SRR15976606
CA,2021-09,SRR16364928
CA,2021-09,SRR15862764
CA,2021-09,SRR16224861
CA,2021-09,SRR16224556
CA,2021-09,SRR16384679
CA,2021-10,SRR16837947
CA,2021-10,SRR16380136
CA,2021-10,SRR16294594
CA,2021-10,SRR16852475
CA,2021-10,SRR16654750
CA,2021-10,SRR16572669
CA,2021-10,SRR16572215
CA,2021-10,SRR16528159
CA,2021-10,SRR16851818
CA,2021-10,SRR16380123
CA,2021-10,SRR16845848
CA,2021-10,SRR16852467
CA,2021-10,SRR20762912
CA,2021-10,SRR16793268
CA,2021-10,SRR16363871
CA,2021-10,SRR16830412
CA,2021-10,SRR16712030
CA,2021-10,SRR16362759
CA,2021-10,SRR16308116
CA,2021-10,SRR16363918
CA,2021-10,SRR16572204
CA,2021-10,SRR16572376
CA,2021-10,SRR16788608
CA,2021-10,SRR16830857
CA,2021-10,SRR16294652
CA,2021-10,SRR16796088
CA,2021-10,SRR16544248
CA,2021-10,SRR16846695
CA,2021-10,SRR16839389
CA,2021-10,SRR16846379
CA,2021-10,SRR21174487
CA,2021-10,SRR16712015
CA,2021-10,SRR16572209
CA,2021-10,SRR16712626
CA,2021-10,SRR16830410
CA,2021-10,SRR16654755
CA,2021-10,SRR16899225
CA,2021-10,SRR20758384
CA,2021-10,SRR16283849
CA,2021-10,SRR16857488
CA,2021-10,SRR16898898
CA,2021-10,SRR16528754
CA,2021-10,SRR16846196
CA,2021-10,SRR21174000
CA,2021-10,SRR16710792
CA,2021-10,SRR20769338
CA,2021-10,SRR16528462
CA,2021-10,SRR16572197
CA,2021-10,SRR16857617
CA,2021-10,SRR16710685
CA,2021-10,SRR21174592
CA,2021-10,SRR16363913
CA,2021-10,SRR16711471
CA,2021-10,SRR16364036
CA,2021-10,SRR16711126
CA,2021-10,SRR18389287
CA,2021-10,SRR16710844
CA,2021-10,SRR16831036
CA,2021-10,SRR16590339
CA,2021-10,SRR16898920
CA,2021-10,SRR16362860
CA,2021-10,SRR16851203
CA,2021-10,SRR16712873
CA,2021-10,SRR16792401
CA,2021-10,SRR16494400
CA,2021-10,SRR16711454
CA,2021-10,SRR16363641
CA,2021-10,SRR16793888
CA,2021-10,SRR16690718
CA,2021-10,SRR16901894
CA,2021-10,SRR16836894
CA,2021-10,SRR16835888
CA,2021-10,SRR20762627
CA,2021-10,SRR18389794
CA,2021-10,SRR16711145
CA,2021-10,SRR16796509
CA,2021-10,SRR16544061
CA,2021-10,SRR16846402
CA,2021-10,SRR16363539
CA,2021-10,SRR16362903
CA,2021-10,SRR16840950
CA,2021-10,SRR16572360
CA,2021-10,SRR16858339
CA,2021-10,SRR16690318
CA,2021-10,SRR16363688
CA,2021-10,SRR18389605
CA,2021-10,SRR21173249
CA,2021-10,SRR20756139
CA,2021-10,SRR16364297
CA,2021-10,SRR20767455
CA,2021-10,SRR20768161
CA,2021-10,SRR16712772
CA,2021-10,SRR16837328
CA,2021-10,SRR17586601
CA,2021-10,SRR16711165
CA,2021-10,SRR16528790
CA,2021-10,SRR16711322
CA,2021-10,SRR16711017
CA,2021-10,SRR16572047
CA,2021-10,SRR16845729
CA,2021-10,SRR16590876
CA,2021-10,SRR21171982
CA,2021-10,SRR16845949
CA,2021-10,SRR16838977
CA,2021-10,SRR16363609
CA,2021-10,SRR16833652
CA,2021-10,SRR20762680
CA,2021-10,SRR16543405
CA,2021-10,SRR16792366
CA,2021-10,SRR16851022
CA,2021-10,SRR21175933
CA,2021-10,SRR16528796
CA,2021-10,SRR16712919
CA,2021-10,SRR16711465
CA,2021-10,SRR16654576
CA,2021-10,SRR16837948
CA,2021-10,SRR16846021
CA,2021-10,SRR16795278
CA,2021-10,SRR16572205
CA,2021-10,SRR16845965
CA,2021-10,SRR16710595
CA,2021-10,SRR18388995
CA,2021-10,SRR16857844
CA,2021-10,SRR16858448
CA,2021-10,SRR16363151
CA,2021-10,SRR16572361
CA,2021-10,SRR16900927
CA,2021-10,SRR21173837
CA,2021-10,SRR16898364
CA,2021-10,SRR16710266
CA,2021-10,SRR16711590
CA,2021-10,SRR16590959
CA,2021-10,SRR16363515
CA,2021-10,SRR16572062
CA,2021-10,SRR16796361
CA,2021-10,SRR16846703
CA,2021-10,SRR16710263
CA,2021-10,SRR16572170
CA,2021-10,SRR16840435
CA,2021-10,SRR16788361
CA,2021-10,SRR16711579
CA,2021-10,SRR16838282
CA,2021-10,SRR16712860
CA,2021-10,SRR16528251
CA,2021-10,SRR16590814
CA,2021-10,SRR21175396
CA,2021-10,SRR16572739
CA,2021-10,SRR16853135
CA,2021-10,SRR21172460
CA,2021-10,SRR16792426
CA,2021-10,SRR16589938
CA,2021-10,SRR16853181
CA,2021-10,SRR16830173
CA,2021-10,SRR16712137
CA,2021-10,SRR16830118
CA,2021-10,SRR16711585
CA,2021-10,SRR20764045
CA,2021-10,SRR18389790
CA,2021-10,SRR16528153
CA,2021-10,SRR16788835
CA,2021-10,SRR16787856
CA,2021-10,SRR16363895
CA,2021-10,SRR16857209
CA,2021-10,SRR16362918
CA,2021-10,SRR16380131
CA,2021-10,SRR16528442
CA,2021-10,SRR16836887
CA,2021-10,SRR20768725
CA,2021-10,SRR16859365
CA,2021-10,SRR16845938
CA,2021-10,SRR20768408
CA,2021-10,SRR16830536
CA,2021-10,SRR16363443
CA,2021-10,SRR16711550
CA,2021-10,SRR16711472
CA,2021-10,SRR20769330
CA,2021-10,SRR16713002
CA,2021-10,SRR16791141
CA,2021-10,SRR16589641
CA,2021-10,SRR16794137
CA,2021-10,SRR16284155
CA,2021-10,SRR16899553
CA,2021-10,SRR16849597
CA,2021-10,SRR16494200
CA,2021-10,SRR16845947
CA,2021-10,SRR20765485
CA,2021-10,SRR16856687
CA,2021-10,SRR20759731
CA,2021-10,SRR16857856
CA,2021-10,SRR16838063
CA,2021-10,SRR20768405
CA,2021-10,SRR21316302
CA,2021-10,SRR20764641
CA,2021-10,SRR16712281
CA,2021-10,SRR16528627
CA,2021-10,SRR20762780
CA,2021-10,SRR16282967
CA,2021-10,SRR16849611
CA,2021-10,SRR16846704
CA,2021-10,SRR20764501
CA,2021-11,SRR19306846
CA,2021-11,SRR16887002
CA,2021-11,SRR16886006
CA,2021-11,SRR20939094
CA,2021-11,SRR19288120
CA,2021-11,SRR19269283
CA,2021-11,SRR19266652
CA,2021-11,SRR17586578
CA,2021-11,SRR20937442
CA,2021-11,SRR16886925
CA,2021-11,SRR20757128
CA,2021-11,SRR20939088
CA,2021-11,SRR21180520
CA,2021-11,SRR19299377
CA,2021-11,SRR16886796
CA,2021-11,SRR19305146
CA,2021-11,SRR19293453
CA,2021-11,SRR16886111
CA,2021-11,SRR16886100
CA,2021-11,SRR16886811
CA,2021-11,SRR19266362
CA,2021-11,SRR19267517
CA,2021-11,SRR19297428
CA,2021-11,SRR19305567
CA,2021-11,SRR16886019
CA,2021-11,SRR19299802
CA,2021-11,SRR19265544
CA,2021-11,SRR20759572
CA,2021-11,SRR19307927
CA,2021-11,SRR20759293
CA,2021-11,SRR21324902
CA,2021-11,SRR19293379
CA,2021-11,SRR19266500
CA,2021-11,SRR19294360
CA,2021-11,SRR19305145
CA,2021-11,SRR19288342
CA,2021-11,SRR20976412
CA,2021-11,SRR21178072
CA,2021-11,SRR16885711
CA,2021-11,SRR20944690
CA,2021-11,SRR20976312
CA,2021-11,SRR18992658
CA,2021-11,SRR20758573
CA,2021-11,SRR21323983
CA,2021-11,SRR19289883
CA,2021-11,SRR21184984
CA,2021-11,SRR17586878
CA,2021-11,SRR19266222
CA,2021-11,SRR20944819
CA,2021-11,SRR19289699
CA,2021-11,SRR21330732
CA,2021-11,SRR16886810
CA,2021-11,SRR19292208
CA,2021-11,SRR16886919
CA,2021-11,SRR19291147
CA,2021-11,SRR21044943
CA,2021-11,SRR19290050
CA,2021-11,SRR19305641
CA,2021-11,SRR19287729
CA,2021-11,SRR20976314
CA,2021-11,SRR16886210
CA,2021-11,SRR20760146
CA,2021-11,SRR19294627
CA,2021-11,SRR19299225
CA,2021-11,SRR16887323
CA,2021-11,SRR19292167
CA,2021-11,SRR16886642
CA,2021-11,SRR19299458
CA,2021-11,SRR19288784
CA,2021-11,SRR20978009
CA,2021-11,SRR19306514
CA,2021-11,SRR19305993
CA,2021-11,SRR21180326
CA,2021-11,SRR21046015
CA,2021-11,SRR19291410
CA,2021-11,SRR19304619
CA,2021-11,SRR19263775
CA,2021-11,SRR20759311
CA,2021-11,SRR16886526
CA,2021-11,SRR16886225
CA,2021-11,SRR20756298
CA,2021-11,SRR19267234
CA,2021-11,SRR20945459
CA,2021-11,SRR19288633
CA,2021-11,SRR16886643
CA,2021-11,SRR21045678
CA,2021-11,SRR21323742
CA,2021-11,SRR21046424
CA,2021-11,SRR16886924
CA,2021-11,SRR21183382
CA,2021-11,SRR21184073
CA,2021-11,SRR19294399
CA,2021-11,SRR19306719
CA,2021-11,SRR21044048
CA,2021-11,SRR19291550
CA,2021-11,SRR18995867
CA,2021-11,SRR19291947
CA,2021-11,SRR19290922
CA,2021-11,SRR19266011
CA,2021-11,SRR20756922
CA,2021-11,SRR19287827
CA,2021-11,SRR21321084
CA,2021-11,SRR20757292
CA,2021-11,SRR19307672
CA,2021-11,SRR16886541
CA,2021-11,SRR19305774
CA,2021-11,SRR21180373
CA,2021-11,SRR19263042
CA,2021-11,SRR19298949
CA,2021-11,SRR20760145
CA,2021-11,SRR21332200
CA,2021-11,SRR18996086
CA,2021-11,SRR19294669
CA,2021-11,SRR19292199
CA,2021-11,SRR19288012
CA,2021-11,SRR19307147
CA,2021-11,SRR20757702
CA,2021-11,SRR19299594
CA,2021-11,SRR19266373
CA,2021-11,SRR20757618
CA,2021-11,SRR19289459
CA,2021-11,SRR21044814
CA,2021-11,SRR20945128
CA,2021-11,SRR20945624
CA,2021-11,SRR16886308
CA,2021-11,SRR19267296
CA,2021-11,SRR20977284
CA,2021-11,SRR21323977
CA,2021-11,SRR20976142
CA,2021-11,SRR19289263
CA,2021-11,SRR19292903
CA,2021-11,SRR19287828
CA,2021-11,SRR16886446
CA,2021-11,SRR19266035
CA,2021-11,SRR19304236
CA,2021-11,SRR20759700
CA,2021-11,SRR19289259
CA,2021-11,SRR19266070
CA,2021-11,SRR20756235
CA,2021-11,SRR19297154
CA,2021-11,SRR19292812
CA,2021-11,SRR19307339
CA,2021-11,SRR19294617
CA,2021-11,SRR17586690
CA,2021-11,SRR19287778
CA,2021-11,SRR21331514
CA,2021-11,SRR19269543
CA,2021-11,SRR20940450
CA,2021-11,SRR21322546
CA,2021-11,SRR19299247
CA,2021-11,SRR19287704
CA,2021-11,SRR20940574
CA,2021-11,SRR19304857
CA,2021-11,SRR19293673
CA,2021-11,SRR19304854
CA,2021-11,SRR19292857
CA,2021-11,SRR21181297
CA,2021-11,SRR21045902
CA,2021-11,SRR17568609
CA,2021-11,SRR19297580
CA,2021-11,SRR19296977
CA,2021-11,SRR16886805
CA,2021-11,SRR20944422
CA,2021-11,SRR16886234
CA,2021-11,SRR16886998
CA,2021-11,SRR17586826
CA,2021-11,SRR19306490
CA,2021-11,SRR21184419
CA,2021-11,SRR20952344
CA,2021-11,SRR20757199
CA,2021-11,SRR21184246
CA,2021-11,SRR19305485
CA,2021-11,SRR16886434
CA,2021-11,SRR19292263
CA,2021-11,SRR19292219
CA,2021-11,SRR21184935
CA,2021-11,SRR19294848
CA,2021-11,SRR19298808
CA,2021-11,SRR19269872
CA,2021-11,SRR19299468
CA,2021-11,SRR16885771
CA,2021-11,SRR20976561
CA,2021-11,SRR20759727
CA,2021-11,SRR16887010
CA,2021-11,SRR20757218
CA,2021-11,SRR21182452
CA,2021-11,SRR20944300
CA,2021-11,SRR21179431
CA,2021-11,SRR20945309
CA,2021-11,SRR19307212
CA,2021-11,SRR21184163
CA,2021-11,SRR21332642
CA,2021-11,SRR21182166
CA,2021-11,SRR19293906
CA,2021-11,SRR18388974
CA,2021-11,SRR21180387
CA,2021-11,SRR16885682
CA,2021-11,SRR20759728
CA,2021-11,SRR20759723
CA,2021-11,SRR21182081
CA,2021-12,SRR20860843
CA,2021-12,SRR19254826
CA,2021-12,SRR19063175
CA,2021-12,SRR20872906
CA,2021-12,SRR19282410
CA,2021-12,SRR19280850
CA,2021-12,SRR19280304
CA,2021-12,SRR19256000
CA,2021-12,SRR20872846
CA,2021-12,SRR19254491
CA,2021-12,SRR20870486
CA,2021-12,SRR20872885
CA,2021-12,SRR20937501
CA,2021-12,SRR19322541
CA,2021-12,SRR19253597
CA,2021-12,SRR19324104
CA,2021-12,SRR19301508
CA,2021-12,SRR19222361
CA,2021-12,SRR19222133
CA,2021-12,SRR19253782
CA,2021-12,SRR19279950
CA,2021-12,SRR19280570
CA,2021-12,SRR19319114
CA,2021-12,SRR20431365
CA,2021-12,SRR19063193
CA,2021-12,SRR19322881
CA,2021-12,SRR19278141
CA,2021-12,SRR20872202
CA,2021-12,SRR20861140
CA,2021-12,SRR20871006
CA,2021-12,SRR21335907
CA,2021-12,SRR19301280
CA,2021-12,SRR19280066
CA,2021-12,SRR19302565
CA,2021-12,SRR19324098
CA,2021-12,SRR19282601
CA,2021-12,SRR20886568
CA,2021-12,SRR20934400
CA,2021-12,SRR19005763
CA,2021-12,SRR20880951
CA,2021-12,SRR20886367
CA,2021-12,SRR19259826
CA,2021-12,SRR20870920
CA,2021-12,SRR21335269
CA,2021-12,SRR19284304
CA,2021-12,SRR20940062
CA,2021-12,SRR19259705
CA,2021-12,SRR19279899
CA,2021-12,SRR20881078
CA,2021-12,SRR19284231
CA,2021-12,SRR21336476
CA,2021-12,SRR19253779
CA,2021-12,SRR19287065
CA,2021-12,SRR19254267
CA,2021-12,SRR19285939
CA,2021-12,SRR20927974
CA,2021-12,SRR19285344
CA,2021-12,SRR20431423
CA,2021-12,SRR19281540
CA,2021-12,SRR20886405
CA,2021-12,SRR19223289
CA,2021-12,SRR20872560
CA,2021-12,SRR19302860
CA,2021-12,SRR19322353
CA,2021-12,SRR19255407
CA,2021-12,SRR19286691
CA,2021-12,SRR19253065
CA,2021-12,SRR19322760
CA,2021-12,SRR19283234
CA,2021-12,SRR20927187
CA,2021-12,SRR20860111
CA,2021-12,SRR20859961
CA,2021-12,SRR20937215
CA,2021-12,SRR20934126
CA,2021-12,SRR19286030
CA,2021-12,SRR19323820
CA,2021-12,SRR19277873
CA,2021-12,SRR20871072
CA,2021-12,SRR19252703
CA,2021-12,SRR19223292
CA,2021-12,SRR20861607
CA,2021-12,SRR19280336
CA,2021-12,SRR20881473
CA,2021-12,SRR19282950
CA,2021-12,SRR19253298
CA,2021-12,SRR20928596
CA,2021-12,SRR20940643
CA,2021-12,SRR20934334
CA,2021-12,SRR19254408
CA,2021-12,SRR20939293
CA,2021-12,SRR20939652
CA,2021-12,SRR19302671
CA,2021-12,SRR20860743
CA,2021-12,SRR20927378
CA,2021-12,SRR19286386
CA,2021-12,SRR19260182
CA,2021-12,SRR19286426
CA,2021-12,SRR19285870
CA,2021-12,SRR19279736
CA,2021-12,SRR20870100
CA,2021-12,SRR19281789
CA,2021-12,SRR20940329
CA,2021-12,SRR20870693
CA,2021-12,SRR20861114
CA,2021-12,SRR19252804
CA,2021-12,SRR20431445
CA,2021-12,SRR20937216
CA,2021-12,SRR19277392
CA,2021-12,SRR19322112
CA,2021-12,SRR20872542
CA,2021-12,SRR21336748
CA,2021-12,SRR19260350
CA,2021-12,SRR19302965
CA,2021-12,SRR19286747
CA,2021-12,SRR19281960
CA,2021-12,SRR20860909
CA,2021-12,SRR20870698
CA,2021-12,SRR19322788
CA,2021-12,SRR19280001
CA,2021-12,SRR20870695
CA,2021-12,SRR19284107
CA,2021-12,SRR20927812
CA,2021-12,SRR20881202
CA,2021-12,SRR20881593
CA,2021-12,SRR19223822
CA,2021-12,SRR19280379
CA,2021-12,SRR20886950
CA,2021-12,SRR21334604
CA,2021-12,SRR20886286
CA,2021-12,SRR19283957
CA,2021-12,SRR19290656
CA,2021-12,SRR19281824
CA,2021-12,SRR19252676
CA,2021-12,SRR19279739
CA,2021-12,SRR19323202
CA,2021-12,SRR20872228
CA,2021-12,SRR19283940
CA,2021-12,SRR19279885
CA,2021-12,SRR20861531
CA,2021-12,SRR19319032
CA,2021-12,SRR19290435
CA,2021-12,SRR20860963
CA,2021-12,SRR19302841
CA,2021-12,SRR19257586
CA,2021-12,SRR19281679
CA,2021-12,SRR21336712
CA,2021-12,SRR19280866
CA,2021-12,SRR20873031
CA,2021-12,SRR20940401
CA,2021-12,SRR19322411
CA,2021-12,SRR19281477
CA,2021-12,SRR20873152
CA,2021-12,SRR19324067
CA,2021-12,SRR19301773
CA,2021-12,SRR19324049
CA,2021-12,SRR19290625
CA,2021-12,SRR20937721
CA,2021-12,SRR20934062
CA,2021-12,SRR19255976
CA,2021-12,SRR19319193
CA,2021-12,SRR19318813
CA,2021-12,SRR19253699
CA,2021-12,SRR20880848
CA,2021-12,SRR19223411
CA,2021-12,SRR19254805
CA,2021-12,SRR19259652
CA,2021-12,SRR20860105
CA,2021-12,SRR20939850
CA,2021-12,SRR20882047
CA,2021-12,SRR20870519
CA,2021-12,SRR20939698
CA,2021-12,SRR19324214
CA,2021-12,SRR19252558
CA,2021-12,SRR19287096
CA,2021-12,SRR19287067
CA,2021-12,SRR20940050
CA,2021-12,SRR19303469
CA,2021-12,SRR19322004
CA,2021-12,SRR19281104
CA,2021-12,SRR19322761
CA,2021-12,SRR19022649
CA,2021-12,SRR20886624
CA,2021-12,SRR20872232
CA,2021-12,SRR19254854
CA,2021-12,SRR20870524
CA,2021-12,SRR20938126
CA,2021-12,SRR20873303
CA,2021-12,SRR20935019
CA,2021-12,SRR20881237
CA,2021-12,SRR20860910
CA,2021-12,SRR20939697
CA,2021-12,SRR21337240
CA,2021-12,SRR20937928
CA,2021-12,SRR19301940
CA,2021-12,SRR19259709
CA,2021-12,SRR20937234
CA,2021-12,SRR17697616
CA,2021-12,SRR20872317
CA,2021-12,SRR20872230
CA,2021-12,SRR20937921
CA,2022-01,SRR21647637
CA,2022-01,SRR19054445
CA,2022-01,SRR18720676
CA,2022-01,SRR21653999
CA,2022-01,SRR19867978
CA,2022-01,SRR19085384
CA,2022-01,SRR19069656
CA,2022-01,SRR19056692
CA,2022-01,SRR21653886
CA,2022-01,SRR19054294
CA,2022-01,SRR21648183
CA,2022-01,SRR21653984
CA,2022-01,SRR22741063
CA,2022-01,SRR20887392
CA,2022-01,SRR19053757
CA,2022-01,SRR21084697
CA,2022-01,SRR20493971
CA,2022-01,SRR18720874
CA,2022-01,SRR18720855
CA,2022-01,SRR19053986
CA,2022-01,SRR19069552
CA,2022-01,SRR19069957
CA,2022-01,SRR20495142
CA,2022-01,SRR21084801
CA,2022-01,SRR18720822
CA,2022-01,SRR20888227
CA,2022-01,SRR19068958
CA,2022-01,SRR21653064
CA,2022-01,SRR21647750
CA,2022-01,SRR21652692
CA,2022-01,SRR22741332
CA,2022-01,SRR20493956
CA,2022-01,SRR19069582
CA,2022-01,SRR20494240
CA,2022-01,SRR21084694
CA,2022-01,SRR20052876
CA,2022-01,SRR22132407
CA,2022-01,SRR22740994
CA,2022-01,SRR18083626
CA,2022-01,SRR22132010
CA,2022-01,SRR22132309
CA,2022-01,SRR19057130
CA,2022-01,SRR21652572
CA,2022-01,SRR22741315
CA,2022-01,SRR20439561
CA,2022-01,SRR22741248
CA,2022-01,SRR19056993
CA,2022-01,SRR19069518
CA,2022-01,SRR22132014
CA,2022-01,SRR20439494
CA,2022-01,SRR22741352
CA,2022-01,SRR19053922
CA,2022-01,SRR20493331
CA,2022-01,SRR19054135
CA,2022-01,SRR20493128
CA,2022-01,SRR22740883
CA,2022-01,SRR20439629
CA,2022-01,SRR21084875
CA,2022-01,SRR19602558
CA,2022-01,SRR22132310
CA,2022-01,SRR18721029
CA,2022-01,SRR21653748
CA,2022-01,SRR20494555
CA,2022-01,SRR20887200
CA,2022-01,SRR19056361
CA,2022-01,SRR20493325
CA,2022-01,SRR19053520
CA,2022-01,SRR20887738
CA,2022-01,SRR20431489
CA,2022-01,SRR22740699
CA,2022-01,SRR21647481
CA,2022-01,SRR21333306
CA,2022-01,SRR22741046
CA,2022-01,SRR22740936
CA,2022-01,SRR20493131
CA,2022-01,SRR21084572
CA,2022-01,SRR19062118
CA,2022-01,SRR21652732
CA,2022-01,SRR18981226
CA,2022-01,SRR18721045
CA,2022-01,SRR21647925
CA,2022-01,SRR19069860
CA,2022-01,SRR22132166
CA,2022-01,SRR20431480
CA,2022-01,SRR19053540
CA,2022-01,SRR22740920
CA,2022-01,SRR22741305
CA,2022-01,SRR22740988
CA,2022-01,SRR19054275
CA,2022-01,SRR22741173
CA,2022-01,SRR22741201
CA,2022-01,SRR20494428
CA,2022-01,SRR21647569
CA,2022-01,SRR22740729
CA,2022-01,SRR20493163
CA,2022-01,SRR19057199
CA,2022-01,SRR20493226
CA,2022-01,SRR20488665
CA,2022-01,SRR19069282
CA,2022-01,SRR21648070
CA,2022-01,SRR19602581
CA,2022-01,SRR22741271
CA,2022-01,SRR21648590
CA,2022-01,SRR21647742
CA,2022-01,SRR18981256
CA,2022-01,SRR21117972
CA,2022-01,SRR22741050
CA,2022-01,SRR19057532
CA,2022-01,SRR20887197
CA,2022-01,SRR21653744
CA,2022-01,SRR22741391
CA,2022-01,SRR19057210
CA,2022-01,SRR20494604
CA,2022-01,SRR20493327
CA,2022-01,SRR19602789
CA,2022-01,SRR21647650
CA,2022-01,SRR21648857
CA,2022-01,SRR20888192
CA,2022-01,SRR19069562
CA,2022-01,SRR21648675
CA,2022-01,SRR20439310
CA,2022-01,SRR22740845
CA,2022-01,SRR22132160
CA,2022-01,SRR22132169
CA,2022-01,SRR18981009
CA,2022-01,SRR19069878
CA,2022-01,SRR22132422
CA,2022-01,SRR22741314
CA,2022-01,SRR22132308
CA,2022-01,SRR20439156
CA,2022-01,SRR20493625
CA,2022-01,SRR19602609
CA,2022-01,SRR18981154
CA,2022-01,SRR19069374
CA,2022-01,SRR20904727
CA,2022-01,SRR21653122
CA,2022-01,SRR20439145
CA,2022-01,SRR19069389
CA,2022-01,SRR21647831
CA,2022-01,SRR20495133
CA,2022-01,SRR20493531
CA,2022-01,SRR21647699
CA,2022-01,SRR20494554
CA,2022-01,SRR19056723
CA,2022-01,SRR19602566
CA,2022-01,SRR22741355
CA,2022-01,SRR19085486
CA,2022-01,SRR21654165
CA,2022-01,SRR22741299
CA,2022-01,SRR20887315
CA,2022-01,SRR19602553
CA,2022-01,SRR22131994
CA,2022-01,SRR21084666
CA,2022-01,SRR20493978
CA,2022-01,SRR21084646
CA,2022-01,SRR20493578
CA,2022-01,SRR22741096
CA,2022-01,SRR22740934
CA,2022-01,SRR19056686
CA,2022-01,SRR20495146
CA,2022-01,SRR20495079
CA,2022-01,SRR19053869
CA,2022-01,SRR22132005
CA,2022-01,SRR18721223
CA,2022-01,SRR19054432
CA,2022-01,SRR19056945
CA,2022-01,SRR21647476
CA,2022-01,SRR22741228
CA,2022-01,SRR22132292
CA,2022-01,SRR21648511
CA,2022-01,SRR22741204
CA,2022-01,SRR21084785
CA,2022-01,SRR18981100
CA,2022-01,SRR20493381
CA,2022-01,SRR20493334
CA,2022-01,SRR22741246
CA,2022-01,SRR20494647
CA,2022-01,SRR20495411
CA,2022-01,SRR19148683
CA,2022-01,SRR20887812
CA,2022-01,SRR18703751
CA,2022-01,SRR22132409
CA,2022-01,SRR21653216
CA,2022-01,SRR19054526
CA,2022-01,SRR21648569
CA,2022-01,SRR22741132
CA,2022-01,SRR22131999
CA,2022-01,SRR22741026
CA,2022-01,SRR22132161
CA,2022-01,SRR21647659
CA,2022-01,SRR22741203
CA,2022-01,SRR24427839
CA,2022-01,SRR22741117
CA,2022-01,SRR20494056
CA,2022-01,SRR19057095
CA,2022-01,SRR22741051
CA,2022-01,SRR18025965
CA,2022-01,SRR21653228
CA,2022-01,SRR21653142
CA,2022-01,SRR22741113
CA,2022-02,SRR20899553
CA,2022-02,SRR18782509
CA,2022-02,SRR18774099
CA,2022-02,SRR21095067
CA,2022-02,SRR19110540
CA,2022-02,SRR19054722
CA,2022-02,SRR18787523
CA,2022-02,SRR18783652
CA,2022-02,SRR20904927
CA,2022-02,SRR18782457
CA,2022-02,SRR20903156
CA,2022-02,SRR21095045
CA,2022-02,SRR21347442
CA,2022-02,SRR20859488
CA,2022-02,SRR18782229
CA,2022-02,SRR20898047
CA,2022-02,SRR19342933
CA,2022-02,SRR18774179
CA,2022-02,SRR18774177
CA,2022-02,SRR18782333
CA,2022-02,SRR18787435
CA,2022-02,SRR18787816
CA,2022-02,SRR20858572
CA,2022-02,SRR20898212
CA,2022-02,SRR18774102
CA,2022-02,SRR20859692
CA,2022-02,SRR18787048
CA,2022-02,SRR20904376
CA,2022-02,SRR20899924
CA,2022-02,SRR20904006
CA,2022-02,SRR21349096
CA,2022-02,SRR19342927
CA,2022-02,SRR18787479
CA,2022-02,SRR19343397
CA,2022-02,SRR20898043
CA,2022-02,SRR19113204
CA,2022-02,SRR21329220
CA,2022-02,SRR21345782
CA,2022-02,SRR18773909
CA,2022-02,SRR21257375
CA,2022-02,SRR21329183
CA,2022-02,SRR18784148
CA,2022-02,SRR20903757
CA,2022-02,SRR21348936
CA,2022-02,SRR19341657
CA,2022-02,SRR21348555
CA,2022-02,SRR18784070
CA,2022-02,SRR18787369
CA,2022-02,SRR21257669
CA,2022-02,SRR19341597
CA,2022-02,SRR21349274
CA,2022-02,SRR18782323
CA,2022-02,SRR19342277
CA,2022-02,SRR18782418
CA,2022-02,SRR19341992
CA,2022-02,SRR21345404
CA,2022-02,SRR19341679
CA,2022-02,SRR20898214
CA,2022-02,SRR19110153
CA,2022-02,SRR21329191
CA,2022-02,SRR18780516
CA,2022-02,SRR20904839
CA,2022-02,SRR20431560
CA,2022-02,SRR20859306
CA,2022-02,SRR18783461
CA,2022-02,SRR19342271
CA,2022-02,SRR18782120
CA,2022-02,SRR20859588
CA,2022-02,SRR19340979
CA,2022-02,SRR21344898
CA,2022-02,SRR20899118
CA,2022-02,SRR20898870
CA,2022-02,SRR21346111
CA,2022-02,SRR21345625
CA,2022-02,SRR19342049
CA,2022-02,SRR20897766
CA,2022-02,SRR18786840
CA,2022-02,SRR20904022
CA,2022-02,SRR18781889
CA,2022-02,SRR18780552
CA,2022-02,SRR20902588
CA,2022-02,SRR18787703
CA,2022-02,SRR21258294
CA,2022-02,SRR19114445
CA,2022-02,SRR18782121
CA,2022-02,SRR21345556
CA,2022-02,SRR21348891
CA,2022-02,SRR21345768
CA,2022-02,SRR18782442
CA,2022-02,SRR21348175
CA,2022-02,SRR21348220
CA,2022-02,SRR19549503
CA,2022-02,SRR20899471
CA,2022-02,SRR21345091
CA,2022-02,SRR19342116
CA,2022-02,SRR18784173
CA,2022-02,SRR19342206
CA,2022-02,SRR19341924
CA,2022-02,SRR18787290
CA,2022-02,SRR20902847
CA,2022-02,SRR19110276
CA,2022-02,SRR21348632
CA,2022-02,SRR20903320
CA,2022-02,SRR20899809
CA,2022-02,SRR18781895
CA,2022-02,SRR20898521
CA,2022-02,SRR21346155
CA,2022-02,SRR18786452
CA,2022-02,SRR20859264
CA,2022-02,SRR20904838
CA,2022-02,SRR21349304
CA,2022-02,SRR18784174
CA,2022-02,SRR20431617
CA,2022-02,SRR19342276
CA,2022-02,SRR19110344
CA,2022-02,SRR20899572
CA,2022-02,SRR20903460
CA,2022-02,SRR20859655
CA,2022-02,SRR18787458
CA,2022-02,SRR20903365
CA,2022-02,SRR19341551
CA,2022-02,SRR21345307
CA,2022-02,SRR21258051
CA,2022-02,SRR21258569
CA,2022-02,SRR18781619
CA,2022-02,SRR18787705
CA,2022-02,SRR21330012
CA,2022-02,SRR21348933
CA,2022-02,SRR21329180
CA,2022-02,SRR19341432
CA,2022-02,SRR19342553
CA,2022-02,SRR19110292
CA,2022-02,SRR18781831
CA,2022-02,SRR18787311
CA,2022-02,SRR20897502
CA,2022-02,SRR20904390
CA,2022-02,SRR19341427
CA,2022-02,SRR18787313
CA,2022-02,SRR20902512
CA,2022-02,SRR20858436
CA,2022-02,SRR19342493
CA,2022-02,SRR20899735
CA,2022-02,SRR20431550
CA,2022-02,SRR18783668
CA,2022-02,SRR19110205
CA,2022-02,SRR21349280
CA,2022-02,SRR19076084
CA,2022-02,SRR21095105
CA,2022-02,SRR21348853
CA,2022-02,SRR20859374
CA,2022-02,SRR19110066
CA,2022-02,SRR21095342
CA,2022-02,SRR20897878
CA,2022-02,SRR19342975
CA,2022-02,SRR20897834
CA,2022-02,SRR19342548
CA,2022-02,SRR21347834
CA,2022-02,SRR21345619
CA,2022-02,SRR18783651
CA,2022-02,SRR20858637
CA,2022-02,SRR20858418
CA,2022-02,SRR18782290
CA,2022-02,SRR21095497
CA,2022-02,SRR18780593
CA,2022-02,SRR18782506
CA,2022-02,SRR18783954
CA,2022-02,SRR20899055
CA,2022-02,SRR21348244
CA,2022-02,SRR21327416
CA,2022-02,SRR20903270
CA,2022-02,SRR21348228
CA,2022-02,SRR20898089
CA,2022-02,SRR18781753
CA,2022-02,SRR19342438
CA,2022-02,SRR19342310
CA,2022-02,SRR21348534
CA,2022-02,SRR20858023
CA,2022-02,SRR20859201
CA,2022-02,SRR19083758
CA,2022-02,SRR20859602
CA,2022-02,SRR18773930
CA,2022-02,SRR21329327
CA,2022-02,SRR20904554
CA,2022-02,SRR18782581
CA,2022-02,SRR20903317
CA,2022-02,SRR21348022
CA,2022-02,SRR21095412
CA,2022-02,SRR21345969
CA,2022-02,SRR21258091
CA,2022-02,SRR20899636
CA,2022-02,SRR21348225
CA,2022-02,SRR21349722
CA,2022-02,SRR21347876
CA,2022-02,SRR19343285
CA,2022-02,SRR18784094
CA,2022-02,SRR21347263
CA,2022-02,SRR18773739
CA,2022-02,SRR20904585
CA,2022-02,SRR20904471
CA,2022-02,SRR21347875
CA,2022-03,SRR19148276
CA,2022-03,SRR18775378
CA,2022-03,SRR18736011
CA,2022-03,SRR21257765
CA,2022-03,SRR18781319
CA,2022-03,SRR18781122
CA,2022-03,SRR18780789
CA,2022-03,SRR18775747
CA,2022-03,SRR21257443
CA,2022-03,SRR18775322
CA,2022-03,SRR19156357
CA,2022-03,SRR21257718
CA,2022-03,SRR21344022
CA,2022-03,SRR19096178
CA,2022-03,SRR18775230
CA,2022-03,SRR19107395
CA,2022-03,SRR18783301
CA,2022-03,SRR18736027
CA,2022-03,SRR18736025
CA,2022-03,SRR18775243
CA,2022-03,SRR18780727
CA,2022-03,SRR18780956
CA,2022-03,SRR18785809
CA,2022-03,SRR19108575
CA,2022-03,SRR18736017
CA,2022-03,SRR19103773
CA,2022-03,SRR18776726
CA,2022-03,SRR19547520
CA,2022-03,SRR19148341
CA,2022-03,SRR19387816
CA,2022-03,SRR21347054
CA,2022-03,SRR18783279
CA,2022-03,SRR18780744
CA,2022-03,SRR18785465
CA,2022-03,SRR19107310
CA,2022-03,SRR18781368
CA,2022-03,SRR21342710
CA,2022-03,SRR21343647
CA,2022-03,SRR18735746
CA,2022-03,SRR21339727
CA,2022-03,SRR21342700
CA,2022-03,SRR18775943
CA,2022-03,SRR19387797
CA,2022-03,SRR21346994
CA,2022-03,SRR18782712
CA,2022-03,SRR21346768
CA,2022-03,SRR18775915
CA,2022-03,SRR18780708
CA,2022-03,SRR21340116
CA,2022-03,SRR18782668
CA,2022-03,SRR21347082
CA,2022-03,SRR18775241
CA,2022-03,SRR18783019
CA,2022-03,SRR18775256
CA,2022-03,SRR18782840
CA,2022-03,SRR21343219
CA,2022-03,SRR18782716
CA,2022-03,SRR19108598
CA,2022-03,SRR18781254
CA,2022-03,SRR21342701
CA,2022-03,SRR18736196
CA,2022-03,SRR19547889
CA,2022-03,SRR18785553
CA,2022-03,SRR18923049
CA,2022-03,SRR18775461
CA,2022-03,SRR18783009
CA,2022-03,SRR18774924
CA,2022-03,SRR19097134
CA,2022-03,SRR18781699
CA,2022-03,SRR21343145
CA,2022-03,SRR19112820
CA,2022-03,SRR19110804
CA,2022-03,SRR21343872
CA,2022-03,SRR21343449
CA,2022-03,SRR18782883
CA,2022-03,SRR19106765
CA,2022-03,SRR18776568
CA,2022-03,SRR19387820
CA,2022-03,SRR18774857
CA,2022-03,SRR18736205
CA,2022-03,SRR19155929
CA,2022-03,SRR18780877
CA,2022-03,SRR21341071
CA,2022-03,SRR18781485
CA,2022-03,SRR18775029
CA,2022-03,SRR21343375
CA,2022-03,SRR21346890
CA,2022-03,SRR21343543
CA,2022-03,SRR18775314
CA,2022-03,SRR21346204
CA,2022-03,SRR21346311
CA,2022-03,SRR18785522
CA,2022-03,SRR19113092
CA,2022-03,SRR21343167
CA,2022-03,SRR18782911
CA,2022-03,SRR18775972
CA,2022-03,SRR18782924
CA,2022-03,SRR18782820
CA,2022-03,SRR18780294
CA,2022-03,SRR19156321
CA,2022-03,SRR18781279
CA,2022-03,SRR21346851
CA,2022-03,SRR19156633
CA,2022-03,SRR19148323
CA,2022-03,SRR18774874
CA,2022-03,SRR19108750
CA,2022-03,SRR21343873
CA,2022-03,SRR18776039
CA,2022-03,SRR18923014
CA,2022-03,SRR19547860
CA,2022-03,SRR21347127
CA,2022-03,SRR18776002
CA,2022-03,SRR18785569
CA,2022-03,SRR18783018
CA,2022-03,SRR18781292
CA,2022-03,SRR19148281
CA,2022-03,SRR19258897
CA,2022-03,SRR19097541
CA,2022-03,SRR18780735
CA,2022-03,SRR19156648
CA,2022-03,SRR18782252
CA,2022-03,SRR21343185
CA,2022-03,SRR21340812
CA,2022-03,SRR21341454
CA,2022-03,SRR18774582
CA,2022-03,SRR18780885
CA,2022-03,SRR21343000
CA,2022-03,SRR21346939
CA,2022-03,SRR21342699
CA,2022-03,SRR18782151
CA,2022-03,SRR18783189
CA,2022-03,SRR18781282
CA,2022-03,SRR18774745
CA,2022-03,SRR18780657
CA,2022-03,SRR19105112
CA,2022-03,SRR19547619
CA,2022-03,SRR18782149
CA,2022-03,SRR18780694
CA,2022-03,SRR19155890
CA,2022-03,SRR18785802
CA,2022-03,SRR18783150
CA,2022-03,SRR19148311
CA,2022-03,SRR18785550
CA,2022-03,SRR18775803
CA,2022-03,SRR18781258
CA,2022-03,SRR21347101
CA,2022-03,SRR18781144
CA,2022-03,SRR21338223
CA,2022-03,SRR21346872
CA,2022-03,SRR18923076
CA,2022-03,SRR18781246
CA,2022-03,SRR21338531
CA,2022-03,SRR19107051
CA,2022-03,SRR18783338
CA,2022-03,SRR19107035
CA,2022-03,SRR18783160
CA,2022-03,SRR21344264
CA,2022-03,SRR21343438
CA,2022-03,SRR18775744
CA,2022-03,SRR18785817
CA,2022-03,SRR18785781
CA,2022-03,SRR18775240
CA,2022-03,SRR21339584
CA,2022-03,SRR18736234
CA,2022-03,SRR18775376
CA,2022-03,SRR18775899
CA,2022-03,SRR19111021
CA,2022-03,SRR21346383
CA,2022-03,SRR21342395
CA,2022-03,SRR19156620
CA,2022-03,SRR21346338
CA,2022-03,SRR19108008
CA,2022-03,SRR18774740
CA,2022-03,SRR18783059
CA,2022-03,SRR18783023
CA,2022-03,SRR21346508
CA,2022-03,SRR18785630
CA,2022-03,SRR18785977
CA,2022-03,SRR18781178
CA,2022-03,SRR19097261
CA,2022-03,SRR18735880
CA,2022-03,SRR21342712
CA,2022-03,SRR19547710
CA,2022-03,SRR18775387
CA,2022-03,SRR19156632
CA,2022-03,SRR21344547
CA,2022-03,SRR21338961
CA,2022-03,SRR21343811
CA,2022-03,SRR21340837
CA,2022-03,SRR19148309
CA,2022-03,SRR21346315
CA,2022-03,SRR21347171
CA,2022-03,SRR21344488
CA,2022-03,SRR18784308
CA,2022-03,SRR18775917
CA,2022-03,SRR21343901
CA,2022-03,SRR18721496
CA,2022-03,SRR19547712
CA,2022-03,SRR19547707
CA,2022-03,SRR21344464
CA,2022-04,SRR20572343
CA,2022-04,SRR19396466
CA,2022-04,SRR19111830
CA,2022-04,SRR20830496
CA,2022-04,SRR19602880
CA,2022-04,SRR19601177
CA,2022-04,SRR19601026
CA,2022-04,SRR19396550
CA,2022-04,SRR20830284
CA,2022-04,SRR19375271
CA,2022-04,SRR20751723
CA,2022-04,SRR20830491
CA,2022-04,SRR21341753
CA,2022-04,SRR20439590
CA,2022-04,SRR19149222
CA,2022-04,SRR20439718
CA,2022-04,SRR20439140
CA,2022-04,SRR19112142
CA,2022-04,SRR19112095
CA,2022-04,SRR19374768
CA,2022-04,SRR19600981
CA,2022-04,SRR19601125
CA,2022-04,SRR20439419
CA,2022-04,SRR20439764
CA,2022-04,SRR19111878
CA,2022-04,SRR20439635
CA,2022-04,SRR19600786
CA,2022-04,SRR20774408
CA,2022-04,SRR20574307
CA,2022-04,SRR20774105
CA,2022-04,SRR22131982
CA,2022-04,SRR20439137
CA,2022-04,SRR19600984
CA,2022-04,SRR20439264
CA,2022-04,SRR20439716
CA,2022-04,SRR19602889
CA,2022-04,SRR21339263
CA,2022-04,SRR21341312
CA,2022-04,SRR19111127
CA,2022-04,SRR21189150
CA,2022-04,SRR21339225
CA,2022-04,SRR19600588
CA,2022-04,SRR20773907
CA,2022-04,SRR22131864
CA,2022-04,SRR19845003
CA,2022-04,SRR21651574
CA,2022-04,SRR19600546
CA,2022-04,SRR19600964
CA,2022-04,SRR21189174
CA,2022-04,SRR19844988
CA,2022-04,SRR22132106
CA,2022-04,SRR19149234
CA,2022-04,SRR20439030
CA,2022-04,SRR19374871
CA,2022-04,SRR19845179
CA,2022-04,SRR21340613
CA,2022-04,SRR19845046
CA,2022-04,SRR20439787
CA,2022-04,SRR19602685
CA,2022-04,SRR21339258
CA,2022-04,SRR19112538
CA,2022-04,SRR20775710
CA,2022-04,SRR20439284
CA,2022-04,SRR20439568
CA,2022-04,SRR19396520
CA,2022-04,SRR20439023
CA,2022-04,SRR19149177
CA,2022-04,SRR20439613
CA,2022-04,SRR19844629
CA,2022-04,SRR21340285
CA,2022-04,SRR20571752
CA,2022-04,SRR20570883
CA,2022-04,SRR21341703
CA,2022-04,SRR21341144
CA,2022-04,SRR19845194
CA,2022-04,SRR20439687
CA,2022-04,SRR19600736
CA,2022-04,SRR20774220
CA,2022-04,SRR19149093
CA,2022-04,SRR19112640
CA,2022-04,SRR20751671
CA,2022-04,SRR19601078
CA,2022-04,SRR21337556
CA,2022-04,SRR19775154
CA,2022-04,SRR19149183
CA,2022-04,SRR21340975
CA,2022-04,SRR21652251
CA,2022-04,SRR21341299
CA,2022-04,SRR19375060
CA,2022-04,SRR21650987
CA,2022-04,SRR21651242
CA,2022-04,SRR20439273
CA,2022-04,SRR20572267
CA,2022-04,SRR21340364
CA,2022-04,SRR19845221
CA,2022-04,SRR19600605
CA,2022-04,SRR20052784
CA,2022-04,SRR19845127
CA,2022-04,SRR19600907
CA,2022-04,SRR20751694
CA,2022-04,SRR19602693
CA,2022-04,SRR21651879
CA,2022-04,SRR20751757
CA,2022-04,SRR20574260
CA,2022-04,SRR19149113
CA,2022-04,SRR20505874
CA,2022-04,SRR21341707
CA,2022-04,SRR19600650
CA,2022-04,SRR20439564
CA,2022-04,SRR20774906
CA,2022-04,SRR22132363
CA,2022-04,SRR19600606
CA,2022-04,SRR20439287
CA,2022-04,SRR20439024
CA,2022-04,SRR19602703
CA,2022-04,SRR20572345
CA,2022-04,SRR20773668
CA,2022-04,SRR20439620
CA,2022-04,SRR19600983
CA,2022-04,SRR20751759
CA,2022-04,SRR19844902
CA,2022-04,SRR21340550
CA,2022-04,SRR21337432
CA,2022-04,SRR21337758
CA,2022-04,SRR19149040
CA,2022-04,SRR19601095
CA,2022-04,SRR21339988
CA,2022-04,SRR21718844
CA,2022-04,SRR21339208
CA,2022-04,SRR19844814
CA,2022-04,SRR20439098
CA,2022-04,SRR19602701
CA,2022-04,SRR19149080
CA,2022-04,SRR19600934
CA,2022-04,SRR20439657
CA,2022-04,SRR20774425
CA,2022-04,SRR19844808
CA,2022-04,SRR19600945
CA,2022-04,SRR20576411
CA,2022-04,SRR20439397
CA,2022-04,SRR20439082
CA,2022-04,SRR20573196
CA,2022-04,SRR20439282
CA,2022-04,SRR19396569
CA,2022-04,SRR19602686
CA,2022-04,SRR22132170
CA,2022-04,SRR19601216
CA,2022-04,SRR20830566
CA,2022-04,SRR21652122
CA,2022-04,SRR20439577
CA,2022-04,SRR19602681
CA,2022-04,SRR20830570
CA,2022-04,SRR20439702
CA,2022-04,SRR20439167
CA,2022-04,SRR20439696
CA,2022-04,SRR20439093
CA,2022-04,SRR21342015
CA,2022-04,SRR21341134
CA,2022-04,SRR19396547
CA,2022-04,SRR20439431
CA,2022-04,SRR20439383
CA,2022-04,SRR19149232
CA,2022-04,SRR21189055
CA,2022-04,SRR19112740
CA,2022-04,SRR19387759
CA,2022-04,SRR19600521
CA,2022-04,SRR20571542
CA,2022-04,SRR21651489
CA,2022-04,SRR21338544
CA,2022-04,SRR20751746
CA,2022-04,SRR21651436
CA,2022-04,SRR20439732
CA,2022-04,SRR19149075
CA,2022-04,SRR20439039
CA,2022-04,SRR20439032
CA,2022-04,SRR21651558
CA,2022-04,SRR20439308
CA,2022-04,SRR20439550
CA,2022-04,SRR19601286
CA,2022-04,SRR20439614
CA,2022-04,SRR19111327
CA,2022-04,SRR21339308
CA,2022-04,SRR20774626
CA,2022-04,SRR19396487
CA,2022-04,SRR20751752
CA,2022-04,SRR21342269
CA,2022-04,SRR21188971
CA,2022-04,SRR21341420
CA,2022-04,SRR21337454
CA,2022-04,SRR20573169
CA,2022-04,SRR21651300
CA,2022-04,SRR22929615
CA,2022-04,SRR21342116
CA,2022-04,SRR20439206
CA,2022-04,SRR19600575
CA,2022-04,SRR21341709
CA,2022-04,SRR19103375
CA,2022-04,SRR20774629
CA,2022-04,SRR20774439
CA,2022-04,SRR21342106
CA,2022-05,SRR20609532
CA,2022-05,SRR19705622
CA,2022-05,SRR19698278
CA,2022-05,SRR21237368
CA,2022-05,SRR20342879
CA,2022-05,SRR20342128
CA,2022-05,SRR20245305
CA,2022-05,SRR19707070
CA,2022-05,SRR21237358
CA,2022-05,SRR19701463
CA,2022-05,SRR20610189
CA,2022-05,SRR21237367
CA,2022-05,SRR21717893
CA,2022-05,SRR20607782
CA,2022-05,SRR19700898
CA,2022-05,SRR20608908
CA,2022-05,SRR20577658
CA,2022-05,SRR19698481
CA,2022-05,SRR19698402
CA,2022-05,SRR19701213
CA,2022-05,SRR20211920
CA,2022-05,SRR20341763
CA,2022-05,SRR20583797
CA,2022-05,SRR20609080
CA,2022-05,SRR19698339
CA,2022-05,SRR20607938
CA,2022-05,SRR20053400
CA,2022-05,SRR21189032
CA,2022-05,SRR20609650
CA,2022-05,SRR21084482
CA,2022-05,SRR22132327
CA,2022-05,SRR20577624
CA,2022-05,SRR20211938
CA,2022-05,SRR20581913
CA,2022-05,SRR20608907
CA,2022-05,SRR20342902
CA,2022-05,SRR21237562
CA,2022-05,SRR21717695
CA,2022-05,SRR19673292
CA,2022-05,SRR21237417
CA,2022-05,SRR21237552
CA,2022-05,SRR19844916
CA,2022-05,SRR20830510
CA,2022-05,SRR22132108
CA,2022-05,SRR20438908
CA,2022-05,SRR21718190
CA,2022-05,SRR19844780
CA,2022-05,SRR20211791
CA,2022-05,SRR21237426
CA,2022-05,SRR20438900
CA,2022-05,SRR22132369
CA,2022-05,SRR19701184
CA,2022-05,SRR20439493
CA,2022-05,SRR19701288
CA,2022-05,SRR20438984
CA,2022-05,SRR21717498
CA,2022-05,SRR20438933
CA,2022-05,SRR20609088
CA,2022-05,SRR20342702
CA,2022-05,SRR21237553
CA,2022-05,SRR19698922
CA,2022-05,SRR21237319
CA,2022-05,SRR20582396
CA,2022-05,SRR20606642
CA,2022-05,SRR19706455
CA,2022-05,SRR20439482
CA,2022-05,SRR19700485
CA,2022-05,SRR20607836
CA,2022-05,SRR20343172
CA,2022-05,SRR21237601
CA,2022-05,SRR20609409
CA,2022-05,SRR20609291
CA,2022-05,SRR21717722
CA,2022-05,SRR21717670
CA,2022-05,SRR20438990
CA,2022-05,SRR20608801
CA,2022-05,SRR19868026
CA,2022-05,SRR21084596
CA,2022-05,SRR19700216
CA,2022-05,SRR19698981
CA,2022-05,SRR20609907
CA,2022-05,SRR20341597
CA,2022-05,SRR21237452
CA,2022-05,SRR20343098
CA,2022-05,SRR19700554
CA,2022-05,SRR21717510
CA,2022-05,SRR22131998
CA,2022-05,SRR21717689
CA,2022-05,SRR19701452
CA,2022-05,SRR21718145
CA,2022-05,SRR21718160
CA,2022-05,SRR20582098
CA,2022-05,SRR20609503
CA,2022-05,SRR21717471
CA,2022-05,SRR20438999
CA,2022-05,SRR19844941
CA,2022-05,SRR20439239
CA,2022-05,SRR20438964
CA,2022-05,SRR20211737
CA,2022-05,SRR20610104
CA,2022-05,SRR20342761
CA,2022-05,SRR21718203
CA,2022-05,SRR20610317
CA,2022-05,SRR20609629
CA,2022-05,SRR19700279
CA,2022-05,SRR20609171
CA,2022-05,SRR21717724
CA,2022-05,SRR19845091
CA,2022-05,SRR20606606
CA,2022-05,SRR21237318
CA,2022-05,SRR22132440
CA,2022-05,SRR19844942
CA,2022-05,SRR20582499
CA,2022-05,SRR20439491
CA,2022-05,SRR20342788
CA,2022-05,SRR20609536
CA,2022-05,SRR20610393
CA,2022-05,SRR20607905
CA,2022-05,SRR20211937
CA,2022-05,SRR20610369
CA,2022-05,SRR20343932
CA,2022-05,SRR21717486
CA,2022-05,SRR21237435
CA,2022-05,SRR21237458
CA,2022-05,SRR19699622
CA,2022-05,SRR20341612
CA,2022-05,SRR21237589
CA,2022-05,SRR22132093
CA,2022-05,SRR21237551
CA,2022-05,SRR20343604
CA,2022-05,SRR20577031
CA,2022-05,SRR20342778
CA,2022-05,SRR19700036
CA,2022-05,SRR20211765
CA,2022-05,SRR20608681
CA,2022-05,SRR21237280
CA,2022-05,SRR20343594
CA,2022-05,SRR20211775
CA,2022-05,SRR20609797
CA,2022-05,SRR20583602
CA,2022-05,SRR20439778
CA,2022-05,SRR20609563
CA,2022-05,SRR20582388
CA,2022-05,SRR19707192
CA,2022-05,SRR20342730
CA,2022-05,SRR22132373
CA,2022-05,SRR20342181
CA,2022-05,SRR21237377
CA,2022-05,SRR22131901
CA,2022-05,SRR20606670
CA,2022-05,SRR20342693
CA,2022-05,SRR21237381
CA,2022-05,SRR20608860
CA,2022-05,SRR20577817
CA,2022-05,SRR20608855
CA,2022-05,SRR20577004
CA,2022-05,SRR21717915
CA,2022-05,SRR21717664
CA,2022-05,SRR19707054
CA,2022-05,SRR20583872
CA,2022-05,SRR20583525
CA,2022-05,SRR19701153
CA,2022-05,SRR21237401
CA,2022-05,SRR19699147
CA,2022-05,SRR19705495
CA,2022-05,SRR19844763
CA,2022-05,SRR20609381
CA,2022-05,SRR21718166
CA,2022-05,SRR21237496
CA,2022-05,SRR20610233
CA,2022-05,SRR21718163
CA,2022-05,SRR20609003
CA,2022-05,SRR19699949
CA,2022-05,SRR20439511
CA,2022-05,SRR20439496
CA,2022-05,SRR21718189
CA,2022-05,SRR20582575
CA,2022-05,SRR20606545
CA,2022-05,SRR20342308
CA,2022-05,SRR20607853
CA,2022-05,SRR19673716
CA,2022-05,SRR21237569
CA,2022-05,SRR21237289
CA,2022-05,SRR19705776
CA,2022-05,SRR20610309
CA,2022-05,SRR21717933
CA,2022-05,SRR21237391
CA,2022-05,SRR21717712
CA,2022-05,SRR21237437
CA,2022-05,SRR20609550
CA,2022-05,SRR21718162
CA,2022-05,SRR22735502
CA,2022-05,SRR21717925
CA,2022-05,SRR20581348
CA,2022-05,SRR19844788
CA,2022-05,SRR21717727
CA,2022-05,SRR19672902
CA,2022-05,SRR21237290
CA,2022-05,SRR21237285
CA,2022-05,SRR21717924
CA,2022-06,SRR21717886
CA,2022-06,SRR19949157
CA,2022-06,SRR19686305
CA,2022-06,SRR22132133
CA,2022-06,SRR20093394
CA,2022-06,SRR20052835
CA,2022-06,SRR19955723
CA,2022-06,SRR19949802
CA,2022-06,SRR22132120
CA,2022-06,SRR19948725
CA,2022-06,SRR21718114
CA,2022-06,SRR22132131
CA,2022-06,SRR22314511
CA,2022-06,SRR21676095
CA,2022-06,SRR19948320
CA,2022-06,SRR21717630
CA,2022-06,SRR21190297
CA,2022-06,SRR19686462
CA,2022-06,SRR19686402
CA,2022-06,SRR19948436
CA,2022-06,SRR19955635
CA,2022-06,SRR19955968
CA,2022-06,SRR21676047
CA,2022-06,SRR21717714
CA,2022-06,SRR19686309
CA,2022-06,SRR21717437
CA,2022-06,SRR19953180
CA,2022-06,SRR22131951
CA,2022-06,SRR21718038
CA,2022-06,SRR21718630
CA,2022-06,SRR23723916
CA,2022-06,SRR21190277
CA,2022-06,SRR19955686
CA,2022-06,SRR21675981
CA,2022-06,SRR21717627
CA,2022-06,SRR20093518
CA,2022-06,SRR22258466
CA,2022-06,SRR22291565
CA,2022-06,SRR19673545
CA,2022-06,SRR22132274
CA,2022-06,SRR22258463
CA,2022-06,SRR19950350
CA,2022-06,SRR21718480
CA,2022-06,SRR23723852
CA,2022-06,SRR20305496
CA,2022-06,SRR22382695
CA,2022-06,SRR19950269
CA,2022-06,SRR19955594
CA,2022-06,SRR22132280
CA,2022-06,SRR20304570
CA,2022-06,SRR23723990
CA,2022-06,SRR19948433
CA,2022-06,SRR20830500
CA,2022-06,SRR19948611
CA,2022-06,SRR20830188
CA,2022-06,SRR22291154
CA,2022-06,SRR20380050
CA,2022-06,SRR21717744
CA,2022-06,SRR20092937
CA,2022-06,SRR22258464
CA,2022-06,SRR19686975
CA,2022-06,SRR22131988
CA,2022-06,SRR21675994
CA,2022-06,SRR21676085
CA,2022-06,SRR19949443
CA,2022-06,SRR20830467
CA,2022-06,SRR19942410
CA,2022-06,SRR21717419
CA,2022-06,SRR20220129
CA,2022-06,SRR22258509
CA,2022-06,SRR21717858
CA,2022-06,SRR21717835
CA,2022-06,SRR22291740
CA,2022-06,SRR22291474
CA,2022-06,SRR20830225
CA,2022-06,SRR21717474
CA,2022-06,SRR19953019
CA,2022-06,SRR21718727
CA,2022-06,SRR19731848
CA,2022-06,SRR19686987
CA,2022-06,SRR21718063
CA,2022-06,SRR19955866
CA,2022-06,SRR22132389
CA,2022-06,SRR20125343
CA,2022-06,SRR19942434
CA,2022-06,SRR22291334
CA,2022-06,SRR23723523
CA,2022-06,SRR22291526
CA,2022-06,SRR19948724
CA,2022-06,SRR22382645
CA,2022-06,SRR22382659
CA,2022-06,SRR21675988
CA,2022-06,SRR21717874
CA,2022-06,SRR22258516
CA,2022-06,SRR20830235
CA,2022-06,SRR19950715
CA,2022-06,SRR20830254
CA,2022-06,SRR20492569
CA,2022-06,SRR19953525
CA,2022-06,SRR21718088
CA,2022-06,SRR20093018
CA,2022-06,SRR22472517
CA,2022-06,SRR21718129
CA,2022-06,SRR21718035
CA,2022-06,SRR19732114
CA,2022-06,SRR21717782
CA,2022-06,SRR22291768
CA,2022-06,SRR19952352
CA,2022-06,SRR21676082
CA,2022-06,SRR22131987
CA,2022-06,SRR23979883
CA,2022-06,SRR19951067
CA,2022-06,SRR21675997
CA,2022-06,SRR20830489
CA,2022-06,SRR20093213
CA,2022-06,SRR21717887
CA,2022-06,SRR21718198
CA,2022-06,SRR21717426
CA,2022-06,SRR19955661
CA,2022-06,SRR21718168
CA,2022-06,SRR20245255
CA,2022-06,SRR22268861
CA,2022-06,SRR22132286
CA,2022-06,SRR22132393
CA,2022-06,SRR19687635
CA,2022-06,SRR19955913
CA,2022-06,SRR22258485
CA,2022-06,SRR23723841
CA,2022-06,SRR22258462
CA,2022-06,SRR20245208
CA,2022-06,SRR21189098
CA,2022-06,SRR20093088
CA,2022-06,SRR19687952
CA,2022-06,SRR19953530
CA,2022-06,SRR21717447
CA,2022-06,SRR22131955
CA,2022-06,SRR20245201
CA,2022-06,SRR19954883
CA,2022-06,SRR21718048
CA,2022-06,SRR21676041
CA,2022-06,SRR21189078
CA,2022-06,SRR21717932
CA,2022-06,SRR21675993
CA,2022-06,SRR19949917
CA,2022-06,SRR20092969
CA,2022-06,SRR23724214
CA,2022-06,SRR20052839
CA,2022-06,SRR22132139
CA,2022-06,SRR22735590
CA,2022-06,SRR21676087
CA,2022-06,SRR20092907
CA,2022-06,SRR22132142
CA,2022-06,SRR21717595
CA,2022-06,SRR21675954
CA,2022-06,SRR21717539
CA,2022-06,SRR21189094
CA,2022-06,SRR22314543
CA,2022-06,SRR22291459
CA,2022-06,SRR19949790
CA,2022-06,SRR21676053
CA,2022-06,SRR21676033
CA,2022-06,SRR19948401
CA,2022-06,SRR22132267
CA,2022-06,SRR19687028
CA,2022-06,SRR19949051
CA,2022-06,SRR19950203
CA,2022-06,SRR21717855
CA,2022-06,SRR22382666
CA,2022-06,SRR22258432
CA,2022-06,SRR21718122
CA,2022-06,SRR22382663
CA,2022-06,SRR21717643
CA,2022-06,SRR19687888
CA,2022-06,SRR20830561
CA,2022-06,SRR20830518
CA,2022-06,SRR22382694
CA,2022-06,SRR21676006
CA,2022-06,SRR21676076
CA,2022-06,SRR20092780
CA,2022-06,SRR21717420
CA,2022-06,SRR19674226
CA,2022-06,SRR22258472
CA,2022-06,SRR22131959
CA,2022-06,SRR19949200
CA,2022-06,SRR21718128
CA,2022-06,SRR22314580
CA,2022-06,SRR22132151
CA,2022-06,SRR22291634
CA,2022-06,SRR22132383
CA,2022-06,SRR21717891
CA,2022-06,SRR22382662
CA,2022-06,SRR24602823
CA,2022-06,SRR22314571
CA,2022-06,SRR21675962
CA,2022-06,SRR19950298
CA,2022-06,SRR22291789
CA,2022-06,SRR19673306
CA,2022-06,SRR22131960
CA,2022-06,SRR22131956
CA,2022-06,SRR22314563
CA,2022-07,SRR22304141
CA,2022-07,SRR20679684
CA,2022-07,SRR20241211
CA,2022-07,SRR22308661
CA,2022-07,SRR21036834
CA,2022-07,SRR21035765
CA,2022-07,SRR20955382
CA,2022-07,SRR20721868
CA,2022-07,SRR22308655
CA,2022-07,SRR20679314
CA,2022-07,SRR22306869
CA,2022-07,SRR22308659
CA,2022-07,SRR22317789
CA,2022-07,SRR22292756
CA,2022-07,SRR20678553
CA,2022-07,SRR22301568
CA,2022-07,SRR22271387
CA,2022-07,SRR20301271
CA,2022-07,SRR20241365
CA,2022-07,SRR20678717
CA,2022-07,SRR20955081
CA,2022-07,SRR21035379
CA,2022-07,SRR22284803
CA,2022-07,SRR22302421
CA,2022-07,SRR20241299
CA,2022-07,SRR22301263
CA,2022-07,SRR20909975
CA,2022-07,SRR22308341
CA,2022-07,SRR22306617
CA,2022-07,SRR22307162
CA,2022-07,SRR22324548
CA,2022-07,SRR22271384
CA,2022-07,SRR20955209
CA,2022-07,SRR22279296
CA,2022-07,SRR22301567
CA,2022-07,SRR21036948
CA,2022-07,SRR22315278
CA,2022-07,SRR22317204
CA,2022-07,SRR20240248
CA,2022-07,SRR22312934
CA,2022-07,SRR22315274
CA,2022-07,SRR20908545
CA,2022-07,SRR22307158
CA,2022-07,SRR22324544
CA,2022-07,SRR22264283
CA,2022-07,SRR22322091
CA,2022-07,SRR20908273
CA,2022-07,SRR20955035
CA,2022-07,SRR22314260
CA,2022-07,SRR22264263
CA,2022-07,SRR22324934
CA,2022-07,SRR20678710
CA,2022-07,SRR22270560
CA,2022-07,SRR20678970
CA,2022-07,SRR22268868
CA,2022-07,SRR22316475
CA,2022-07,SRR22264289
CA,2022-07,SRR22302428
CA,2022-07,SRR21036417
CA,2022-07,SRR22315275
CA,2022-07,SRR20375883
CA,2022-07,SRR22308644
CA,2022-07,SRR22282815
CA,2022-07,SRR22290108
CA,2022-07,SRR20717544
CA,2022-07,SRR22270556
CA,2022-07,SRR20377211
CA,2022-07,SRR22292765
CA,2022-07,SRR21717791
CA,2022-07,SRR22315542
CA,2022-07,SRR22304129
CA,2022-07,SRR22302505
CA,2022-07,SRR22317781
CA,2022-07,SRR22317162
CA,2022-07,SRR22268879
CA,2022-07,SRR22301533
CA,2022-07,SRR20909801
CA,2022-07,SRR22307165
CA,2022-07,SRR20376923
CA,2022-07,SRR20375954
CA,2022-07,SRR22306630
CA,2022-07,SRR20955563
CA,2022-07,SRR22314329
CA,2022-07,SRR21717368
CA,2022-07,SRR20377251
CA,2022-07,SRR22317154
CA,2022-07,SRR22324539
CA,2022-07,SRR22317169
CA,2022-07,SRR20679223
CA,2022-07,SRR22318579
CA,2022-07,SRR22322078
CA,2022-07,SRR22279301
CA,2022-07,SRR22304136
CA,2022-07,SRR22316459
CA,2022-07,SRR22268886
CA,2022-07,SRR20908687
CA,2022-07,SRR22268909
CA,2022-07,SRR22268864
CA,2022-07,SRR20910495
CA,2022-07,SRR22306861
CA,2022-07,SRR21036524
CA,2022-07,SRR22322097
CA,2022-07,SRR22307141
CA,2022-07,SRR22306615
CA,2022-07,SRR20376979
CA,2022-07,SRR22302489
CA,2022-07,SRR22317782
CA,2022-07,SRR20908917
CA,2022-07,SRR22290099
CA,2022-07,SRR22308643
CA,2022-07,SRR22324954
CA,2022-07,SRR20908697
CA,2022-07,SRR22282818
CA,2022-07,SRR22270558
CA,2022-07,SRR21036702
CA,2022-07,SRR22304143
CA,2022-07,SRR22307147
CA,2022-07,SRR22301259
CA,2022-07,SRR20955154
CA,2022-07,SRR22307143
CA,2022-07,SRR22258802
CA,2022-07,SRR22316469
CA,2022-07,SRR22314324
CA,2022-07,SRR22314332
CA,2022-07,SRR20376226
CA,2022-07,SRR20955578
CA,2022-07,SRR22315534
CA,2022-07,SRR22324543
CA,2022-07,SRR22315273
CA,2022-07,SRR22258775
CA,2022-07,SRR22270761
CA,2022-07,SRR21036611
CA,2022-07,SRR20376683
CA,2022-07,SRR20910595
CA,2022-07,SRR22301270
CA,2022-07,SRR22308343
CA,2022-07,SRR22258770
CA,2022-07,SRR20910619
CA,2022-07,SRR22306623
CA,2022-07,SRR22284797
CA,2022-07,SRR22270593
CA,2022-07,SRR22306607
CA,2022-07,SRR22279308
CA,2022-07,SRR20907780
CA,2022-07,SRR21036420
CA,2022-07,SRR22324952
CA,2022-07,SRR21035838
CA,2022-07,SRR22312917
CA,2022-07,SRR22324535
CA,2022-07,SRR22291401
CA,2022-07,SRR21036407
CA,2022-07,SRR22312919
CA,2022-07,SRR22301562
CA,2022-07,SRR22271398
CA,2022-07,SRR22301540
CA,2022-07,SRR22270749
CA,2022-07,SRR22318347
CA,2022-07,SRR22317161
CA,2022-07,SRR20718303
CA,2022-07,SRR22284807
CA,2022-07,SRR22284734
CA,2022-07,SRR20678683
CA,2022-07,SRR22312929
CA,2022-07,SRR20376029
CA,2022-07,SRR20679599
CA,2022-07,SRR20908234
CA,2022-07,SRR22304128
CA,2022-07,SRR22322084
CA,2022-07,SRR22315256
CA,2022-07,SRR22306875
CA,2022-07,SRR22322082
CA,2022-07,SRR22301574
CA,2022-07,SRR20376572
CA,2022-07,SRR22270566
CA,2022-07,SRR22270561
CA,2022-07,SRR22322090
CA,2022-07,SRR22282824
CA,2022-07,SRR22290093
CA,2022-07,SRR21036071
CA,2022-07,SRR22292766
CA,2022-07,SRR20240605
CA,2022-07,SRR22315523
CA,2022-07,SRR22308346
CA,2022-07,SRR20679733
CA,2022-07,SRR22306880
CA,2022-07,SRR22318566
CA,2022-07,SRR22312924
CA,2022-07,SRR22317772
CA,2022-07,SRR22314325
CA,2022-07,SRR22306605
CA,2022-07,SRR22322081
CA,2022-07,SRR22735359
CA,2022-07,SRR22318354
CA,2022-07,SRR22271434
CA,2022-07,SRR20908359
CA,2022-07,SRR22317783
CA,2022-07,SRR20240117
CA,2022-07,SRR22308347
CA,2022-07,SRR22308344
CA,2022-07,SRR22318353
CA,2022-08,SRR22329365
CA,2022-08,SRR21304138
CA,2022-08,SRR21235323
CA,2022-08,SRR22330461
CA,2022-08,SRR22291531
CA,2022-08,SRR21611818
CA,2022-08,SRR21456583
CA,2022-08,SRR21304946
CA,2022-08,SRR22330378
CA,2022-08,SRR21269106
CA,2022-08,SRR22329520
CA,2022-08,SRR22330460
CA,2022-08,SRR22333454
CA,2022-08,SRR22328559
CA,2022-08,SRR21268688
CA,2022-08,SRR22328813
CA,2022-08,SRR22327428
CA,2022-08,SRR21267177
CA,2022-08,SRR21267166
CA,2022-08,SRR21268891
CA,2022-08,SRR21456232
CA,2022-08,SRR21514130
CA,2022-08,SRR22328435
CA,2022-08,SRR22328870
CA,2022-08,SRR21267032
CA,2022-08,SRR22328633
CA,2022-08,SRR21455142
CA,2022-08,SRR22330354
CA,2022-08,SRR22329377
CA,2022-08,SRR22330223
CA,2022-08,SRR22340683
CA,2022-08,SRR22327425
CA,2022-08,SRR21456298
CA,2022-08,SRR22327962
CA,2022-08,SRR22328812
CA,2022-08,SRR22291665
CA,2022-08,SRR22331387
CA,2022-08,SRR22333428
CA,2022-08,SRR21222861
CA,2022-08,SRR22330514
CA,2022-08,SRR22331376
CA,2022-08,SRR21305676
CA,2022-08,SRR22330219
CA,2022-08,SRR22340679
CA,2022-08,SRR22325494
CA,2022-08,SRR22335703
CA,2022-08,SRR21305566
CA,2022-08,SRR21456020
CA,2022-08,SRR22330519
CA,2022-08,SRR22325490
CA,2022-08,SRR22340688
CA,2022-08,SRR21268832
CA,2022-08,SRR22325684
CA,2022-08,SRR21268955
CA,2022-08,SRR22325515
CA,2022-08,SRR22332809
CA,2022-08,SRR22325499
CA,2022-08,SRR22328957
CA,2022-08,SRR22291340
CA,2022-08,SRR22331377
CA,2022-08,SRR21267504
CA,2022-08,SRR22330368
CA,2022-08,SRR22328143
CA,2022-08,SRR22328549
CA,2022-08,SRR21304429
CA,2022-08,SRR22325682
CA,2022-08,SRR21268319
CA,2022-08,SRR22328624
CA,2022-08,SRR22324936
CA,2022-08,SRR22331674
CA,2022-08,SRR22329007
CA,2022-08,SRR22328996
CA,2022-08,SRR22333445
CA,2022-08,SRR22332825
CA,2022-08,SRR22325643
CA,2022-08,SRR22328686
CA,2022-08,SRR21454643
CA,2022-08,SRR22330226
CA,2022-08,SRR21268072
CA,2022-08,SRR21267516
CA,2022-08,SRR22329505
CA,2022-08,SRR21513169
CA,2022-08,SRR22330877
CA,2022-08,SRR22314545
CA,2022-08,SRR21268332
CA,2022-08,SRR22332817
CA,2022-08,SRR22335725
CA,2022-08,SRR22332831
CA,2022-08,SRR21269021
CA,2022-08,SRR22335356
CA,2022-08,SRR22335369
CA,2022-08,SRR22328130
CA,2022-08,SRR22329360
CA,2022-08,SRR22331679
CA,2022-08,SRR22325646
CA,2022-08,SRR21305710
CA,2022-08,SRR22325674
CA,2022-08,SRR22325510
CA,2022-08,SRR21455619
CA,2022-08,SRR22329514
CA,2022-08,SRR22291450
CA,2022-08,SRR22335711
CA,2022-08,SRR22330150
CA,2022-08,SRR22329374
CA,2022-08,SRR21268124
CA,2022-08,SRR22328962
CA,2022-08,SRR22333446
CA,2022-08,SRR21306001
CA,2022-08,SRR22328546
CA,2022-08,SRR22330367
CA,2022-08,SRR22340692
CA,2022-08,SRR21305794
CA,2022-08,SRR22328148
CA,2022-08,SRR22325683
CA,2022-08,SRR22291470
CA,2022-08,SRR22329366
CA,2022-08,SRR22330159
CA,2022-08,SRR22328629
CA,2022-08,SRR21456258
CA,2022-08,SRR22330153
CA,2022-08,SRR22325325
CA,2022-08,SRR22332805
CA,2022-08,SRR22330872
CA,2022-08,SRR22330880
CA,2022-08,SRR21267778
CA,2022-08,SRR21513648
CA,2022-08,SRR22331666
CA,2022-08,SRR22340678
CA,2022-08,SRR22331374
CA,2022-08,SRR22325286
CA,2022-08,SRR22327218
CA,2022-08,SRR22291452
CA,2022-08,SRR21267989
CA,2022-08,SRR21455658
CA,2022-08,SRR22328640
CA,2022-08,SRR22330356
CA,2022-08,SRR22325285
CA,2022-08,SRR21455737
CA,2022-08,SRR22329499
CA,2022-08,SRR22328371
CA,2022-08,SRR22327210
CA,2022-08,SRR22329369
CA,2022-08,SRR22328141
CA,2022-08,SRR21305052
CA,2022-08,SRR22291356
CA,2022-08,SRR22340690
CA,2022-08,SRR21612793
CA,2022-08,SRR22330464
CA,2022-08,SRR22335717
CA,2022-08,SRR22328551
CA,2022-08,SRR22291306
CA,2022-08,SRR22330466
CA,2022-08,SRR22328806
CA,2022-08,SRR22327434
CA,2022-08,SRR22328805
CA,2022-08,SRR22327213
CA,2022-08,SRR22334568
CA,2022-08,SRR22332824
CA,2022-08,SRR21304878
CA,2022-08,SRR22328439
CA,2022-08,SRR22328304
CA,2022-08,SRR21268818
CA,2022-08,SRR22330475
CA,2022-08,SRR21267580
CA,2022-08,SRR21304084
CA,2022-08,SRR21305451
CA,2022-08,SRR22329006
CA,2022-08,SRR22335693
CA,2022-08,SRR22331321
CA,2022-08,SRR22329526
CA,2022-08,SRR22335371
CA,2022-08,SRR22328859
CA,2022-08,SRR21267965
CA,2022-08,SRR22325689
CA,2022-08,SRR22325685
CA,2022-08,SRR22335702
CA,2022-08,SRR22328156
CA,2022-08,SRR22328487
CA,2022-08,SRR21632229
CA,2022-08,SRR22328625
CA,2022-08,SRR21233062
CA,2022-08,SRR22331629
CA,2022-08,SRR22330359
CA,2022-08,SRR21304195
CA,2022-08,SRR22330149
CA,2022-08,SRR22334583
CA,2022-08,SRR22330470
CA,2022-08,SRR22333437
CA,2022-08,SRR22330873
CA,2022-08,SRR22329367
CA,2022-08,SRR22335370
CA,2022-08,SRR22382725
CA,2022-08,SRR22334576
CA,2022-08,SRR22327786
CA,2022-08,SRR21305583
CA,2022-08,SRR22333447
CA,2022-08,SRR21211195
CA,2022-08,SRR22330360
CA,2022-08,SRR22330357
CA,2022-08,SRR22334575
CA,2022-09,SRR22342748
CA,2022-09,SRR21692235
CA,2022-09,SRR21612087
CA,2022-09,SRR22343886
CA,2022-09,SRR21791929
CA,2022-09,SRR21791321
CA,2022-09,SRR21760076
CA,2022-09,SRR21692806
CA,2022-09,SRR22343814
CA,2022-09,SRR21692094
CA,2022-09,SRR22343200
CA,2022-09,SRR22343884
CA,2022-09,SRR22346159
CA,2022-09,SRR22342450
CA,2022-09,SRR21691780
CA,2022-09,SRR22342635
CA,2022-09,SRR22291846
CA,2022-09,SRR21612296
CA,2022-09,SRR21612232
CA,2022-09,SRR21691913
CA,2022-09,SRR21759987
CA,2022-09,SRR21777263
CA,2022-09,SRR22341646
CA,2022-09,SRR22342660
CA,2022-09,SRR21612149
CA,2022-09,SRR22342466
CA,2022-09,SRR21716655
CA,2022-09,SRR22343749
CA,2022-09,SRR22342942
CA,2022-09,SRR22343329
CA,2022-09,SRR23781889
CA,2022-09,SRR22291835
CA,2022-09,SRR21760006
CA,2022-09,SRR22340832
CA,2022-09,SRR22342634
CA,2022-09,SRR21792196
CA,2022-09,SRR22345349
CA,2022-09,SRR22345686
CA,2022-09,SRR21611355
CA,2022-09,SRR22345071
CA,2022-09,SRR22345344
CA,2022-09,SRR21693357
CA,2022-09,SRR22343318
CA,2022-09,SRR23781881
CA,2022-09,SRR21867873
CA,2022-09,SRR22348130
CA,2022-09,SRR21693235
CA,2022-09,SRR21759924
CA,2022-09,SRR22345076
CA,2022-09,SRR21867700
CA,2022-09,SRR23781941
CA,2022-09,SRR21691895
CA,2022-09,SRR22291614
CA,2022-09,SRR21691966
CA,2022-09,SRR22291170
CA,2022-09,SRR22345553
CA,2022-09,SRR21868260
CA,2022-09,SRR22342662
CA,2022-09,SRR21791638
CA,2022-09,SRR22345345
CA,2022-09,SRR21612780
CA,2022-09,SRR22343767
CA,2022-09,SRR22340843
CA,2022-09,SRR22341825
CA,2022-09,SRR21692518
CA,2022-09,SRR22291504
CA,2022-09,SRR21631810
CA,2022-09,SRR22342457
CA,2022-09,SRR21810540
CA,2022-09,SRR22345467
CA,2022-09,SRR22342733
CA,2022-09,SRR22342721
CA,2022-09,SRR22346141
CA,2022-09,SRR22345659
CA,2022-09,SRR22291176
CA,2022-09,SRR22342489
CA,2022-09,SRR21694074
CA,2022-09,SRR22343333
CA,2022-09,SRR21631548
CA,2022-09,SRR21613051
CA,2022-09,SRR22343174
CA,2022-09,SRR21760167
CA,2022-09,SRR22345208
CA,2022-09,SRR21797372
CA,2022-09,SRR21631830
CA,2022-09,SRR22345624
CA,2022-09,SRR23781801
CA,2022-09,SRR22345677
CA,2022-09,SRR21692087
CA,2022-09,SRR22348091
CA,2022-09,SRR22348106
CA,2022-09,SRR22340837
CA,2022-09,SRR22342743
CA,2022-09,SRR22345474
CA,2022-09,SRR22291187
CA,2022-09,SRR21693440
CA,2022-09,SRR22291280
CA,2022-09,SRR22291147
CA,2022-09,SRR21759550
CA,2022-09,SRR22343187
CA,2022-09,SRR21791765
CA,2022-09,SRR22348165
CA,2022-09,SRR22343294
CA,2022-09,SRR22342935
CA,2022-09,SRR21631606
CA,2022-09,SRR22342667
CA,2022-09,SRR22346144
CA,2022-09,SRR21693571
CA,2022-09,SRR22341822
CA,2022-09,SRR22343766
CA,2022-09,SRR23781986
CA,2022-09,SRR21693451
CA,2022-09,SRR22340846
CA,2022-09,SRR22291613
CA,2022-09,SRR21791856
CA,2022-09,SRR22342749
CA,2022-09,SRR22343302
CA,2022-09,SRR22342462
CA,2022-09,SRR21759990
CA,2022-09,SRR22343296
CA,2022-09,SRR21867243
CA,2022-09,SRR22345531
CA,2022-09,SRR22345084
CA,2022-09,SRR22345216
CA,2022-09,SRR21613310
CA,2022-09,SRR21777184
CA,2022-09,SRR22345456
CA,2022-09,SRR23781869
CA,2022-09,SRR22345343
CA,2022-09,SRR21866953
CA,2022-09,SRR22291688
CA,2022-09,SRR21791771
CA,2022-09,SRR21613517
CA,2022-09,SRR21759700
CA,2022-09,SRR22342472
CA,2022-09,SRR22343752
CA,2022-09,SRR21866948
CA,2022-09,SRR21759750
CA,2022-09,SRR22342966
CA,2022-09,SRR22341639
CA,2022-09,SRR22291679
CA,2022-09,SRR22342926
CA,2022-09,SRR22340842
CA,2022-09,SRR21692904
CA,2022-09,SRR21791738
CA,2022-09,SRR23781974
CA,2022-09,SRR21791375
CA,2022-09,SRR22343890
CA,2022-09,SRR23781789
CA,2022-09,SRR22341827
CA,2022-09,SRR21791628
CA,2022-09,SRR22345017
CA,2022-09,SRR22342629
CA,2022-09,SRR22291862
CA,2022-09,SRR22342628
CA,2022-09,SRR22291683
CA,2022-09,SRR22347919
CA,2022-09,SRR22345656
CA,2022-09,SRR21692765
CA,2022-09,SRR22341650
CA,2022-09,SRR22341461
CA,2022-09,SRR21691853
CA,2022-09,SRR22345065
CA,2022-09,SRR21613075
CA,2022-09,SRR21692233
CA,2022-09,SRR21693116
CA,2022-09,SRR22342732
CA,2022-09,SRR22348116
CA,2022-09,SRR22345320
CA,2022-09,SRR22343209
CA,2022-09,SRR22348111
CA,2022-09,SRR22342654
CA,2022-09,SRR21613452
CA,2022-09,SRR22291641
CA,2022-09,SRR22291615
CA,2022-09,SRR22348129
CA,2022-09,SRR22341424
CA,2022-09,SRR22341817
CA,2022-09,SRR21791489
CA,2022-09,SRR22342458
CA,2022-09,SRR21611598
CA,2022-09,SRR22345438
CA,2022-09,SRR22343755
CA,2022-09,SRR21692283
CA,2022-09,SRR22343292
CA,2022-09,SRR22347960
CA,2022-09,SRR22345023
CA,2022-09,SRR22346121
CA,2022-09,SRR22345086
CA,2022-09,SRR22342750
CA,2022-09,SRR22348107
CA,2022-09,SRR23782072
CA,2022-09,SRR22347947
CA,2022-09,SRR22291875
CA,2022-09,SRR21693314
CA,2022-09,SRR22346146
CA,2022-09,SRR21611125
CA,2022-09,SRR22343756
CA,2022-09,SRR22343753
CA,2022-09,SRR22347940
CA,2022-10,SRR23723796
CA,2022-10,SRR22116221
CA,2022-10,SRR21947329
CA,2022-10,SRR23724050
CA,2022-10,SRR22296212
CA,2022-10,SRR22294066
CA,2022-10,SRR22291600
CA,2022-10,SRR22237494
CA,2022-10,SRR23724039
CA,2022-10,SRR22115969
CA,2022-10,SRR23723893
CA,2022-10,SRR23724047
CA,2022-10,SRR23894811
CA,2022-10,SRR23723559
CA,2022-10,SRR22073565
CA,2022-10,SRR23723666
CA,2022-10,SRR23646763
CA,2022-10,SRR21976511
CA,2022-10,SRR21976505
CA,2022-10,SRR22074662
CA,2022-10,SRR22291594
CA,2022-10,SRR22291755
CA,2022-10,SRR23720147
CA,2022-10,SRR23723694
CA,2022-10,SRR21947335
CA,2022-10,SRR23723593
CA,2022-10,SRR22291395
CA,2022-10,SRR23723999
CA,2022-10,SRR23723823
CA,2022-10,SRR23723964
CA,2022-10,SRR24207347
CA,2022-10,SRR23646735
CA,2022-10,SRR22291597
CA,2022-10,SRR23647036
CA,2022-10,SRR23723662
CA,2022-10,SRR22296306
CA,2022-10,SRR23781746
CA,2022-10,SRR23782031
CA,2022-10,SRR21946794
CA,2022-10,SRR23724091
CA,2022-10,SRR23724219
CA,2022-10,SRR22237887
CA,2022-10,SRR23723953
CA,2022-10,SRR24207320
CA,2022-10,SRR23643944
CA,2022-10,SRR24206611
CA,2022-10,SRR22237880
CA,2022-10,SRR22291591
CA,2022-10,SRR23724101
CA,2022-10,SRR23643734
CA,2022-10,SRR24208029
CA,2022-10,SRR22074575
CA,2022-10,SRR23644762
CA,2022-10,SRR22115925
CA,2022-10,SRR23644237
CA,2022-10,SRR23781915
CA,2022-10,SRR23643978
CA,2022-10,SRR23723702
CA,2022-10,SRR22295955
CA,2022-10,SRR23781744
CA,2022-10,SRR22037139
CA,2022-10,SRR23724028
CA,2022-10,SRR23647252
CA,2022-10,SRR23723528
CA,2022-10,SRR22116316
CA,2022-10,SRR23644745
CA,2022-10,SRR22037808
CA,2022-10,SRR23723574
CA,2022-10,SRR22344049
CA,2022-10,SRR23781784
CA,2022-10,SRR23723764
CA,2022-10,SRR23723746
CA,2022-10,SRR23782058
CA,2022-10,SRR23781950
CA,2022-10,SRR23644426
CA,2022-10,SRR23723630
CA,2022-10,SRR22291114
CA,2022-10,SRR23723967
CA,2022-10,SRR22037674
CA,2022-10,SRR22037141
CA,2022-10,SRR23723861
CA,2022-10,SRR22291750
CA,2022-10,SRR23724131
CA,2022-10,SRR22314523
CA,2022-10,SRR22037933
CA,2022-10,SRR23781933
CA,2022-10,SRR24207289
CA,2022-10,SRR23782028
CA,2022-10,SRR22115951
CA,2022-10,SRR23895535
CA,2022-10,SRR23895626
CA,2022-10,SRR23647196
CA,2022-10,SRR23723787
CA,2022-10,SRR23781821
CA,2022-10,SRR23644454
CA,2022-10,SRR22237893
CA,2022-10,SRR23644482
CA,2022-10,SRR23644217
CA,2022-10,SRR22291432
CA,2022-10,SRR23723884
CA,2022-10,SRR22296074
CA,2022-10,SRR24206668
CA,2022-10,SRR23723913
CA,2022-10,SRR23723817
CA,2022-10,SRR22037680
CA,2022-10,SRR23723711
CA,2022-10,SRR23782059
CA,2022-10,SRR22239486
CA,2022-10,SRR23723514
CA,2022-10,SRR23724021
CA,2022-10,SRR24208049
CA,2022-10,SRR22237895
CA,2022-10,SRR23647280
CA,2022-10,SRR23644751
CA,2022-10,SRR22296179
CA,2022-10,SRR23723797
CA,2022-10,SRR23723921
CA,2022-10,SRR23723582
CA,2022-10,SRR22291596
CA,2022-10,SRR23723918
CA,2022-10,SRR23245759
CA,2022-10,SRR23781837
CA,2022-10,SRR23724113
CA,2022-10,SRR23724138
CA,2022-10,SRR22037402
CA,2022-10,SRR22291751
CA,2022-10,SRR23781764
CA,2022-10,SRR24207314
CA,2022-10,SRR23724213
CA,2022-10,SRR22382718
CA,2022-10,SRR23645335
CA,2022-10,SRR22296097
CA,2022-10,SRR22037643
CA,2022-10,SRR22291587
CA,2022-10,SRR23723602
CA,2022-10,SRR23724002
CA,2022-10,SRR22382717
CA,2022-10,SRR22291588
CA,2022-10,SRR23723833
CA,2022-10,SRR23676792
CA,2022-10,SRR23645167
CA,2022-10,SRR23723802
CA,2022-10,SRR23647241
CA,2022-10,SRR22237576
CA,2022-10,SRR22295957
CA,2022-10,SRR24208035
CA,2022-10,SRR22294541
CA,2022-10,SRR23724057
CA,2022-10,SRR24207276
CA,2022-10,SRR23723539
CA,2022-10,SRR22295951
CA,2022-10,SRR23724060
CA,2022-10,SRR23723651
CA,2022-10,SRR23646828
CA,2022-10,SRR23723650
CA,2022-10,SRR23645323
CA,2022-10,SRR23895068
CA,2022-10,SRR23781948
CA,2022-10,SRR22117397
CA,2022-10,SRR23720535
CA,2022-10,SRR23647570
CA,2022-10,SRR22074297
CA,2022-10,SRR23724082
CA,2022-10,SRR22037149
CA,2022-10,SRR22116210
CA,2022-10,SRR22237829
CA,2022-10,SRR23723763
CA,2022-10,SRR24206151
CA,2022-10,SRR23724177
CA,2022-10,SRR23723907
CA,2022-10,SRR24206119
CA,2022-10,SRR23723684
CA,2022-10,SRR22037639
CA,2022-10,SRR23644849
CA,2022-10,SRR23644767
CA,2022-10,SRR24206175
CA,2022-10,SRR23647312
CA,2022-10,SRR23723498
CA,2022-10,SRR22294557
CA,2022-10,SRR23723576
CA,2022-10,SRR21947083
CA,2022-10,SRR23781748
CA,2022-10,SRR23724007
CA,2022-10,SRR22116245
CA,2022-10,SRR23723911
CA,2022-10,SRR23895399
CA,2022-10,SRR23724069
CA,2022-10,SRR23782046
CA,2022-10,SRR23724118
CA,2022-10,SRR23723798
CA,2022-10,SRR24206111
CA,2022-10,SRR24208211
CA,2022-10,SRR23895301
CA,2022-10,SRR23646934
CA,2022-10,SRR22237884
CA,2022-10,SRR23782060
CA,2022-10,SRR21946763
CA,2022-10,SRR23724009
CA,2022-10,SRR23724004
CA,2022-10,SRR23895122
CA,2022-11,SRR23647484
CA,2022-11,SRR23644160
CA,2022-11,SRR22454731
CA,2022-11,SRR23720228
CA,2022-11,SRR23645022
CA,2022-11,SRR23644971
CA,2022-11,SRR23644765
CA,2022-11,SRR23644315
CA,2022-11,SRR23720066
CA,2022-11,SRR23643963
CA,2022-11,SRR23647530
CA,2022-11,SRR23720202
CA,2022-11,SRR23901160
CA,2022-11,SRR23647094
CA,2022-11,SRR23643911
CA,2022-11,SRR23647266
CA,2022-11,SRR23646740
CA,2022-11,SRR22539890
CA,2022-11,SRR22538582
CA,2022-11,SRR23643928
CA,2022-11,SRR23644758
CA,2022-11,SRR23644957
CA,2022-11,SRR23646986
CA,2022-11,SRR23647281
CA,2022-11,SRR22472494
CA,2022-11,SRR23647229
CA,2022-11,SRR23644727
CA,2022-11,SRR23676762
CA,2022-11,SRR23647497
CA,2022-11,SRR23647562
CA,2022-11,SRR24134340
CA,2022-11,SRR23646736
CA,2022-11,SRR23644761
CA,2022-11,SRR23646773
CA,2022-11,SRR23647265
CA,2022-11,SRR23645026
CA,2022-11,SRR23723855
CA,2022-11,SRR23901124
CA,2022-11,SRR22343968
CA,2022-11,SRR23720512
CA,2022-11,SRR23723656
CA,2022-11,SRR23644449
CA,2022-11,SRR23647557
CA,2022-11,SRR23901378
CA,2022-11,SRR23645329
CA,2022-11,SRR23901321
CA,2022-11,SRR23644430
CA,2022-11,SRR23644755
CA,2022-11,SRR23720520
CA,2022-11,SRR23645320
CA,2022-11,SRR24208021
CA,2022-11,SRR23643924
CA,2022-11,SRR23645558
CA,2022-11,SRR23643942
CA,2022-11,SRR23645452
CA,2022-11,SRR23900977
CA,2022-11,SRR23645336
CA,2022-11,SRR23647283
CA,2022-11,SRR23645006
CA,2022-11,SRR23723785
CA,2022-11,SRR22865907
CA,2022-11,SRR23676844
CA,2022-11,SRR23646785
CA,2022-11,SRR23647029
CA,2022-11,SRR23644186
CA,2022-11,SRR23645553
CA,2022-11,SRR23643771
CA,2022-11,SRR23647189
CA,2022-11,SRR23645257
CA,2022-11,SRR23770550
CA,2022-11,SRR23647465
CA,2022-11,SRR23647302
CA,2022-11,SRR23901147
CA,2022-11,SRR23901052
CA,2022-11,SRR23645511
CA,2022-11,SRR23647249
CA,2022-11,SRR23644716
CA,2022-11,SRR23647566
CA,2022-11,SRR23643685
CA,2022-11,SRR22865946
CA,2022-11,SRR23647511
CA,2022-11,SRR23644871
CA,2022-11,SRR23720557
CA,2022-11,SRR23645253
CA,2022-11,SRR23643859
CA,2022-11,SRR23901025
CA,2022-11,SRR23901369
CA,2022-11,SRR23901108
CA,2022-11,SRR23643953
CA,2022-11,SRR23901254
CA,2022-11,SRR23901273
CA,2022-11,SRR23646778
CA,2022-11,SRR23647480
CA,2022-11,SRR23770641
CA,2022-11,SRR23645530
CA,2022-11,SRR23644481
CA,2022-11,SRR23645539
CA,2022-11,SRR23645361
CA,2022-11,SRR23644743
CA,2022-11,SRR23647524
CA,2022-11,SRR23645011
CA,2022-11,SRR23901337
CA,2022-11,SRR23647538
CA,2022-11,SRR23647495
CA,2022-11,SRR23643695
CA,2022-11,SRR23647291
CA,2022-11,SRR23901149
CA,2022-11,SRR23644684
CA,2022-11,SRR23647026
CA,2022-11,SRR23676843
CA,2022-11,SRR24208058
CA,2022-11,SRR23644613
CA,2022-11,SRR23646813
CA,2022-11,SRR23645557
CA,2022-11,SRR23645014
CA,2022-11,SRR23647485
CA,2022-11,SRR23647544
CA,2022-11,SRR23647225
CA,2022-11,SRR23644759
CA,2022-11,SRR23647540
CA,2022-11,SRR23645298
CA,2022-11,SRR23900970
CA,2022-11,SRR23720539
CA,2022-11,SRR23720565
CA,2022-11,SRR23642911
CA,2022-11,SRR23644900
CA,2022-11,SRR23770533
CA,2022-11,SRR23901377
CA,2022-11,SRR23723649
CA,2022-11,SRR23645288
CA,2022-11,SRR23646709
CA,2022-11,SRR23645012
CA,2022-11,SRR23643651
CA,2022-11,SRR23644748
CA,2022-11,SRR23647235
CA,2022-11,SRR23676764
CA,2022-11,SRR23645287
CA,2022-11,SRR23644749
CA,2022-11,SRR23647505
CA,2022-11,SRR23646980
CA,2022-11,SRR23646601
CA,2022-11,SRR23647490
CA,2022-11,SRR23646784
CA,2022-11,SRR23644368
CA,2022-11,SRR23645008
CA,2022-11,SRR24208040
CA,2022-11,SRR23644973
CA,2022-11,SRR23720350
CA,2022-11,SRR23901356
CA,2022-11,SRR23647031
CA,2022-11,SRR23645005
CA,2022-11,SRR23720423
CA,2022-11,SRR23647259
CA,2022-11,SRR23646747
CA,2022-11,SRR23647258
CA,2022-11,SRR23646657
CA,2022-11,SRR23901198
CA,2022-11,SRR23901049
CA,2022-11,SRR23644281
CA,2022-11,SRR23646990
CA,2022-11,SRR23646973
CA,2022-11,SRR23643922
CA,2022-11,SRR23720505
CA,2022-11,SRR22865986
CA,2022-11,SRR23644158
CA,2022-11,SRR23644416
CA,2022-11,SRR23647389
CA,2022-11,SRR23901295
CA,2022-11,SRR23720629
CA,2022-11,SRR23647535
CA,2022-11,SRR23901281
CA,2022-11,SRR23647274
CA,2022-11,SRR23643649
CA,2022-11,SRR23645567
CA,2022-11,SRR23645559
CA,2022-11,SRR23901319
CA,2022-11,SRR23646943
CA,2022-11,SRR23647019
CA,2022-11,SRR23644983
CA,2022-11,SRR23647206
CA,2022-11,SRR22365431
CA,2022-11,SRR23724030
CA,2022-11,SRR23676767
CA,2022-11,SRR23644166
CA,2022-11,SRR23647537
CA,2022-11,SRR23901227
CA,2022-11,SRR23720491
CA,2022-11,SRR23901134
CA,2022-11,SRR23720540
CA,2022-11,SRR23647487
CA,2022-11,SRR23901277
CA,2022-11,SRR24208068
CA,2022-11,SRR23901211
CA,2022-11,SRR23646755
CA,2022-11,SRR23644434
CA,2022-11,SRR23901151
CA,2022-11,SRR22326701
CA,2022-11,SRR23676768
CA,2022-11,SRR23676765
CA,2022-11,SRR23901206
CA,2022-12,SRR23647358
CA,2022-12,SRR23644842
CA,2022-12,SRR23643832
CA,2022-12,SRR23894821
CA,2022-12,SRR23645486
CA,2022-12,SRR23645399
CA,2022-12,SRR23645227
CA,2022-12,SRR23644904
CA,2022-12,SRR23720487
CA,2022-12,SRR23644821
CA,2022-12,SRR23647415
CA,2022-12,SRR23894774
CA,2022-12,SRR23901167
CA,2022-12,SRR23647136
CA,2022-12,SRR23644674
CA,2022-12,SRR23647199
CA,2022-12,SRR23646868
CA,2022-12,SRR23643884
CA,2022-12,SRR23643873
CA,2022-12,SRR23644788
CA,2022-12,SRR23645219
CA,2022-12,SRR23645367
CA,2022-12,SRR23647085
CA,2022-12,SRR23647215
CA,2022-12,SRR23643866
CA,2022-12,SRR23647159
CA,2022-12,SRR23645166
CA,2022-12,SRR23647472
CA,2022-12,SRR23647373
CA,2022-12,SRR23647448
CA,2022-12,SRR23901354
CA,2022-12,SRR23646864
CA,2022-12,SRR23645221
CA,2022-12,SRR23646904
CA,2022-12,SRR23647198
CA,2022-12,SRR23645490
CA,2022-12,SRR23900988
CA,2022-12,SRR23901092
CA,2022-12,SRR23643562
CA,2022-12,SRR23895115
CA,2022-12,SRR23900983
CA,2022-12,SRR23645094
CA,2022-12,SRR23647441
CA,2022-12,SRR23901347
CA,2022-12,SRR23646653
CA,2022-12,SRR23901307
CA,2022-12,SRR23644953
CA,2022-12,SRR23645205
CA,2022-12,SRR23895173
CA,2022-12,SRR23646647
CA,2022-12,SRR23901372
CA,2022-12,SRR23644787
CA,2022-12,SRR23646710
CA,2022-12,SRR23644800
CA,2022-12,SRR23646680
CA,2022-12,SRR23901068
CA,2022-12,SRR23646661
CA,2022-12,SRR23647217
CA,2022-12,SRR23645466
CA,2022-12,SRR23900985
CA,2022-12,SRR23644132
CA,2022-12,SRR23676837
CA,2022-12,SRR23646918
CA,2022-12,SRR23647126
CA,2022-12,SRR23644866
CA,2022-12,SRR23646707
CA,2022-12,SRR23644654
CA,2022-12,SRR23647146
CA,2022-12,SRR23645528
CA,2022-12,SRR23901029
CA,2022-12,SRR23647346
CA,2022-12,SRR23647331
CA,2022-12,SRR23901135
CA,2022-12,SRR23901084
CA,2022-12,SRR23646684
CA,2022-12,SRR23647183
CA,2022-12,SRR23645152
CA,2022-12,SRR23647453
CA,2022-12,SRR23644638
CA,2022-12,SRR23644276
CA,2022-12,SRR23647394
CA,2022-12,SRR23645236
CA,2022-12,SRR23895410
CA,2022-12,SRR23645517
CA,2022-12,SRR23644655
CA,2022-12,SRR23901077
CA,2022-12,SRR23901335
CA,2022-12,SRR23901089
CA,2022-12,SRR23644820
CA,2022-12,SRR23901263
CA,2022-12,SRR23901287
CA,2022-12,SRR23646910
CA,2022-12,SRR23647354
CA,2022-12,SRR23901034
CA,2022-12,SRR23646690
CA,2022-12,SRR23645102
CA,2022-12,SRR23646697
CA,2022-12,SRR23646674
CA,2022-12,SRR23645193
CA,2022-12,SRR23647405
CA,2022-12,SRR23645471
CA,2022-12,SRR23901317
CA,2022-12,SRR23647424
CA,2022-12,SRR23647370
CA,2022-12,SRR23644640
CA,2022-12,SRR23647320
CA,2022-12,SRR23901140
CA,2022-12,SRR23645118
CA,2022-12,SRR23647123
CA,2022-12,SRR23676836
CA,2022-12,SRR24134293
CA,2022-12,SRR23645103
CA,2022-12,SRR23646921
CA,2022-12,SRR23646708
CA,2022-12,SRR23645474
CA,2022-12,SRR23647359
CA,2022-12,SRR23647429
CA,2022-12,SRR23647154
CA,2022-12,SRR23645220
CA,2022-12,SRR23647426
CA,2022-12,SRR23646628
CA,2022-12,SRR23901063
CA,2022-12,SRR23895360
CA,2022-12,SRR23895516
CA,2022-12,SRR23644386
CA,2022-12,SRR23645239
CA,2022-12,SRR23901009
CA,2022-12,SRR23901345
CA,2022-12,SRR23900981
CA,2022-12,SRR23646616
CA,2022-12,SRR23646841
CA,2022-12,SRR23645472
CA,2022-12,SRR23644633
CA,2022-12,SRR23645195
CA,2022-12,SRR23647168
CA,2022-12,SRR23647474
CA,2022-12,SRR23646614
CA,2022-12,SRR23645197
CA,2022-12,SRR23647384
CA,2022-12,SRR23647078
CA,2022-12,SRR23646834
CA,2022-12,SRR23647364
CA,2022-12,SRR23646917
CA,2022-12,SRR23644913
CA,2022-12,SRR23645467
CA,2022-12,SRR23901375
CA,2022-12,SRR23645403
CA,2022-12,SRR23894879
CA,2022-12,SRR23901325
CA,2022-12,SRR23647128
CA,2022-12,SRR23645465
CA,2022-12,SRR23894889
CA,2022-12,SRR23647191
CA,2022-12,SRR23646877
CA,2022-12,SRR23647190
CA,2022-12,SRR23646838
CA,2022-12,SRR23901196
CA,2022-12,SRR23901083
CA,2022-12,SRR23644898
CA,2022-12,SRR23647091
CA,2022-12,SRR23647070
CA,2022-12,SRR23644784
CA,2022-12,SRR23895076
CA,2022-12,SRR23644312
CA,2022-12,SRR23644839
CA,2022-12,SRR23644947
CA,2022-12,SRR23647343
CA,2022-12,SRR23901297
CA,2022-12,SRR23900945
CA,2022-12,SRR23647421
CA,2022-12,SRR23901293
CA,2022-12,SRR23647207
CA,2022-12,SRR23644631
CA,2022-12,SRR23646822
CA,2022-12,SRR23646711
CA,2022-12,SRR23901306
CA,2022-12,SRR23646928
CA,2022-12,SRR23647117
CA,2022-12,SRR23645418
CA,2022-12,SRR23647147
CA,2022-12,SRR23643604
CA,2022-12,SRR23900991
CA,2022-12,SRR23676780
CA,2022-12,SRR23644850
CA,2022-12,SRR23647423
CA,2022-12,SRR23901231
CA,2022-12,SRR23894993
CA,2022-12,SRR23901110
CA,2022-12,SRR23895379
CA,2022-12,SRR23647362
CA,2022-12,SRR23901289
CA,2022-12,SRR24134328
CA,2022-12,SRR23901219
CA,2022-12,SRR23646886
CA,2022-12,SRR23645088
CA,2022-12,SRR23901142
CA,2022-12,SRR23643547
CA,2022-12,SRR23676797
CA,2022-12,SRR23647475
CA,2022-12,SRR23901218
CA,2023-01,SRR23929345
CA,2023-01,SRR23122776
CA,2023-01,SRR23122156
CA,2023-01,SRR25097581
CA,2023-01,SRR23143579
CA,2023-01,SRR23124672
CA,2023-01,SRR23124372
CA,2023-01,SRR23123032
CA,2023-01,SRR25097574
CA,2023-01,SRR23122701
CA,2023-01,SRR25097490
CA,2023-01,SRR25097580
CA,2023-01,SRR25446565
CA,2023-01,SRR23782364
CA,2023-01,SRR23122576
CA,2023-01,SRR23782742
CA,2023-01,SRR23299831
CA,2023-01,SRR23122199
CA,2023-01,SRR23122189
CA,2023-01,SRR23122614
CA,2023-01,SRR23124342
CA,2023-01,SRR23124457
CA,2023-01,SRR23646795
CA,2023-01,SRR23782828
CA,2023-01,SRR23122171
CA,2023-01,SRR23782476
CA,2023-01,SRR23124099
CA,2023-01,SRR25097545
CA,2023-01,SRR23929408
CA,2023-01,SRR25097525
CA,2023-01,SRR26484376
CA,2023-01,SRR23299822
CA,2023-01,SRR23124357
CA,2023-01,SRR23312992
CA,2023-01,SRR23782741
CA,2023-01,SRR23143591
CA,2023-01,SRR25446339
CA,2023-01,SRR25446488
CA,2023-01,SRR23121991
CA,2023-01,SRR25097605
CA,2023-01,SRR25446328
CA,2023-01,SRR23123661
CA,2023-01,SRR25097520
CA,2023-01,SRR26484369
CA,2023-01,SRR23238539
CA,2023-01,SRR25446720
CA,2023-01,SRR23123206
CA,2023-01,SRR23124303
CA,2023-01,SRR25097610
CA,2023-01,SRR23238532
CA,2023-01,SRR26484467
CA,2023-01,SRR23122607
CA,2023-01,SRR23238722
CA,2023-01,SRR23122660
CA,2023-01,SRR23238623
CA,2023-01,SRR25446428
CA,2023-01,SRR23238546
CA,2023-01,SRR23782838
CA,2023-01,SRR23143520
CA,2023-01,SRR25446330
CA,2023-01,SRR23122266
CA,2023-01,SRR25097565
CA,2023-01,SRR23360041
CA,2023-01,SRR23647315
CA,2023-01,SRR23122889
CA,2023-01,SRR23238713
CA,2023-01,SRR23122531
CA,2023-01,SRR23782411
CA,2023-01,SRR23143700
CA,2023-01,SRR25446381
CA,2023-01,SRR23895481
CA,2023-01,SRR23895048
CA,2023-01,SRR25446550
CA,2023-01,SRR25446454
CA,2023-01,SRR23238645
CA,2023-01,SRR23782668
CA,2023-01,SRR23124069
CA,2023-01,SRR25097530
CA,2023-01,SRR23122461
CA,2023-01,SRR23122271
CA,2023-01,SRR23929480
CA,2023-01,SRR23124422
CA,2023-01,SRR25097625
CA,2023-01,SRR23143669
CA,2023-01,SRR23122533
CA,2023-01,SRR25446443
CA,2023-01,SRR25633836
CA,2023-01,SRR25446461
CA,2023-01,SRR23122688
CA,2023-01,SRR25446667
CA,2023-01,SRR25446682
CA,2023-01,SRR23358087
CA,2023-01,SRR23929330
CA,2023-01,SRR25446402
CA,2023-01,SRR23238654
CA,2023-01,SRR23123706
CA,2023-01,SRR23238686
CA,2023-01,SRR23238602
CA,2023-01,SRR23124253
CA,2023-01,SRR23929535
CA,2023-01,SRR23143535
CA,2023-01,SRR25446734
CA,2023-01,SRR25097498
CA,2023-01,SRR23929394
CA,2023-01,SRR23122472
CA,2023-01,SRR23894788
CA,2023-01,SRR25446551
CA,2023-01,SRR23123814
CA,2023-01,SRR23647310
CA,2023-01,SRR25097562
CA,2023-01,SRR26484699
CA,2023-01,SRR23123708
CA,2023-01,SRR23425000
CA,2023-01,SRR23238718
CA,2023-01,SRR23143546
CA,2023-01,SRR23929346
CA,2023-01,SRR25097508
CA,2023-01,SRR23782449
CA,2023-01,SRR23124343
CA,2023-01,SRR25097505
CA,2023-01,SRR23190316
CA,2023-01,SRR25446422
CA,2023-01,SRR25097619
CA,2023-01,SRR25097631
CA,2023-01,SRR23122355
CA,2023-01,SRR23124426
CA,2023-01,SRR25446368
CA,2023-01,SRR26484365
CA,2023-01,SRR25446326
CA,2023-01,SRR23190293
CA,2023-01,SRR23258268
CA,2023-01,SRR23143537
CA,2023-01,SRR23122399
CA,2023-01,SRR23124285
CA,2023-01,SRR23782553
CA,2023-01,SRR25097547
CA,2023-01,SRR23190292
CA,2023-01,SRR23124288
CA,2023-01,SRR23929443
CA,2023-01,SRR23646588
CA,2023-01,SRR23258224
CA,2023-01,SRR23929371
CA,2023-01,SRR23360013
CA,2023-01,SRR23123049
CA,2023-01,SRR23143527
CA,2023-01,SRR26484650
CA,2023-01,SRR23124691
CA,2023-01,SRR25097584
CA,2023-01,SRR25632198
CA,2023-01,SRR23782308
CA,2023-01,SRR23143518
CA,2023-01,SRR25097586
CA,2023-01,SRR23782731
CA,2023-01,SRR23299849
CA,2023-01,SRR23782728
CA,2023-01,SRR23258244
CA,2023-01,SRR25446604
CA,2023-01,SRR25446453
CA,2023-01,SRR23123030
CA,2023-01,SRR23646805
CA,2023-01,SRR23646574
CA,2023-01,SRR23122600
CA,2023-01,SRR25097599
CA,2023-01,SRR23122299
CA,2023-01,SRR23122772
CA,2023-01,SRR23123193
CA,2023-01,SRR23895371
CA,2023-01,SRR25446709
CA,2023-01,SRR25446285
CA,2023-01,SRR25097495
CA,2023-01,SRR25446703
CA,2023-01,SRR23782787
CA,2023-01,SRR23122393
CA,2023-01,SRR23238736
CA,2023-01,SRR23238724
CA,2023-01,SRR25446718
CA,2023-01,SRR23451053
CA,2023-01,SRR23647062
CA,2023-01,SRR23124759
CA,2023-01,SRR23782427
CA,2023-01,SRR23122009
CA,2023-01,SRR25446341
CA,2023-01,SRR25097551
CA,2023-01,SRR23122810
CA,2023-01,SRR25097497
CA,2023-01,SRR25446645
CA,2023-01,SRR25097591
CA,2023-01,SRR25446525
CA,2023-01,SRR25097620
CA,2023-01,SRR23929350
CA,2023-01,SRR25446701
CA,2023-01,SRR26484727
CA,2023-01,SRR25446618
CA,2023-01,SRR23299882
CA,2023-01,SRR23123620
CA,2023-01,SRR25446554
CA,2023-01,SRR23121965
CA,2023-01,SRR25097553
CA,2023-01,SRR25097548
CA,2023-01,SRR25446617
CA,2023-02,SRR23758361
CA,2023-02,SRR23608769
CA,2023-02,SRR23530675
CA,2023-02,SRR25631148
CA,2023-02,SRR23708164
CA,2023-02,SRR23708113
CA,2023-02,SRR23707972
CA,2023-02,SRR23608799
CA,2023-02,SRR25631143
CA,2023-02,SRR23608759
CA,2023-02,SRR23896437
CA,2023-02,SRR25631147
CA,2023-02,SRR25633480
CA,2023-02,SRR23713611
CA,2023-02,SRR23608532
CA,2023-02,SRR23757472
CA,2023-02,SRR23709504
CA,2023-02,SRR23530735
CA,2023-02,SRR23530708
CA,2023-02,SRR23608538
CA,2023-02,SRR23707850
CA,2023-02,SRR23707988
CA,2023-02,SRR23711466
CA,2023-02,SRR23757488
CA,2023-02,SRR23530684
CA,2023-02,SRR23713632
CA,2023-02,SRR23707627
CA,2023-02,SRR23898566
CA,2023-02,SRR23758382
CA,2023-02,SRR23898347
CA,2023-02,SRR25633730
CA,2023-02,SRR23709495
CA,2023-02,SRR23707967
CA,2023-02,SRR23710227
CA,2023-02,SRR23757471
CA,2023-02,SRR23708171
CA,2023-02,SRR25631623
CA,2023-02,SRR25633007
CA,2023-02,SRR23451161
CA,2023-02,SRR25631179
CA,2023-02,SRR25631603
CA,2023-02,SRR23608889
CA,2023-02,SRR23897982
CA,2023-02,SRR25633726
CA,2023-02,SRR23708576
CA,2023-02,SRR25633596
CA,2023-02,SRR23608883
CA,2023-02,SRR23707843
CA,2023-02,SRR25631190
CA,2023-02,SRR23708570
CA,2023-02,SRR25633742
CA,2023-02,SRR23608537
CA,2023-02,SRR23708971
CA,2023-02,SRR23608542
CA,2023-02,SRR23708925
CA,2023-02,SRR25632971
CA,2023-02,SRR23708582
CA,2023-02,SRR23757491
CA,2023-02,SRR23708142
CA,2023-02,SRR25631616
CA,2023-02,SRR23530905
CA,2023-02,SRR25631136
CA,2023-02,SRR23710251
CA,2023-02,SRR23713589
CA,2023-02,SRR23608783
CA,2023-02,SRR23708968
CA,2023-02,SRR23608318
CA,2023-02,SRR23713620
CA,2023-02,SRR23708357
CA,2023-02,SRR25632947
CA,2023-02,SRR23758182
CA,2023-02,SRR23757874
CA,2023-02,SRR25633064
CA,2023-02,SRR25632990
CA,2023-02,SRR23708934
CA,2023-02,SRR23714146
CA,2023-02,SRR23707620
CA,2023-02,SRR23898352
CA,2023-02,SRR23608306
CA,2023-02,SRR23530926
CA,2023-02,SRR23895911
CA,2023-02,SRR23707979
CA,2023-02,SRR25631528
CA,2023-02,SRR23708349
CA,2023-02,SRR23608520
CA,2023-02,SRR25632983
CA,2023-02,SRR25633711
CA,2023-02,SRR25633001
CA,2023-02,SRR23608758
CA,2023-02,SRR25633530
CA,2023-02,SRR25633542
CA,2023-02,SRR23710240
CA,2023-02,SRR23758195
CA,2023-02,SRR25632952
CA,2023-02,SRR23708940
CA,2023-02,SRR23707578
CA,2023-02,SRR23708949
CA,2023-02,SRR23708823
CA,2023-02,SRR23707834
CA,2023-02,SRR23896321
CA,2023-02,SRR23708152
CA,2023-02,SRR25633613
CA,2023-02,SRR23896893
CA,2023-02,SRR23758380
CA,2023-02,SRR23608308
CA,2023-02,SRR23757860
CA,2023-02,SRR25633071
CA,2023-02,SRR23707591
CA,2023-02,SRR23713346
CA,2023-02,SRR25631134
CA,2023-02,SRR25633750
CA,2023-02,SRR23707579
CA,2023-02,SRR23710256
CA,2023-02,SRR23708970
CA,2023-02,SRR23708158
CA,2023-02,SRR23758363
CA,2023-02,SRR23896918
CA,2023-02,SRR23713625
CA,2023-02,SRR23707964
CA,2023-02,SRR23896901
CA,2023-02,SRR23708421
CA,2023-02,SRR25632965
CA,2023-02,SRR25631201
CA,2023-02,SRR25631531
CA,2023-02,SRR23608025
CA,2023-02,SRR23707981
CA,2023-02,SRR25632937
CA,2023-02,SRR25633725
CA,2023-02,SRR25631601
CA,2023-02,SRR23708398
CA,2023-02,SRR23709470
CA,2023-02,SRR23708154
CA,2023-02,SRR23608300
CA,2023-02,SRR23707837
CA,2023-02,SRR23713639
CA,2023-02,SRR23898573
CA,2023-02,SRR23708396
CA,2023-02,SRR23707838
CA,2023-02,SRR23895858
CA,2023-02,SRR23711459
CA,2023-02,SRR23709005
CA,2023-02,SRR23758372
CA,2023-02,SRR23710247
CA,2023-02,SRR23608861
CA,2023-02,SRR23708143
CA,2023-02,SRR25633748
CA,2023-02,SRR23708115
CA,2023-02,SRR25631154
CA,2023-02,SRR25633686
CA,2023-02,SRR23713595
CA,2023-02,SRR23708141
CA,2023-02,SRR25631159
CA,2023-02,SRR23757463
CA,2023-02,SRR23709627
CA,2023-02,SRR23757462
CA,2023-02,SRR23709461
CA,2023-02,SRR25633492
CA,2023-02,SRR25632989
CA,2023-02,SRR23608798
CA,2023-02,SRR23713309
CA,2023-02,SRR23711446
CA,2023-02,SRR23608536
CA,2023-02,SRR25631170
CA,2023-02,SRR23530930
CA,2023-02,SRR23608767
CA,2023-02,SRR23608879
CA,2023-02,SRR23758179
CA,2023-02,SRR25633558
CA,2023-02,SRR25631552
CA,2023-02,SRR23896447
CA,2023-02,SRR25633549
CA,2023-02,SRR23757479
CA,2023-02,SRR23608296
CA,2023-02,SRR23708983
CA,2023-02,SRR23708973
CA,2023-02,SRR25633592
CA,2023-02,SRR23710282
CA,2023-02,SRR23713339
CA,2023-02,SRR23708121
CA,2023-02,SRR23713621
CA,2023-02,SRR23451278
CA,2023-02,SRR25631643
CA,2023-02,SRR23898581
CA,2023-02,SRR23608772
CA,2023-02,SRR23896822
CA,2023-02,SRR25633506
CA,2023-02,SRR25631164
CA,2023-02,SRR25633046
CA,2023-02,SRR25631524
CA,2023-02,SRR23758366
CA,2023-02,SRR25633548
CA,2023-02,SRR26500368
CA,2023-02,SRR25633499
CA,2023-02,SRR23709646
CA,2023-02,SRR23608887
CA,2023-02,SRR25633074
CA,2023-02,SRR23450948
CA,2023-02,SRR23911242
CA,2023-02,SRR23898574
CA,2023-02,SRR25633498
CA,2023-03,SRR24041768
CA,2023-03,SRR23903675
CA,2023-03,SRR23903219
CA,2023-03,SRR24114381
CA,2023-03,SRR23953872
CA,2023-03,SRR23953640
CA,2023-03,SRR23953009
CA,2023-03,SRR23903887
CA,2023-03,SRR24110233
CA,2023-03,SRR23903658
CA,2023-03,SRR24042030
CA,2023-03,SRR24114380
CA,2023-03,SRR24183744
CA,2023-03,SRR24013634
CA,2023-03,SRR23903595
CA,2023-03,SRR24013883
CA,2023-03,SRR24013153
CA,2023-03,SRR23903289
CA,2023-03,SRR23903286
CA,2023-03,SRR23903611
CA,2023-03,SRR23953000
CA,2023-03,SRR23953331
CA,2023-03,SRR24013465
CA,2023-03,SRR24013953
CA,2023-03,SRR23903221
CA,2023-03,SRR24013737
CA,2023-03,SRR23912060
CA,2023-03,SRR24042440
CA,2023-03,SRR24041885
CA,2023-03,SRR24042386
CA,2023-03,SRR25631570
CA,2023-03,SRR24002747
CA,2023-03,SRR23953005
CA,2023-03,SRR24013249
CA,2023-03,SRR24013881
CA,2023-03,SRR23953875
CA,2023-03,SRR24114831
CA,2023-03,SRR24180702
CA,2023-03,SRR23903139
CA,2023-03,SRR24114477
CA,2023-03,SRR24114811
CA,2023-03,SRR23911554
CA,2023-03,SRR24042236
CA,2023-03,SRR25631517
CA,2023-03,SRR24002110
CA,2023-03,SRR24184521
CA,2023-03,SRR23911546
CA,2023-03,SRR23912103
CA,2023-03,SRR24114494
CA,2023-03,SRR24002097
CA,2023-03,SRR25633463
CA,2023-03,SRR23903609
CA,2023-03,SRR24002428
CA,2023-03,SRR23903645
CA,2023-03,SRR24002373
CA,2023-03,SRR24180191
CA,2023-03,SRR24002337
CA,2023-03,SRR24013955
CA,2023-03,SRR23953855
CA,2023-03,SRR24114823
CA,2023-03,SRR23903319
CA,2023-03,SRR24042458
CA,2023-03,SRR24013262
CA,2023-03,SRR24013624
CA,2023-03,SRR23903703
CA,2023-03,SRR24002426
CA,2023-03,SRR23903579
CA,2023-03,SRR24013725
CA,2023-03,SRR24001849
CA,2023-03,SRR24115068
CA,2023-03,SRR24041611
CA,2023-03,SRR24041560
CA,2023-03,SRR24183729
CA,2023-03,SRR24180686
CA,2023-03,SRR24002376
CA,2023-03,SRR24013866
CA,2023-03,SRR23911935
CA,2023-03,SRR24042399
CA,2023-03,SRR23903428
CA,2023-03,SRR23903322
CA,2023-03,SRR24041907
CA,2023-03,SRR23953016
CA,2023-03,SRR24114610
CA,2023-03,SRR23969612
CA,2023-03,SRR23903581
CA,2023-03,SRR24180209
CA,2023-03,SRR25631510
CA,2023-03,SRR24180691
CA,2023-03,SRR23903657
CA,2023-03,SRR24184496
CA,2023-03,SRR24184505
CA,2023-03,SRR24013255
CA,2023-03,SRR24041621
CA,2023-03,SRR24180163
CA,2023-03,SRR24002385
CA,2023-03,SRR23911562
CA,2023-03,SRR24002405
CA,2023-03,SRR24002363
CA,2023-03,SRR23912089
CA,2023-03,SRR24041932
CA,2023-03,SRR23953861
CA,2023-03,SRR24215714
CA,2023-03,SRR24042174
CA,2023-03,SRR24041878
CA,2023-03,SRR23903430
CA,2023-03,SRR24014007
CA,2023-03,SRR24183731
CA,2023-03,SRR23911891
CA,2023-03,SRR24013621
CA,2023-03,SRR24042457
CA,2023-03,SRR25633529
CA,2023-03,SRR23911565
CA,2023-03,SRR24013268
CA,2023-03,SRR24002427
CA,2023-03,SRR23953866
CA,2023-03,SRR24041772
CA,2023-03,SRR24042188
CA,2023-03,SRR24013733
CA,2023-03,SRR23953001
CA,2023-03,SRR24042176
CA,2023-03,SRR24002069
CA,2023-03,SRR24180183
CA,2023-03,SRR24114503
CA,2023-03,SRR24114617
CA,2023-03,SRR23903408
CA,2023-03,SRR23953017
CA,2023-03,SRR24114979
CA,2023-03,SRR25631516
CA,2023-03,SRR24114809
CA,2023-03,SRR24001895
CA,2023-03,SRR24002518
CA,2023-03,SRR23953862
CA,2023-03,SRR23903423
CA,2023-03,SRR23912094
CA,2023-03,SRR24013744
CA,2023-03,SRR24042442
CA,2023-03,SRR24001894
CA,2023-03,SRR23912095
CA,2023-03,SRR24041896
CA,2023-03,SRR24013457
CA,2023-03,SRR24002511
CA,2023-03,SRR24041783
CA,2023-03,SRR24013261
CA,2023-03,SRR23903918
CA,2023-03,SRR23953856
CA,2023-03,SRR25633472
CA,2023-03,SRR23953646
CA,2023-03,SRR24114398
CA,2023-03,SRR25631502
CA,2023-03,SRR24013626
CA,2023-03,SRR23953854
CA,2023-03,SRR24114452
CA,2023-03,SRR24013874
CA,2023-03,SRR24013163
CA,2023-03,SRR24013872
CA,2023-03,SRR24002515
CA,2023-03,SRR24184259
CA,2023-03,SRR24180216
CA,2023-03,SRR23903885
CA,2023-03,SRR24013497
CA,2023-03,SRR24013371
CA,2023-03,SRR23903605
CA,2023-03,SRR24114469
CA,2023-03,SRR23903326
CA,2023-03,SRR23903672
CA,2023-03,SRR23911236
CA,2023-03,SRR24041610
CA,2023-03,SRR24184510
CA,2023-03,SRR24114722
CA,2023-03,SRR24042045
CA,2023-03,SRR24184508
CA,2023-03,SRR24013947
CA,2023-03,SRR23903421
CA,2023-03,SRR24002439
CA,2023-03,SRR24002429
CA,2023-03,SRR24184519
CA,2023-03,SRR24013280
CA,2023-03,SRR24013611
CA,2023-03,SRR23953660
CA,2023-03,SRR24013726
CA,2023-03,SRR23903149
CA,2023-03,SRR24114835
CA,2023-03,SRR24042445
CA,2023-03,SRR23903679
CA,2023-03,SRR24042050
CA,2023-03,SRR24184277
CA,2023-03,SRR24114461
CA,2023-03,SRR24180715
CA,2023-03,SRR24114511
CA,2023-03,SRR24041774
CA,2023-03,SRR24184507
CA,2023-03,SRR26500564
CA,2023-03,SRR24184269
CA,2023-03,SRR24013176
CA,2023-03,SRR23911550
CA,2023-03,SRR24183733
CA,2023-03,SRR23897676
CA,2023-03,SRR24042446
CA,2023-03,SRR24042443
CA,2023-03,SRR24184268
CA,2023-04,SRR24540416
CA,2023-04,SRR24259233
CA,2023-04,SRR24183717
CA,2023-04,SRR25680781
CA,2023-04,SRR24269861
CA,2023-04,SRR24260090
CA,2023-04,SRR24260054
CA,2023-04,SRR24259559
CA,2023-04,SRR25680775
CA,2023-04,SRR24259219
CA,2023-04,SRR24540699
CA,2023-04,SRR25680780
CA,2023-04,SRR25690815
CA,2023-04,SRR24461313
CA,2023-04,SRR24184386
CA,2023-04,SRR24540226
CA,2023-04,SRR24357262
CA,2023-04,SRR24183843
CA,2023-04,SRR24183840
CA,2023-04,SRR24184405
CA,2023-04,SRR24260023
CA,2023-04,SRR24260072
CA,2023-04,SRR24460826
CA,2023-04,SRR24540257
CA,2023-04,SRR24183834
CA,2023-04,SRR24540108
CA,2023-04,SRR24259935
CA,2023-04,SRR25680651
CA,2023-04,SRR24540543
CA,2023-04,SRR24675761
CA,2023-04,SRR26500552
CA,2023-04,SRR24357257
CA,2023-04,SRR24260027
CA,2023-04,SRR24357799
CA,2023-04,SRR24540224
CA,2023-04,SRR24269864
CA,2023-04,SRR25681036
CA,2023-04,SRR25690673
CA,2023-04,SRR24183562
CA,2023-04,SRR25680875
CA,2023-04,SRR25681030
CA,2023-04,SRR24259591
CA,2023-04,SRR24540747
CA,2023-04,SRR26500547
CA,2023-04,SRR24270220
CA,2023-04,SRR25690983
CA,2023-04,SRR24259587
CA,2023-04,SRR24260016
CA,2023-04,SRR25680891
CA,2023-04,SRR24270079
CA,2023-04,SRR26500572
CA,2023-04,SRR24184404
CA,2023-04,SRR24357120
CA,2023-04,SRR24259214
CA,2023-04,SRR24356865
CA,2023-04,SRR25690636
CA,2023-04,SRR24270227
CA,2023-04,SRR24540259
CA,2023-04,SRR24260116
CA,2023-04,SRR25681033
CA,2023-04,SRR24183877
CA,2023-04,SRR25680756
CA,2023-04,SRR24357814
CA,2023-04,SRR24461256
CA,2023-04,SRR24259249
CA,2023-04,SRR24357115
CA,2023-04,SRR24184370
CA,2023-04,SRR24461363
CA,2023-04,SRR24269921
CA,2023-04,SRR25681087
CA,2023-04,SRR24540398
CA,2023-04,SRR24540377
CA,2023-04,SRR25690734
CA,2023-04,SRR25690661
CA,2023-04,SRR24356871
CA,2023-04,SRR24540136
CA,2023-04,SRR24259919
CA,2023-04,SRR25680614
CA,2023-04,SRR24184245
CA,2023-04,SRR24183887
CA,2023-04,SRR24540657
CA,2023-04,SRR24260061
CA,2023-04,SRR25680905
CA,2023-04,SRR24269914
CA,2023-04,SRR24184371
CA,2023-04,SRR25690649
CA,2023-04,SRR25691055
CA,2023-04,SRR25690670
CA,2023-04,SRR24259218
CA,2023-04,SRR25690941
CA,2023-04,SRR25690950
CA,2023-04,SRR24357807
CA,2023-04,SRR24540408
CA,2023-04,SRR25690560
CA,2023-04,SRR24356877
CA,2023-04,SRR24259595
CA,2023-04,SRR24356890
CA,2023-04,SRR24356860
CA,2023-04,SRR24259947
CA,2023-04,SRR24540678
CA,2023-04,SRR24260119
CA,2023-04,SRR25690999
CA,2023-04,SRR24540717
CA,2023-04,SRR24540540
CA,2023-04,SRR24184248
CA,2023-04,SRR24540364
CA,2023-04,SRR25690738
CA,2023-04,SRR24259778
CA,2023-04,SRR24461241
CA,2023-04,SRR25680754
CA,2023-04,SRR26500589
CA,2023-04,SRR24259600
CA,2023-04,SRR24357819
CA,2023-04,SRR24357119
CA,2023-04,SRR24260122
CA,2023-04,SRR24540442
CA,2023-04,SRR24540722
CA,2023-04,SRR24540080
CA,2023-04,SRR24260025
CA,2023-04,SRR24540719
CA,2023-04,SRR24270033
CA,2023-04,SRR25690632
CA,2023-04,SRR25680900
CA,2023-04,SRR25680920
CA,2023-04,SRR24184145
CA,2023-04,SRR24260066
CA,2023-04,SRR25681072
CA,2023-04,SRR26500545
CA,2023-04,SRR25681029
CA,2023-04,SRR24270021
CA,2023-04,SRR24357224
CA,2023-04,SRR24260120
CA,2023-04,SRR24184157
CA,2023-04,SRR24260005
CA,2023-04,SRR24540118
CA,2023-04,SRR25680653
CA,2023-04,SRR24270020
CA,2023-04,SRR24260006
CA,2023-04,SRR24540554
CA,2023-04,SRR24460768
CA,2023-04,SRR24357214
CA,2023-04,SRR24540530
CA,2023-04,SRR24357813
CA,2023-04,SRR24259564
CA,2023-04,SRR24260117
CA,2023-04,SRR26500581
CA,2023-04,SRR24260092
CA,2023-04,SRR25680796
CA,2023-04,SRR25691015
CA,2023-04,SRR24461300
CA,2023-04,SRR24260114
CA,2023-04,SRR25680807
CA,2023-04,SRR24540156
CA,2023-04,SRR24357476
CA,2023-04,SRR24540155
CA,2023-04,SRR24357218
CA,2023-04,SRR25690867
CA,2023-04,SRR25690660
CA,2023-04,SRR24259558
CA,2023-04,SRR24461055
CA,2023-04,SRR24460666
CA,2023-04,SRR24184403
CA,2023-04,SRR25680850
CA,2023-04,SRR24184131
CA,2023-04,SRR24259231
CA,2023-04,SRR24259584
CA,2023-04,SRR24540396
CA,2023-04,SRR25690977
CA,2023-04,SRR25680988
CA,2023-04,SRR24540714
CA,2023-04,SRR25690952
CA,2023-04,SRR24540246
CA,2023-04,SRR24184154
CA,2023-04,SRR24357151
CA,2023-04,SRR24357121
CA,2023-04,SRR25690982
CA,2023-04,SRR24357829
CA,2023-04,SRR24461225
CA,2023-04,SRR24260098
CA,2023-04,SRR24461365
CA,2023-04,SRR24183576
CA,2023-04,SRR25681044
CA,2023-04,SRR25680678
CA,2023-04,SRR24259237
CA,2023-04,SRR24540716
CA,2023-04,SRR25690897
CA,2023-04,SRR25680825
CA,2023-04,SRR25690719
CA,2023-04,SRR25680901
CA,2023-04,SRR24540445
CA,2023-04,SRR25690951
CA,2023-04,SRR26500593
CA,2023-04,SRR25690883
CA,2023-04,SRR24357711
CA,2023-04,SRR24259589
CA,2023-04,SRR25690739
CA,2023-04,SRR24180168
CA,2023-04,SRR25680682
CA,2023-04,SRR25680661
CA,2023-04,SRR25690882
CA,2023-05,SRR25694019
CA,2023-05,SRR24547312
CA,2023-05,SRR24546990
CA,2023-05,SRR26500385
CA,2023-05,SRR24762227
CA,2023-05,SRR24762032
CA,2023-05,SRR24716949
CA,2023-05,SRR24547425
CA,2023-05,SRR26500380
CA,2023-05,SRR24547301
CA,2023-05,SRR25694239
CA,2023-05,SRR26500384
CA,2023-05,SRR26682221
CA,2023-05,SRR25692939
CA,2023-05,SRR24547220
CA,2023-05,SRR25693095
CA,2023-05,SRR24795841
CA,2023-05,SRR24546997
CA,2023-05,SRR24546995
CA,2023-05,SRR24547291
CA,2023-05,SRR24716935
CA,2023-05,SRR24717038
CA,2023-05,SRR25692785
CA,2023-05,SRR25693157
CA,2023-05,SRR24546992
CA,2023-05,SRR25693005
CA,2023-05,SRR24683587
CA,2023-05,SRR25694405
CA,2023-05,SRR25694044
CA,2023-05,SRR25694359
CA,2023-05,SRR26682472
CA,2023-05,SRR24795838
CA,2023-05,SRR24716939
CA,2023-05,SRR24893211
CA,2023-05,SRR25693093
CA,2023-05,SRR24762230
CA,2023-05,SRR26500473
CA,2023-05,SRR26500597
CA,2023-05,SRR24540354
CA,2023-05,SRR26500411
CA,2023-05,SRR26500470
CA,2023-05,SRR24675704
CA,2023-05,SRR25694324
CA,2023-05,SRR26682469
CA,2023-05,SRR24762590
CA,2023-05,SRR26682217
CA,2023-05,SRR24675649
CA,2023-05,SRR24716901
CA,2023-05,SRR26500416
CA,2023-05,SRR24762447
CA,2023-05,SRR26682477
CA,2023-05,SRR24547289
CA,2023-05,SRR24795726
CA,2023-05,SRR24547295
CA,2023-05,SRR24795698
CA,2023-05,SRR26500540
CA,2023-05,SRR24762598
CA,2023-05,SRR25693159
CA,2023-05,SRR24762170
CA,2023-05,SRR26500471
CA,2023-05,SRR24547017
CA,2023-05,SRR26500373
CA,2023-05,SRR25406120
CA,2023-05,SRR25692909
CA,2023-05,SRR24547405
CA,2023-05,SRR24795724
CA,2023-05,SRR24547166
CA,2023-05,SRR25692993
CA,2023-05,SRR24762329
CA,2023-05,SRR26500494
CA,2023-05,SRR25693942
CA,2023-05,SRR25693214
CA,2023-05,SRR24795705
CA,2023-05,SRR25693034
CA,2023-05,SRR24683531
CA,2023-05,SRR25694371
CA,2023-05,SRR24547156
CA,2023-05,SRR24547019
CA,2023-05,SRR25694103
CA,2023-05,SRR24717026
CA,2023-05,SRR26500426
CA,2023-05,SRR24762270
CA,2023-05,SRR24547171
CA,2023-05,SRR26682464
CA,2023-05,SRR24547300
CA,2023-05,SRR26682077
CA,2023-05,SRR26682205
CA,2023-05,SRR25406109
CA,2023-05,SRR25693978
CA,2023-05,SRR26500499
CA,2023-05,SRR24795708
CA,2023-05,SRR24683460
CA,2023-05,SRR24795715
CA,2023-05,SRR24795590
CA,2023-05,SRR24716844
CA,2023-05,SRR25694167
CA,2023-05,SRR24762173
CA,2023-05,SRR26682224
CA,2023-05,SRR25694266
CA,2023-05,SRR25694034
CA,2023-05,SRR24547158
CA,2023-05,SRR25693165
CA,2023-05,SRR26500502
CA,2023-05,SRR24683470
CA,2023-05,SRR25692899
CA,2023-05,SRR26500372
CA,2023-05,SRR26682696
CA,2023-05,SRR24683461
CA,2023-05,SRR25406123
CA,2023-05,SRR24795725
CA,2023-05,SRR24762221
CA,2023-05,SRR25694021
CA,2023-05,SRR25694298
CA,2023-05,SRR25693000
CA,2023-05,SRR24716938
CA,2023-05,SRR25694270
CA,2023-05,SRR24762432
CA,2023-05,SRR26500421
CA,2023-05,SRR26500429
CA,2023-05,SRR24547031
CA,2023-05,SRR24717030
CA,2023-05,SRR26682468
CA,2023-05,SRR24762420
CA,2023-05,SRR24795819
CA,2023-05,SRR24762174
CA,2023-05,SRR24547152
CA,2023-05,SRR24716850
CA,2023-05,SRR25693012
CA,2023-05,SRR25694407
CA,2023-05,SRR24762419
CA,2023-05,SRR24716881
CA,2023-05,SRR25694065
CA,2023-05,SRR25692774
CA,2023-05,SRR24795778
CA,2023-05,SRR25694024
CA,2023-05,SRR25406118
CA,2023-05,SRR24547430
CA,2023-05,SRR24762171
CA,2023-05,SRR26682479
CA,2023-05,SRR24762035
CA,2023-05,SRR26500388
CA,2023-05,SRR26682460
CA,2023-05,SRR25692911
CA,2023-05,SRR24762104
CA,2023-05,SRR26500391
CA,2023-05,SRR25693070
CA,2023-05,SRR24832495
CA,2023-05,SRR25693069
CA,2023-05,SRR24795817
CA,2023-05,SRR26500570
CA,2023-05,SRR26500476
CA,2023-05,SRR24547424
CA,2023-05,SRR25692791
CA,2023-05,SRR25692759
CA,2023-05,SRR24547288
CA,2023-05,SRR26500406
CA,2023-05,SRR24547021
CA,2023-05,SRR24547310
CA,2023-05,SRR24675637
CA,2023-05,SRR25693937
CA,2023-05,SRR26682210
CA,2023-05,SRR25694247
CA,2023-05,SRR26682208
CA,2023-05,SRR25693102
CA,2023-05,SRR24547150
CA,2023-05,SRR24795731
CA,2023-05,SRR24795727
CA,2023-05,SRR26500417
CA,2023-05,SRR25406139
CA,2023-05,SRR25692863
CA,2023-05,SRR24762040
CA,2023-05,SRR25692995
CA,2023-05,SRR24540359
CA,2023-05,SRR26500419
CA,2023-05,SRR25694410
CA,2023-05,SRR24547339
CA,2023-05,SRR25694259
CA,2023-05,SRR26500582
CA,2023-05,SRR26500575
CA,2023-05,SRR25694022
CA,2023-05,SRR26682207
CA,2023-05,SRR26682700
CA,2023-05,SRR26500576
CA,2023-05,SRR24832522
CA,2023-05,SRR24675693
CA,2023-05,SRR26500503
CA,2023-05,SRR24540350
CA,2023-05,SRR25694411
CA,2023-05,SRR25694408
CA,2023-05,SRR26500437
CA,2023-05,SRR25692775
CA,2023-05,SRR24683478
CA,2023-05,SRR25692787
CA,2023-05,SRR24547305
CA,2023-05,SRR25693931
CA,2023-05,SRR24762336
CA,2023-05,SRR26682712
CA,2023-05,SRR26500379
CA,2023-05,SRR26500489
CA,2023-05,SRR26682459
CA,2023-06,SRR26682246
CA,2023-06,SRR25210661
CA,2023-06,SRR25046855
CA,2023-06,SRR26682739
CA,2023-06,SRR25682967
CA,2023-06,SRR25682445
CA,2023-06,SRR25682311
CA,2023-06,SRR25270581
CA,2023-06,SRR26682734
CA,2023-06,SRR25208068
CA,2023-06,SRR26682508
CA,2023-06,SRR26682738
CA,2023-06,SRR26500393
CA,2023-06,SRR25208001
CA,2023-06,SRR26682086
CA,2023-06,SRR25693588
CA,2023-06,SRR25046868
CA,2023-06,SRR25046865
CA,2023-06,SRR25208018
CA,2023-06,SRR25682305
CA,2023-06,SRR25682329
CA,2023-06,SRR25693893
CA,2023-06,SRR26682098
CA,2023-06,SRR25046858
CA,2023-06,SRR26682053
CA,2023-06,SRR25682209
CA,2023-06,SRR26682713
CA,2023-06,SRR26682481
CA,2023-06,SRR26682692
CA,2023-06,SRR26682748
CA,2023-06,SRR25693560
CA,2023-06,SRR25682307
CA,2023-06,SRR25693694
CA,2023-06,SRR26682085
CA,2023-06,SRR25682986
CA,2023-06,SRR24954247
CA,2023-06,SRR25405827
CA,2023-06,SRR26682688
CA,2023-06,SRR26682736
CA,2023-06,SRR25683219
CA,2023-06,SRR26682717
CA,2023-06,SRR25270678
CA,2023-06,SRR25682292
CA,2023-06,SRR25683214
CA,2023-06,SRR26682742
CA,2023-06,SRR25208017
CA,2023-06,SRR25683430
CA,2023-06,SRR25208063
CA,2023-06,SRR25683348
CA,2023-06,SRR25683227
CA,2023-06,SRR26682101
CA,2023-06,SRR25682541
CA,2023-06,SRR25046895
CA,2023-06,SRR25693744
CA,2023-06,SRR25694238
CA,2023-06,SRR25210702
CA,2023-06,SRR25683423
CA,2023-06,SRR25110049
CA,2023-06,SRR26500413
CA,2023-06,SRR25683044
CA,2023-06,SRR26682235
CA,2023-06,SRR26682220
CA,2023-06,SRR25683355
CA,2023-06,SRR26682071
CA,2023-06,SRR25682193
CA,2023-06,SRR25109973
CA,2023-06,SRR25046907
CA,2023-06,SRR26682493
CA,2023-06,SRR25682324
CA,2023-06,SRR25683036
CA,2023-06,SRR25207930
CA,2023-06,SRR26682731
CA,2023-06,SRR25208067
CA,2023-06,SRR26682704
CA,2023-06,SRR26682710
CA,2023-06,SRR25693731
CA,2023-06,SRR26682242
CA,2023-06,SRR25683363
CA,2023-06,SRR25406115
CA,2023-06,SRR25683403
CA,2023-06,SRR25683332
CA,2023-06,SRR25682283
CA,2023-06,SRR26682502
CA,2023-06,SRR25682937
CA,2023-06,SRR26682475
CA,2023-06,SRR25110017
CA,2023-06,SRR26682106
CA,2023-06,SRR26682511
CA,2023-06,SRR25406147
CA,2023-06,SRR25694229
CA,2023-06,SRR26682746
CA,2023-06,SRR25406116
CA,2023-06,SRR25693748
CA,2023-06,SRR25683429
CA,2023-06,SRR25682952
CA,2023-06,SRR26682247
CA,2023-06,SRR26682048
CA,2023-06,SRR25682306
CA,2023-06,SRR25683163
CA,2023-06,SRR25109890
CA,2023-06,SRR25682325
CA,2023-06,SRR26682735
CA,2023-06,SRR25683119
CA,2023-06,SRR25693491
CA,2023-06,SRR25682939
CA,2023-06,SRR25109957
CA,2023-06,SRR25682288
CA,2023-06,SRR26682059
CA,2023-06,SRR25683117
CA,2023-06,SRR25682289
CA,2023-06,SRR25693869
CA,2023-06,SRR25693476
CA,2023-06,SRR26682250
CA,2023-06,SRR25693743
CA,2023-06,SRR25270585
CA,2023-06,SRR25682551
CA,2023-06,SRR26682744
CA,2023-06,SRR25682468
CA,2023-06,SRR26682727
CA,2023-06,SRR25694243
CA,2023-06,SRR25682540
CA,2023-06,SRR26682080
CA,2023-06,SRR25693601
CA,2023-06,SRR26682079
CA,2023-06,SRR25693487
CA,2023-06,SRR26682683
CA,2023-06,SRR26682490
CA,2023-06,SRR25270580
CA,2023-06,SRR25693906
CA,2023-06,SRR25693861
CA,2023-06,SRR25208016
CA,2023-06,SRR25046912
CA,2023-06,SRR25210655
CA,2023-06,SRR25270640
CA,2023-06,SRR26682715
CA,2023-06,SRR26682725
CA,2023-06,SRR26682092
CA,2023-06,SRR25109936
CA,2023-06,SRR25692228
CA,2023-06,SRR25683431
CA,2023-06,SRR26682227
CA,2023-06,SRR25693775
CA,2023-06,SRR25694096
CA,2023-06,SRR25682486
CA,2023-06,SRR26682044
CA,2023-06,SRR24954290
CA,2023-06,SRR25210677
CA,2023-06,SRR26682691
CA,2023-06,SRR26682504
CA,2023-06,SRR26682711
CA,2023-06,SRR26682750
CA,2023-06,SRR26682686
CA,2023-06,SRR25693632
CA,2023-06,SRR25270726
CA,2023-06,SRR26682512
CA,2023-06,SRR24954239
CA,2023-06,SRR26682243
CA,2023-06,SRR25693870
CA,2023-06,SRR25406155
CA,2023-06,SRR25693902
CA,2023-06,SRR25208081
CA,2023-06,SRR25683061
CA,2023-06,SRR26682094
CA,2023-06,SRR26682726
CA,2023-06,SRR26682230
CA,2023-06,SRR25683418
CA,2023-06,SRR25406114
CA,2023-06,SRR25694245
CA,2023-06,SRR25694099
CA,2023-06,SRR24893223
CA,2023-06,SRR25683137
CA,2023-06,SRR25693856
CA,2023-06,SRR25046831
CA,2023-06,SRR26682104
CA,2023-06,SRR25683356
CA,2023-06,SRR25683084
CA,2023-06,SRR25682406
CA,2023-06,SRR25109892
CA,2023-06,SRR25682411
CA,2023-06,SRR26682480
CA,2023-06,SRR26682714
CA,2023-06,SRR25207991
CA,2023-06,SRR25693819
CA,2023-06,SRR25109972
CA,2023-06,SRR25694224
CA,2023-06,SRR25210706
CA,2023-06,SRR25210723
CA,2023-06,SRR25693787
CA,2023-06,SRR26500400
CA,2023-06,SRR25406134
CA,2023-06,SRR26682248
CA,2023-06,SRR25694095
CA,2023-06,SRR25693592
CA,2023-06,SRR26682724
CA,2023-06,SRR26682737
CA,2023-06,SRR25682212
CA,2023-06,SRR25683113
CA,2023-06,SRR26682239
CA,2023-06,SRR26682088
CA,2023-06,SRR25693635
CA,2023-07,SRR25692317
CA,2023-07,SRR25394638
CA,2023-07,SRR25379296
CA,2023-07,SRR25643412
CA,2023-07,SRR25643332
CA,2023-07,SRR25643081
CA,2023-07,SRR25642786
CA,2023-07,SRR25394632
CA,2023-07,SRR25692462
CA,2023-07,SRR25692138
CA,2023-07,SRR25394584
CA,2023-07,SRR25692210
CA,2023-07,SRR25682692
CA,2023-07,SRR25379306
CA,2023-07,SRR25379305
CA,2023-07,SRR25394603
CA,2023-07,SRR25643078
CA,2023-07,SRR25643145
CA,2023-07,SRR25692023
CA,2023-07,SRR25692246
CA,2023-07,SRR25379298
CA,2023-07,SRR25692167
CA,2023-07,SRR25642916
CA,2023-07,SRR25692361
CA,2023-07,SRR25692471
CA,2023-07,SRR25682681
CA,2023-07,SRR25643079
CA,2023-07,SRR25682740
CA,2023-07,SRR25692209
CA,2023-07,SRR25682096
CA,2023-07,SRR25379258
CA,2023-07,SRR25642833
CA,2023-07,SRR25692465
CA,2023-07,SRR25682574
CA,2023-07,SRR25692378
CA,2023-07,SRR25642831
CA,2023-07,SRR25643077
CA,2023-07,SRR25682379
CA,2023-07,SRR25692482
CA,2023-07,SRR25692473
CA,2023-07,SRR25682609
CA,2023-07,SRR25394605
CA,2023-07,SRR25682585
CA,2023-07,SRR25682577
CA,2023-07,SRR25692249
CA,2023-07,SRR25643407
CA,2023-07,SRR25379324
CA,2023-07,SRR25682781
CA,2023-07,SRR25692130
CA,2023-07,SRR25620312
CA,2023-07,SRR25682604
CA,2023-07,SRR25394534
CA,2023-07,SRR25692157
CA,2023-07,SRR25682222
CA,2023-07,SRR25682589
CA,2023-07,SRR25692175
CA,2023-07,SRR25642913
CA,2023-07,SRR25394527
CA,2023-07,SRR25379327
CA,2023-07,SRR25643142
CA,2023-07,SRR25682216
CA,2023-07,SRR25692253
CA,2023-07,SRR25692460
CA,2023-07,SRR25394631
CA,2023-07,SRR25692304
CA,2023-07,SRR25692495
CA,2023-07,SRR25682764
CA,2023-07,SRR25682596
CA,2023-07,SRR25642891
CA,2023-07,SRR25682599
CA,2023-07,SRR25682583
CA,2023-07,SRR25643020
CA,2023-07,SRR25643408
CA,2023-07,SRR25394528
CA,2023-07,SRR25642901
CA,2023-07,SRR25692129
CA,2023-07,SRR25692486
CA,2023-07,SRR25692173
CA,2023-07,SRR25682789
CA,2023-07,SRR25692181
CA,2023-07,SRR25643410
CA,2023-07,SRR25692373
CA,2023-07,SRR25682285
CA,2023-07,SRR25379346
CA,2023-07,SRR25643143
CA,2023-07,SRR25692464
CA,2023-07,SRR25682276
CA,2023-07,SRR25682660
CA,2023-07,SRR25643409
CA,2023-07,SRR25393544
CA,2023-07,SRR25643021
CA,2023-07,SRR25692134
CA,2023-07,SRR25692103
CA,2023-07,SRR25692015
CA,2023-07,SRR25682648
CA,2023-07,SRR25682767
CA,2023-07,SRR25642825
CA,2023-07,SRR25692289
CA,2023-07,SRR25692484
CA,2023-07,SRR25643384
CA,2023-07,SRR25643406
CA,2023-07,SRR25682695
CA,2023-07,SRR25682659
CA,2023-07,SRR25692237
CA,2023-07,SRR25692139
CA,2023-07,SRR25642784
CA,2023-07,SRR25692012
CA,2023-07,SRR25692222
CA,2023-07,SRR25692254
CA,2023-07,SRR25692488
CA,2023-07,SRR25682696
CA,2023-07,SRR25692137
CA,2023-07,SRR25394531
CA,2023-07,SRR25682271
CA,2023-07,SRR25692208
CA,2023-07,SRR25692095
CA,2023-07,SRR25692318
CA,2023-07,SRR25692098
CA,2023-07,SRR25682241
CA,2023-07,SRR25692135
CA,2023-07,SRR25692231
CA,2023-07,SRR25642912
CA,2023-07,SRR25682839
CA,2023-07,SRR25692205
CA,2023-07,SRR25692058
CA,2023-07,SRR25620377
CA,2023-07,SRR25682076
CA,2023-07,SRR25692011
CA,2023-07,SRR25319920
CA,2023-07,SRR25682842
CA,2023-07,SRR25682587
CA,2023-07,SRR25393533
CA,2023-07,SRR25692236
CA,2023-07,SRR25682724
CA,2023-07,SRR25692166
CA,2023-07,SRR25682602
CA,2023-07,SRR25642782
CA,2023-07,SRR25682620
CA,2023-07,SRR25682279
CA,2023-07,SRR25692404
CA,2023-07,SRR25692010
CA,2023-07,SRR25642827
CA,2023-07,SRR25692461
CA,2023-07,SRR25682865
CA,2023-07,SRR25692466
CA,2023-07,SRR25210651
CA,2023-07,SRR25682753
CA,2023-07,SRR25682682
CA,2023-07,SRR25642781
CA,2023-07,SRR25643400
CA,2023-07,SRR25682617
CA,2023-07,SRR25394585
CA,2023-07,SRR25643401
CA,2023-07,SRR25379342
CA,2023-07,SRR25682891
CA,2023-07,SRR25642828
CA,2023-07,SRR25682278
CA,2023-07,SRR25682675
CA,2023-07,SRR25682244
CA,2023-07,SRR25394630
CA,2023-07,SRR25682894
CA,2023-07,SRR25642910
CA,2023-07,SRR25682678
CA,2023-07,SRR25394549
CA,2023-07,SRR25692156
CA,2023-07,SRR25682797
CA,2023-07,SRR25692327
CA,2023-07,SRR25682242
CA,2023-07,SRR25642849
CA,2023-07,SRR25692163
CA,2023-07,SRR25379260
CA,2023-07,SRR25682697
CA,2023-07,SRR25642907
CA,2023-07,SRR25642830
CA,2023-07,SRR25394697
CA,2023-07,SRR25379304
CA,2023-07,SRR25682597
CA,2023-07,SRR25682143
CA,2023-07,SRR25379319
CA,2023-07,SRR25379320
CA,2023-07,SRR25643305
CA,2023-07,SRR25379311
CA,2023-07,SRR25692169
CA,2023-07,SRR25393538
CA,2023-07,SRR25682579
CA,2023-07,SRR25682360
CA,2023-07,SRR25643302
CA,2023-07,SRR25692487
CA,2023-07,SRR25394550
CA,2023-07,SRR25682680
CA,2023-07,SRR25682703
CA,2023-07,SRR25682649
CA,2023-07,SRR25682841
CA,2023-07,SRR25394634
CA,2023-07,SRR25682631
CA,2023-07,SRR25692189
CA,2023-07,SRR25692316
CA,2023-07,SRR25643014
CA,2023-07,SRR25682646
CA,2023-07,SRR25692022
CA,2023-08,SRR26682564
CA,2023-08,SRR26075641
CA,2023-08,SRR25761631
CA,2023-08,SRR26682769
CA,2023-08,SRR26682124
CA,2023-08,SRR26545033
CA,2023-08,SRR26076097
CA,2023-08,SRR26075692
CA,2023-08,SRR26682767
CA,2023-08,SRR26058398
CA,2023-08,SRR26682586
CA,2023-08,SRR26703081
CA,2023-08,SRR26682516
CA,2023-08,SRR26058337
CA,2023-08,SRR26682539
CA,2023-08,SRR26682312
CA,2023-08,SRR25761644
CA,2023-08,SRR25761643
CA,2023-08,SRR26058349
CA,2023-08,SRR26076049
CA,2023-08,SRR26076368
CA,2023-08,SRR26682355
CA,2023-08,SRR26682545
CA,2023-08,SRR25761635
CA,2023-08,SRR26682524
CA,2023-08,SRR26076039
CA,2023-08,SRR26682756
CA,2023-08,SRR26682569
CA,2023-08,SRR26682646
CA,2023-08,SRR26703069
CA,2023-08,SRR26682310
CA,2023-08,SRR26076088
CA,2023-08,SRR26682325
CA,2023-08,SRR26682538
CA,2023-08,SRR26682126
CA,2023-08,SRR25761599
CA,2023-08,SRR26075724
CA,2023-08,SRR26682597
CA,2023-08,SRR26703045
CA,2023-08,SRR26682270
CA,2023-08,SRR26682770
CA,2023-08,SRR26075709
CA,2023-08,SRR26076048
CA,2023-08,SRR26682268
CA,2023-08,SRR26703072
CA,2023-08,SRR26703042
CA,2023-08,SRR26682290
CA,2023-08,SRR26058355
CA,2023-08,SRR26682279
CA,2023-08,SRR26682272
CA,2023-08,SRR26682546
CA,2023-08,SRR26682119
CA,2023-08,SRR25761660
CA,2023-08,SRR26682331
CA,2023-08,SRR26682371
CA,2023-08,SRR26075684
CA,2023-08,SRR26682289
CA,2023-08,SRR26058329
CA,2023-08,SRR26682519
CA,2023-08,SRR26682134
CA,2023-08,SRR26682558
CA,2023-08,SRR26682553
CA,2023-08,SRR26682281
CA,2023-08,SRR26682532
CA,2023-08,SRR26076036
CA,2023-08,SRR26058315
CA,2023-08,SRR25761662
CA,2023-08,SRR26682578
CA,2023-08,SRR26076364
CA,2023-08,SRR26682132
CA,2023-08,SRR26703073
CA,2023-08,SRR26703040
CA,2023-08,SRR26058392
CA,2023-08,SRR26682758
CA,2023-08,SRR26682764
CA,2023-08,SRR26682328
CA,2023-08,SRR26682562
CA,2023-08,SRR26682282
CA,2023-08,SRR26075790
CA,2023-08,SRR26682285
CA,2023-08,SRR26682277
CA,2023-08,SRR26076045
CA,2023-08,SRR26682120
CA,2023-08,SRR26682568
CA,2023-08,SRR26058321
CA,2023-08,SRR26682548
CA,2023-08,SRR26682587
CA,2023-08,SRR26076025
CA,2023-08,SRR26682370
CA,2023-08,SRR26703079
CA,2023-08,SRR26682576
CA,2023-08,SRR26682332
CA,2023-08,SRR26682581
CA,2023-08,SRR26682122
CA,2023-08,SRR26682522
CA,2023-08,SRR26682773
CA,2023-08,SRR26682262
CA,2023-08,SRR26058291
CA,2023-08,SRR26076366
CA,2023-08,SRR26703044
CA,2023-08,SRR26682257
CA,2023-08,SRR26682301
CA,2023-08,SRR26682121
CA,2023-08,SRR26058310
CA,2023-08,SRR26076046
CA,2023-08,SRR26682527
CA,2023-08,SRR26682551
CA,2023-08,SRR26682547
CA,2023-08,SRR26682352
CA,2023-08,SRR26682298
CA,2023-08,SRR26682330
CA,2023-08,SRR26075694
CA,2023-08,SRR26682753
CA,2023-08,SRR26703077
CA,2023-08,SRR26545034
CA,2023-08,SRR26682780
CA,2023-08,SRR26682372
CA,2023-08,SRR26682118
CA,2023-08,SRR26682315
CA,2023-08,SRR26682300
CA,2023-08,SRR26682592
CA,2023-08,SRR26682556
CA,2023-08,SRR26075691
CA,2023-08,SRR26682357
CA,2023-08,SRR26682349
CA,2023-08,SRR26058340
CA,2023-08,SRR25761665
CA,2023-08,SRR26075640
CA,2023-08,SRR26075699
CA,2023-08,SRR26682768
CA,2023-08,SRR26682766
CA,2023-08,SRR26058309
CA,2023-08,SRR26682293
CA,2023-08,SRR26682291
CA,2023-08,SRR26682335
CA,2023-08,SRR26682367
CA,2023-08,SRR26545036
CA,2023-08,SRR25761607
CA,2023-08,SRR26075679
CA,2023-08,SRR26682647
CA,2023-08,SRR26682777
CA,2023-08,SRR26682765
CA,2023-08,SRR26703083
CA,2023-08,SRR26682595
CA,2023-08,SRR26682318
CA,2023-08,SRR26075723
CA,2023-08,SRR26682579
CA,2023-08,SRR25761595
CA,2023-08,SRR26682534
CA,2023-08,SRR26682353
CA,2023-08,SRR26076029
CA,2023-08,SRR26682356
CA,2023-08,SRR26058414
CA,2023-08,SRR26682136
CA,2023-08,SRR26682360
CA,2023-08,SRR26682779
CA,2023-08,SRR26682523
CA,2023-08,SRR26682287
CA,2023-08,SRR26075760
CA,2023-08,SRR25642848
CA,2023-08,SRR26682137
CA,2023-08,SRR26682362
CA,2023-08,SRR26682565
CA,2023-08,SRR25761601
CA,2023-08,SRR26682554
CA,2023-08,SRR26682333
CA,2023-08,SRR26076030
CA,2023-08,SRR26682320
CA,2023-08,SRR26682308
CA,2023-08,SRR26682302
CA,2023-08,SRR26703038
CA,2023-08,SRR26075682
CA,2023-08,SRR25761642
CA,2023-08,SRR26682339
CA,2023-08,SRR26682344
CA,2023-08,SRR26682129
CA,2023-08,SRR25761656
CA,2023-08,SRR25761659
CA,2023-08,SRR26682283
CA,2023-08,SRR26380465
CA,2023-08,SRR26682304
CA,2023-08,SRR25761645
CA,2023-08,SRR26682559
CA,2023-08,SRR26682535
CA,2023-08,SRR26682292
CA,2023-08,SRR26682520
CA,2023-08,SRR26682772
CA,2023-08,SRR26682264
CA,2023-08,SRR26076370
CA,2023-08,SRR26703080
CA,2023-08,SRR26058331
CA,2023-08,SRR26075688
CA,2023-08,SRR26703046
CA,2023-08,SRR26682139
CA,2023-08,SRR26682544
CA,2023-08,SRR26682359
CA,2023-08,SRR26682594
CA,2023-08,SRR26682645
CA,2023-08,SRR26682577
CA,2023-08,SRR26682755
CA,2023-09,SRR26319427
CA,2023-09,SRR26156780
CA,2023-09,SRR26500347
CA,2023-09,SRR26390994
CA,2023-09,SRR26390871
CA,2023-09,SRR26364083
CA,2023-09,SRR26315805
CA,2023-09,SRR26682613
CA,2023-09,SRR26315755
CA,2023-09,SRR26682665
CA,2023-09,SRR26682174
CA,2023-09,SRR26298708
CA,2023-09,SRR26298706
CA,2023-09,SRR26315761
CA,2023-09,SRR26390866
CA,2023-09,SRR26390881
CA,2023-09,SRR26682435
CA,2023-09,SRR26274183
CA,2023-09,SRR26682629
CA,2023-09,SRR26387249
CA,2023-09,SRR26703063
CA,2023-09,SRR26682171
CA,2023-09,SRR26390868
CA,2023-09,SRR26682377
CA,2023-09,SRR26500350
CA,2023-09,SRR26058409
CA,2023-09,SRR26380430
CA,2023-09,SRR26703053
CA,2023-09,SRR26544977
CA,2023-09,SRR26682663
CA,2023-09,SRR26380423
CA,2023-09,SRR26390863
CA,2023-09,SRR26544973
CA,2023-09,SRR26703064
CA,2023-09,SRR26315760
CA,2023-09,SRR26545045
CA,2023-09,SRR26315765
CA,2023-09,SRR26545015
CA,2023-09,SRR26544981
CA,2023-09,SRR26500336
CA,2023-09,SRR26298720
CA,2023-09,SRR26682388
CA,2023-09,SRR26682604
CA,2023-09,SRR26364038
CA,2023-09,SRR26545043
CA,2023-09,SRR26299089
CA,2023-09,SRR26682620
CA,2023-09,SRR26500449
CA,2023-09,SRR26545020
CA,2023-09,SRR26387098
CA,2023-09,SRR26298986
CA,2023-09,SRR26298722
CA,2023-09,SRR26390876
CA,2023-09,SRR26500390
CA,2023-09,SRR26299090
CA,2023-09,SRR26682672
CA,2023-09,SRR26315771
CA,2023-09,SRR26682652
CA,2023-09,SRR26682658
CA,2023-09,SRR26682382
CA,2023-09,SRR26545023
CA,2023-09,SRR26380433
CA,2023-09,SRR26545030
CA,2023-09,SRR26545011
CA,2023-09,SRR26390857
CA,2023-09,SRR26500339
CA,2023-09,SRR26298988
CA,2023-09,SRR26380447
CA,2023-09,SRR26682601
CA,2023-09,SRR26703074
CA,2023-09,SRR26380434
CA,2023-09,SRR26682391
CA,2023-09,SRR26545044
CA,2023-09,SRR26500342
CA,2023-09,SRR26390867
CA,2023-09,SRR26500537
CA,2023-09,SRR26298843
CA,2023-09,SRR26390877
CA,2023-09,SRR26703052
CA,2023-09,SRR26500528
CA,2023-09,SRR26682152
CA,2023-09,SRR26500340
CA,2023-09,SRR26298982
CA,2023-09,SRR26390859
CA,2023-09,SRR26500527
CA,2023-09,SRR26390860
CA,2023-09,SRR26682429
CA,2023-09,SRR26682147
CA,2023-09,SRR26682387
CA,2023-09,SRR26380403
CA,2023-09,SRR26500337
CA,2023-09,SRR26703065
CA,2023-09,SRR26390996
CA,2023-09,SRR26500335
CA,2023-09,SRR26682180
CA,2023-09,SRR26682150
CA,2023-09,SRR26682633
CA,2023-09,SRR26682607
CA,2023-09,SRR26364082
CA,2023-09,SRR26682439
CA,2023-09,SRR26682423
CA,2023-09,SRR26315759
CA,2023-09,SRR26298724
CA,2023-09,SRR26319370
CA,2023-09,SRR26380420
CA,2023-09,SRR26682661
CA,2023-09,SRR26682660
CA,2023-09,SRR26298980
CA,2023-09,SRR26545051
CA,2023-09,SRR26545046
CA,2023-09,SRR26682397
CA,2023-09,SRR26391010
CA,2023-09,SRR26156747
CA,2023-09,SRR26345466
CA,2023-09,SRR26682616
CA,2023-09,SRR26682659
CA,2023-09,SRR26682605
CA,2023-09,SRR26380414
CA,2023-09,SRR26390865
CA,2023-09,SRR26682636
CA,2023-09,SRR26390875
CA,2023-09,SRR26058383
CA,2023-09,SRR26682406
CA,2023-09,SRR26545017
CA,2023-09,SRR26682190
CA,2023-09,SRR26545016
CA,2023-09,SRR26364075
CA,2023-09,SRR26682415
CA,2023-09,SRR26391009
CA,2023-09,SRR26682671
CA,2023-09,SRR26315757
CA,2023-09,SRR26391012
CA,2023-09,SRR26682385
CA,2023-09,SRR26298840
CA,2023-09,SRR26682187
CA,2023-09,SRR26500525
CA,2023-09,SRR26380416
CA,2023-09,SRR26682172
CA,2023-09,SRR26500532
CA,2023-09,SRR26682413
CA,2023-09,SRR26500516
CA,2023-09,SRR26315767
CA,2023-09,SRR26299087
CA,2023-09,SRR26380466
CA,2023-09,SRR26682417
CA,2023-09,SRR26299091
CA,2023-09,SRR26682608
CA,2023-09,SRR26545055
CA,2023-09,SRR26682390
CA,2023-09,SRR26682454
CA,2023-09,SRR26682642
CA,2023-09,SRR26058294
CA,2023-09,SRR26500455
CA,2023-09,SRR26380432
CA,2023-09,SRR26682612
CA,2023-09,SRR26156741
CA,2023-09,SRR26682428
CA,2023-09,SRR26380457
CA,2023-09,SRR26682191
CA,2023-09,SRR26682167
CA,2023-09,SRR26682155
CA,2023-09,SRR26380421
CA,2023-09,SRR26345533
CA,2023-09,SRR26274234
CA,2023-09,SRR26345534
CA,2023-09,SRR26682386
CA,2023-09,SRR26500356
CA,2023-09,SRR26298716
CA,2023-09,SRR26298719
CA,2023-09,SRR26545025
CA,2023-09,SRR26390992
CA,2023-09,SRR26682159
CA,2023-09,SRR26298711
CA,2023-09,SRR26682624
CA,2023-09,SRR26500338
CA,2023-09,SRR26545049
CA,2023-09,SRR26298974
CA,2023-09,SRR26682437
CA,2023-09,SRR26544966
CA,2023-09,SRR26390987
CA,2023-09,SRR26703075
CA,2023-09,SRR26315750
CA,2023-09,SRR26364076
CA,2023-09,SRR26682644
CA,2023-09,SRR26500515
CA,2023-09,SRR26682598
CA,2023-09,SRR26316033
CA,2023-09,SRR26682398
CA,2023-09,SRR26545042
CA,2023-09,SRR26682621
CA,2023-09,SRR26544982
CA,2023-09,SRR26315770
CA,2023-09,SRR26545013
CA,2023-09,SRR26682657
CA,2023-09,SRR26387252
CA,2023-09,SRR26544972
CA,2023-09,SRR26682606
CA,2023-09,SRR26682401
CA,2023-09,SRR26682447
CA,2023-09,SRR26434308
CA,2023-10,SRR26416110
CA,2023-10,SRR26390916
CA,2023-10,SRR26456583
CA,2023-10,SRR26456568
CA,2023-10,SRR26456516
CA,2023-10,SRR26434305
CA,2023-10,SRR26416105
CA,2023-10,SRR26637247
CA,2023-10,SRR26416097
CA,2023-10,SRR26637479
CA,2023-10,SRR26556625
CA,2023-10,SRR26390921
CA,2023-10,SRR26390919
CA,2023-10,SRR26416100
CA,2023-10,SRR26456513
CA,2023-10,SRR26456521
CA,2023-10,SRR26637160
CA,2023-10,SRR26390917
CA,2023-10,SRR26637255
CA,2023-10,SRR26456413
CA,2023-10,SRR26703022
CA,2023-10,SRR26556623
CA,2023-10,SRR26456514
CA,2023-10,SRR26637016
CA,2023-10,SRR26456595
CA,2023-10,SRR26390550
CA,2023-10,SRR26456237
CA,2023-10,SRR26703018
CA,2023-10,SRR26556179
CA,2023-10,SRR26637477
CA,2023-10,SRR26456222
CA,2023-10,SRR26456512
CA,2023-10,SRR26556177
CA,2023-10,SRR26703023
CA,2023-10,SRR26703010
CA,2023-10,SRR26556259
CA,2023-10,SRR26416102
CA,2023-10,SRR26556188
CA,2023-10,SRR26556181
CA,2023-10,SRR26456578
CA,2023-10,SRR26415701
CA,2023-10,SRR26637034
CA,2023-10,SRR26637176
CA,2023-10,SRR26416116
CA,2023-10,SRR26556243
CA,2023-10,SRR26416093
CA,2023-10,SRR26456770
CA,2023-10,SRR26556190
CA,2023-10,SRR26456410
CA,2023-10,SRR26416063
CA,2023-10,SRR26415702
CA,2023-10,SRR26456518
CA,2023-10,SRR26456702
CA,2023-10,SRR26637481
CA,2023-10,SRR26703007
CA,2023-10,SRR26416104
CA,2023-10,SRR26637436
CA,2023-10,SRR26637454
CA,2023-10,SRR26637031
CA,2023-10,SRR26556191
CA,2023-10,SRR26456239
CA,2023-10,SRR26556239
CA,2023-10,SRR26556186
CA,2023-10,SRR26456509
CA,2023-10,SRR26456579
CA,2023-10,SRR26416089
CA,2023-10,SRR26456279
CA,2023-10,SRR26703028
CA,2023-10,SRR26637166
CA,2023-10,SRR26637036
CA,2023-10,SRR26456398
CA,2023-10,SRR26416128
CA,2023-10,SRR26637116
CA,2023-10,SRR26545008
CA,2023-10,SRR26637254
CA,2023-10,SRR26637169
CA,2023-10,SRR26416109
CA,2023-10,SRR26556180
CA,2023-10,SRR26637130
CA,2023-10,SRR26556624
CA,2023-10,SRR26556261
CA,2023-10,SRR26556263
CA,2023-10,SRR26390918
CA,2023-10,SRR26416111
CA,2023-10,SRR26556619
CA,2023-10,SRR26390555
CA,2023-10,SRR26556312
CA,2023-10,SRR26456231
CA,2023-10,SRR26456414
CA,2023-10,SRR26416127
CA,2023-10,SRR26703017
CA,2023-10,SRR26416107
CA,2023-10,SRR26456699
CA,2023-10,SRR26590992
CA,2023-10,SRR26637483
CA,2023-10,SRR26637037
CA,2023-10,SRR26637032
CA,2023-10,SRR26545024
CA,2023-10,SRR26456570
CA,2023-10,SRR26637482
CA,2023-10,SRR26545009
CA,2023-10,SRR26456519
CA,2023-10,SRR26637161
CA,2023-10,SRR26416126
CA,2023-10,SRR26637177
CA,2023-10,SRR26637249
CA,2023-10,SRR26556240
CA,2023-10,SRR26456697
CA,2023-10,SRR26456580
CA,2023-10,SRR26590984
CA,2023-10,SRR26556241
CA,2023-10,SRR26456703
CA,2023-10,SRR26456511
CA,2023-10,SRR26556622
CA,2023-10,SRR26637113
CA,2023-10,SRR26456393
CA,2023-10,SRR26637109
CA,2023-10,SRR26590983
CA,2023-10,SRR26456573
CA,2023-10,SRR26456569
CA,2023-10,SRR26637250
CA,2023-10,SRR26637248
CA,2023-10,SRR26703031
CA,2023-10,SRR26415707
CA,2023-10,SRR26416092
CA,2023-10,SRR26491469
CA,2023-10,SRR26637173
CA,2023-10,SRR26637455
CA,2023-10,SRR26456510
CA,2023-10,SRR26491401
CA,2023-10,SRR26637033
CA,2023-10,SRR26637178
CA,2023-10,SRR26637115
CA,2023-10,SRR26556260
CA,2023-10,SRR26637172
CA,2023-10,SRR26637253
CA,2023-10,SRR26416117
CA,2023-10,SRR26456584
CA,2023-10,SRR26390549
CA,2023-10,SRR26556262
CA,2023-10,SRR26556189
CA,2023-10,SRR26415708
CA,2023-10,SRR26637245
CA,2023-10,SRR26637456
CA,2023-10,SRR26637251
CA,2023-10,SRR26637025
CA,2023-10,SRR26703002
CA,2023-10,SRR26556266
CA,2023-10,SRR26456218
CA,2023-10,SRR26703009
CA,2023-10,SRR26637104
CA,2023-10,SRR26637175
CA,2023-10,SRR26387208
CA,2023-10,SRR26637106
CA,2023-10,SRR26456571
CA,2023-10,SRR26416098
CA,2023-10,SRR26456572
CA,2023-10,SRR26415706
CA,2023-10,SRR26556264
CA,2023-10,SRR26456219
CA,2023-10,SRR26637112
CA,2023-10,SRR26545047
CA,2023-10,SRR26491405
CA,2023-10,SRR26416103
CA,2023-10,SRR26556265
CA,2023-10,SRR26456396
CA,2023-10,SRR26416094
CA,2023-10,SRR26456581
CA,2023-10,SRR26637165
CA,2023-10,SRR26637451
CA,2023-10,SRR26491403
CA,2023-10,SRR26456238
CA,2023-10,SRR26637159
CA,2023-10,SRR26390551
CA,2023-10,SRR26556182
CA,2023-10,SRR26556616
CA,2023-10,SRR26456221
CA,2023-10,SRR26416114
CA,2023-10,SRR26637103
CA,2023-10,SRR26456701
CA,2023-10,SRR26415624
CA,2023-10,SRR26415672
CA,2023-10,SRR26456567
CA,2023-10,SRR26390986
CA,2023-10,SRR26637162
CA,2023-10,SRR26415979
CA,2023-10,SRR26456582
CA,2023-10,SRR26456564
CA,2023-10,SRR26416095
CA,2023-10,SRR26556176
CA,2023-10,SRR26637105
CA,2023-10,SRR26637015
CA,2023-10,SRR26637171
CA,2023-10,SRR26637453
CA,2023-10,SRR26637040
CA,2023-10,SRR26491468
CA,2023-10,SRR26703020
CA,2023-10,SRR26456517
CA,2023-10,SRR26703011
CA,2023-10,SRR26415978
CA,2023-12,SRR29220625
CA,2023-12,SRR29220628
CA,2023-12,SRR29220629
CA,2023-12,SRR29220631
CA,2024-03,SRR28563826
CA,2024-03,SRR28563836
CA,2024-03,SRR28563837
CA,2024-03,SRR28563839
CA,2024-03,SRR28563840
CA,2024-03,SRR28563845
CA,2024-03,SRR28563849
CA,2024-03,SRR28563851
CA,2024-03,SRR28563853
CA,2024-03,SRR28563856
CA,2024-03,SRR28563860
CA,2024-03,SRR28563861
CA,2024-03,SRR28563862
CA,2024-03,SRR28563863
CA,2024-03,SRR28563867
CA,2024-03,SRR28563872
CA,2024-03,SRR28563874
CA,2024-03,SRR28563876
CA,2024-03,SRR28563878
CA,2024-03,SRR28563941
CA,2024-03,SRR28563944
CA,2024-03,SRR28563947
CA,2024-03,SRR28563949
CA,2024-03,SRR28563995
CA,2024-03,SRR28563997
CA,2024-03,SRR28564001
CA,2024-03,SRR28564008
CA,2024-03,SRR28642216
CA,2024-03,SRR28642372
CA,2024-04,SRR28642201
CA,2024-04,SRR28642204
CA,2024-04,SRR28642206
CA,2024-04,SRR28642210
CA,2024-04,SRR28642211
CA,2024-04,SRR28642229
CA,2024-04,SRR28642230
CA,2024-04,SRR28642351
CA,2024-04,SRR28642352
CA,2024-04,SRR28642353
CA,2024-04,SRR28642355
CA,2024-04,SRR28642360
CA,2024-04,SRR28642364
CA,2024-04,SRR28642373
CA,2024-04,SRR28642375
CA,2024-04,SRR28642456
CA,2024-04,SRR28780091
CA,2024-04,SRR28780104
CA,2024-04,SRR28812915
CA,2024-04,SRR28812916
CA,2024-04,SRR28812918
CA,2024-04,SRR28812923
CA,2024-04,SRR28812924
CA,2024-04,SRR28812937
CA,2024-04,SRR28812950
CA,2024-04,SRR28812956
CA,2024-04,SRR28812957
CA,2024-04,SRR28812960
CA,2024-04,SRR28812964
CA,2024-04,SRR28812965
CA,2024-04,SRR28812966
CA,2024-04,SRR28812967
CA,2024-04,SRR28812968
CA,2024-04,SRR28812974
CA,2024-04,SRR28812978
CA,2024-04,SRR28812980
CA,2024-04,SRR28813000
CA,2024-04,SRR28813004
CA,2024-04,SRR28813009
CA,2024-04,SRR28813012
CA,2024-04,SRR28813015
CA,2024-04,SRR28813016
CA,2024-04,SRR28813018
CA,2024-04,SRR28883406
CA,2024-04,SRR28883410
CA,2024-04,SRR28883412
CA,2024-04,SRR28883413
CA,2024-04,SRR28883437
CA,2024-04,SRR28883463
CA,2024-04,SRR28883464
CA,2024-04,SRR28883465
CA,2024-04,SRR28883467
CA,2024-04,SRR28883511
CA,2024-04,SRR28883512
CA,2024-04,SRR28883533
CA,2024-04,SRR28883540
CA,2024-04,SRR28883541
CA,2024-04,SRR28883542
CA,2024-04,SRR28883557
CA,2024-04,SRR28924283
CA,2024-04,SRR28924544
CA,2024-04,SRR28924547
CA,2024-04,SRR28958341
CA,2024-04,SRR28958937
CA,2024-04,SRR29098741
CA,2024-04,SRR29098847
CA,2024-04,SRR29098856
CA,2024-04,SRR29098863
CA,2024-04,SRR29098870
CA,2024-04,SRR29098884
CA,2024-04,SRR29098889
CA,2024-04,SRR29098892
CA,2024-04,SRR29098893
CA,2024-04,SRR29098894
CA,2024-04,SRR29098927
CA,2024-04,SRR29098930
CA,2024-04,SRR29098953
CA,2024-04,SRR29098954
CA,2024-04,SRR29098957
CA,2024-04,SRR29099076
CA,2024-04,SRR29099084
CA,2024-04,SRR29099088
CA,2024-05,SRR29018961
CA,2024-05,SRR29018965
CA,2024-05,SRR29018969
CA,2024-05,SRR29018981
CA,2024-05,SRR29018984
CA,2024-05,SRR29018985
CA,2024-05,SRR29018996
CA,2024-05,SRR29018997
CA,2024-05,SRR29064943
CA,2024-05,SRR29064944
CA,2024-05,SRR29064976
CA,2024-05,SRR29065009
CA,2024-05,SRR29065116
CA,2024-05,SRR29065119
CA,2024-05,SRR29065130
CA,2024-05,SRR29065131
CA,2024-05,SRR29065145
CA,2024-05,SRR29065150
CA,2024-05,SRR29065154
CA,2024-05,SRR29065167
CA,2024-05,SRR29065174
CA,2024-05,SRR29065177
CA,2024-05,SRR29065181
CA,2024-05,SRR29065182
CA,2024-05,SRR29065191
CA,2024-05,SRR29065198
CA,2024-05,SRR29065202
CA,2024-05,SRR29065205
CA,2024-05,SRR29065207
CA,2024-05,SRR29065212
CA,2024-05,SRR29065217
CA,2024-05,SRR29065222
CA,2024-05,SRR29065223
CA,2024-05,SRR29065225
CA,2024-05,SRR29098685
CA,2024-05,SRR29098686
CA,2024-05,SRR29098689
CA,2024-05,SRR29098690
CA,2024-05,SRR29098693
CA,2024-05,SRR29098706
CA,2024-05,SRR29098723
CA,2024-05,SRR29098725
CA,2024-05,SRR29098727
CA,2024-05,SRR29098729
CA,2024-05,SRR29098734
CA,2024-05,SRR29098743
CA,2024-05,SRR29098850
CA,2024-05,SRR29098868
CA,2024-05,SRR29098874
CA,2024-05,SRR29098888
CA,2024-05,SRR29098944
CA,2024-05,SRR29098955
CA,2024-05,SRR29099138
CA,2024-05,SRR29099162
CA,2024-05,SRR29220620
CA,2024-05,SRR29220646
CA,2024-05,SRR29220650
CA,2024-05,SRR29220652
CA,2024-05,SRR29220684
IND,2020-03,SRR13418715
IND,2020-03,SRR15674707
IND,2020-03,SRR15674708
IND,2020-03,SRR15674709
IND,2020-03,SRR15674710
IND,2020-03,SRR15674711
IND,2020-03,SRR15674712
IND,2020-03,SRR15674721
IND,2020-03,SRR15674722
IND,2020-03,SRR16003301
IND,2020-03,SRR16003302
IND,2020-03,SRR16376171
IND,2020-03,SRR16376300
IND,2020-03,SRR16376325
IND,2020-04,SRR11558553
IND,2020-04,SRR13023806
IND,2020-04,SRR13023844
IND,2020-04,SRR13023846
IND,2020-04,SRR13023847
IND,2020-04,SRR13023848
IND,2020-04,SRR13071081
IND,2020-04,SRR13071083
IND,2020-04,SRR13071084
IND,2020-04,SRR13418705
IND,2020-04,SRR13418708
IND,2020-04,SRR13418709
IND,2020-04,SRR13418710
IND,2020-04,SRR13418711
IND,2020-04,SRR13418713
IND,2020-04,SRR13418714
IND,2020-04,SRR15674705
IND,2020-04,SRR15674706
IND,2020-04,SRR15674713
IND,2020-04,SRR15674714
IND,2020-04,SRR15674715
IND,2020-04,SRR15674716
IND,2020-04,SRR15674717
IND,2020-04,SRR15674718
IND,2020-04,SRR15674719
IND,2020-04,SRR15674720
IND,2020-04,SRR16376261
IND,2020-04,SRR16376329
IND,2020-04,SRR16388534
IND,2020-05,SRR13023804
IND,2020-05,SRR13023805
IND,2020-05,SRR13023807
IND,2020-05,SRR13023808
IND,2020-05,SRR13023809
IND,2020-05,SRR13023810
IND,2020-05,SRR13023811
IND,2020-05,SRR13023812
IND,2020-05,SRR13023813
IND,2020-05,SRR13023814
IND,2020-05,SRR13023815
IND,2020-05,SRR13023816
IND,2020-05,SRR13023818
IND,2020-05,SRR13023824
IND,2020-05,SRR13023825
IND,2020-05,SRR13023826
IND,2020-05,SRR13023827
IND,2020-05,SRR13023828
IND,2020-05,SRR13023829
IND,2020-05,SRR13023830
IND,2020-05,SRR13023831
IND,2020-05,SRR13023832
IND,2020-05,SRR13023833
IND,2020-05,SRR13023835
IND,2020-05,SRR13023837
IND,2020-05,SRR13023838
IND,2020-05,SRR13023840
IND,2020-05,SRR13023841
IND,2020-05,SRR13023842
IND,2020-05,SRR13023843
IND,2020-05,SRR13023845
IND,2020-05,SRR13023849
IND,2020-05,SRR13023850
IND,2020-05,SRR13023851
IND,2020-05,SRR13023852
IND,2020-05,SRR13023853
IND,2020-05,SRR13071071
IND,2020-05,SRR13071072
IND,2020-05,SRR13071073
IND,2020-05,SRR13071074
IND,2020-05,SRR13071075
IND,2020-05,SRR13071076
IND,2020-05,SRR13071077
IND,2020-05,SRR13071078
IND,2020-05,SRR13071079
IND,2020-05,SRR13071080
IND,2020-05,SRR13071082
IND,2020-05,SRR13071085
IND,2020-05,SRR13071086
IND,2020-05,SRR13071087
IND,2020-05,SRR13071088
IND,2020-05,SRR13071089
IND,2020-05,SRR13071090
IND,2020-05,SRR13071091
IND,2020-05,SRR13084461
IND,2020-05,SRR13418684
IND,2020-05,SRR13418690
IND,2020-05,SRR13418691
IND,2020-05,SRR13418692
IND,2020-05,SRR13418693
IND,2020-05,SRR13418694
IND,2020-05,SRR13418695
IND,2020-05,SRR13418696
IND,2020-05,SRR13418697
IND,2020-05,SRR13418698
IND,2020-05,SRR13418699
IND,2020-05,SRR13418700
IND,2020-05,SRR13418701
IND,2020-05,SRR13418702
IND,2020-05,SRR13418703
IND,2020-05,SRR13418704
IND,2020-05,SRR13418706
IND,2020-05,SRR13418707
IND,2020-05,SRR13418717
IND,2020-05,SRR13418728
IND,2020-05,SRR13418730
IND,2020-05,SRR13418731
IND,2020-05,SRR13418732
IND,2020-05,SRR13418733
IND,2020-05,SRR13418734
IND,2020-05,SRR13418735
IND,2020-05,SRR13418736
IND,2020-05,SRR13418737
IND,2020-05,SRR13418738
IND,2020-05,SRR13418739
IND,2020-05,SRR13418740
IND,2020-05,SRR13418741
IND,2020-05,SRR13418742
IND,2020-05,SRR13418743
IND,2020-05,SRR13418744
IND,2020-05,SRR13418745
IND,2020-05,SRR13418746
IND,2020-05,SRR13418747
IND,2020-05,SRR13418748
IND,2020-05,SRR13418749
IND,2020-05,SRR13418750
IND,2020-05,SRR13418751
IND,2020-05,SRR13418752
IND,2020-05,SRR13418753
IND,2020-05,SRR13418754
IND,2020-05,SRR13418755
IND,2020-05,SRR13418756
IND,2020-05,SRR13418757
IND,2020-05,SRR13418758
IND,2020-05,SRR13418759
IND,2020-05,SRR13418760
IND,2020-05,SRR13418761
IND,2020-05,SRR13418762
IND,2020-05,SRR13418763
IND,2020-05,SRR13418764
IND,2020-05,SRR13418770
IND,2020-05,SRR13418771
IND,2020-05,SRR13418782
IND,2020-05,SRR13418793
IND,2020-05,SRR13418804
IND,2020-05,SRR13418815
IND,2020-05,SRR13418826
IND,2020-05,SRR13418837
IND,2020-05,SRR13418848
IND,2020-05,SRR13418859
IND,2020-05,SRR13418870
IND,2020-05,SRR13418881
IND,2020-05,SRR13418882
IND,2020-05,SRR13418883
IND,2020-05,SRR16376174
IND,2020-05,SRR16376180
IND,2020-05,SRR16376232
IND,2020-05,SRR16376265
IND,2020-05,SRR16376275
IND,2020-05,SRR16376290
IND,2020-05,SRR16376321
IND,2020-05,SRR16388557
IND,2020-05,SRR21973832
IND,2020-06,SRR12991871
IND,2020-06,SRR13084443
IND,2020-06,SRR13084444
IND,2020-06,SRR13084445
IND,2020-06,SRR13084446
IND,2020-06,SRR13084447
IND,2020-06,SRR13084448
IND,2020-06,SRR13084449
IND,2020-06,SRR13084450
IND,2020-06,SRR13084451
IND,2020-06,SRR13084452
IND,2020-06,SRR13084453
IND,2020-06,SRR13084454
IND,2020-06,SRR13084455
IND,2020-06,SRR13084456
IND,2020-06,SRR13084457
IND,2020-06,SRR13084458
IND,2020-06,SRR13084459
IND,2020-06,SRR13084460
IND,2020-06,SRR13084462
IND,2020-06,SRR13084463
IND,2020-06,SRR13084464
IND,2020-06,SRR13084465
IND,2020-06,SRR13084466
IND,2020-06,SRR13084467
IND,2020-06,SRR13084468
IND,2020-06,SRR13084469
IND,2020-06,SRR13418674
IND,2020-06,SRR13418675
IND,2020-06,SRR13418676
IND,2020-06,SRR13418677
IND,2020-06,SRR13418678
IND,2020-06,SRR13418679
IND,2020-06,SRR13418680
IND,2020-06,SRR13418681
IND,2020-06,SRR13418682
IND,2020-06,SRR13418683
IND,2020-06,SRR13418685
IND,2020-06,SRR13418686
IND,2020-06,SRR13418687
IND,2020-06,SRR13418688
IND,2020-06,SRR13418689
IND,2020-06,SRR13418712
IND,2020-06,SRR13418716
IND,2020-06,SRR13418718
IND,2020-06,SRR13418719
IND,2020-06,SRR13418720
IND,2020-06,SRR13418721
IND,2020-06,SRR13418722
IND,2020-06,SRR13418723
IND,2020-06,SRR13418724
IND,2020-06,SRR13418725
IND,2020-06,SRR13418726
IND,2020-06,SRR13418727
IND,2020-06,SRR13418729
IND,2020-06,SRR13418765
IND,2020-06,SRR13418866
IND,2020-06,SRR13418868
IND,2020-06,SRR13418869
IND,2020-06,SRR13418871
IND,2020-06,SRR13418872
IND,2020-06,SRR13418873
IND,2020-06,SRR13418874
IND,2020-06,SRR13418875
IND,2020-06,SRR13418876
IND,2020-06,SRR13418877
IND,2020-06,SRR13418879
IND,2020-06,SRR13418880
IND,2020-06,SRR13594118
IND,2020-06,SRR13594119
IND,2020-06,SRR13594151
IND,2020-06,SRR13594157
IND,2020-06,SRR13594258
IND,2020-06,SRR13594299
IND,2020-06,SRR13594346
IND,2020-06,SRR13594353
IND,2020-06,SRR13594581
IND,2020-06,SRR13594678
IND,2020-06,SRR16376172
IND,2020-06,SRR16376176
IND,2020-06,SRR16376192
IND,2020-06,SRR16376216
IND,2020-06,SRR16376218
IND,2020-06,SRR16376228
IND,2020-06,SRR16376229
IND,2020-06,SRR16376235
IND,2020-06,SRR16376236
IND,2020-06,SRR16376237
IND,2020-06,SRR16376239
IND,2020-06,SRR16376242
IND,2020-06,SRR16376243
IND,2020-06,SRR16376244
IND,2020-06,SRR16376245
IND,2020-06,SRR16376246
IND,2020-06,SRR16376247
IND,2020-06,SRR16376252
IND,2020-06,SRR16376253
IND,2020-06,SRR16376254
IND,2020-06,SRR16376256
IND,2020-06,SRR16376258
IND,2020-06,SRR16376259
IND,2020-06,SRR16376260
IND,2020-06,SRR16376264
IND,2020-06,SRR16376267
IND,2020-06,SRR16376270
IND,2020-06,SRR16376271
IND,2020-06,SRR16376274
IND,2020-06,SRR16376283
IND,2020-06,SRR16376298
IND,2020-06,SRR16376299
IND,2020-06,SRR16376316
IND,2020-06,SRR16376327
IND,2020-06,SRR16376357
IND,2020-06,SRR16376359
IND,2020-06,SRR16376360
IND,2020-06,SRR16376367
IND,2020-06,SRR16388523
IND,2020-06,SRR16388545
IND,2020-06,SRR16388554
IND,2020-06,SRR16388556
IND,2020-06,SRR16388577
IND,2020-06,SRR17310256
IND,2020-06,SRR17310257
IND,2020-06,SRR21973825
IND,2020-06,SRR21973829
IND,2020-06,SRR21973842
IND,2020-06,SRR21973853
IND,2020-06,SRR21973860
IND,2020-06,SRR21973864
IND,2020-06,SRR21973871
IND,2020-06,SRR21973874
IND,2020-06,SRR21973875
IND,2020-06,SRR21973876
IND,2020-06,SRR21973879
IND,2020-07,SRR16376177
IND,2020-07,SRR16376178
IND,2020-07,SRR16376182
IND,2020-07,SRR16376183
IND,2020-07,SRR16376184
IND,2020-07,SRR16376186
IND,2020-07,SRR16376187
IND,2020-07,SRR16376188
IND,2020-07,SRR16376190
IND,2020-07,SRR16376193
IND,2020-07,SRR16376194
IND,2020-07,SRR16376195
IND,2020-07,SRR16376198
IND,2020-07,SRR16376199
IND,2020-07,SRR16376200
IND,2020-07,SRR16376202
IND,2020-07,SRR16376203
IND,2020-07,SRR16376204
IND,2020-07,SRR16376205
IND,2020-07,SRR16376206
IND,2020-07,SRR16376208
IND,2020-07,SRR16376209
IND,2020-07,SRR16376210
IND,2020-07,SRR16376211
IND,2020-07,SRR16376212
IND,2020-07,SRR16376214
IND,2020-07,SRR16376215
IND,2020-07,SRR16376220
IND,2020-07,SRR16376221
IND,2020-07,SRR16376226
IND,2020-07,SRR16376230
IND,2020-07,SRR16376313
IND,2020-07,SRR16376320
IND,2020-07,SRR16376322
IND,2020-07,SRR16376324
IND,2020-07,SRR16376326
IND,2020-07,SRR16376330
IND,2020-07,SRR16376332
IND,2020-07,SRR16376334
IND,2020-07,SRR16376335
IND,2020-07,SRR16376336
IND,2020-07,SRR16376339
IND,2020-07,SRR16376341
IND,2020-07,SRR16376342
IND,2020-07,SRR16376347
IND,2020-07,SRR16376350
IND,2020-07,SRR16376351
IND,2020-07,SRR16376353
IND,2020-07,SRR16376356
IND,2020-07,SRR16376358
IND,2020-07,SRR16376361
IND,2020-07,SRR16376362
IND,2020-07,SRR16376363
IND,2020-07,SRR16376364
IND,2020-07,SRR16376366
IND,2020-07,SRR16376368
IND,2020-07,SRR16388525
IND,2020-07,SRR16388528
IND,2020-07,SRR16388529
IND,2020-07,SRR16388530
IND,2020-07,SRR16388531
IND,2020-07,SRR16388532
IND,2020-07,SRR16388533
IND,2020-07,SRR16388535
IND,2020-07,SRR16388537
IND,2020-07,SRR16388538
IND,2020-07,SRR16388539
IND,2020-07,SRR16388540
IND,2020-07,SRR16388541
IND,2020-07,SRR16388542
IND,2020-07,SRR16388543
IND,2020-07,SRR16388544
IND,2020-07,SRR16388546
IND,2020-07,SRR16388547
IND,2020-07,SRR16388550
IND,2020-07,SRR16388551
IND,2020-07,SRR16388552
IND,2020-07,SRR16388553
IND,2020-07,SRR16388558
IND,2020-07,SRR16388559
IND,2020-07,SRR16388560
IND,2020-07,SRR21186520
IND,2020-07,SRR21973856
IND,2020-07,SRR21973859
IND,2020-07,SRR21973866
IND,2020-07,SRR21973868
IND,2020-08,SRR12991870
IND,2020-08,SRR16376281
IND,2020-08,SRR16376286
IND,2020-08,SRR16376289
IND,2020-08,SRR16376293
IND,2020-08,SRR16376295
IND,2020-08,SRR16376296
IND,2020-08,SRR16376297
IND,2020-08,SRR16376301
IND,2020-08,SRR16376302
IND,2020-08,SRR16376303
IND,2020-08,SRR16376304
IND,2020-08,SRR16376307
IND,2020-08,SRR16376309
IND,2020-08,SRR16376310
IND,2020-08,SRR16376315
IND,2020-08,SRR16376317
IND,2020-08,SRR16376333
IND,2020-08,SRR16388522
IND,2020-08,SRR16388524
IND,2020-08,SRR16388527
IND,2020-08,SRR16388536
IND,2020-08,SRR16388561
IND,2020-08,SRR16388562
IND,2020-08,SRR16388563
IND,2020-08,SRR16388564
IND,2020-08,SRR16388565
IND,2020-08,SRR16388567
IND,2020-08,SRR16388570
IND,2020-08,SRR16388573
IND,2020-08,SRR16388574
IND,2020-08,SRR16388575
IND,2020-08,SRR16388576
IND,2020-08,SRR16388578
IND,2020-08,SRR16388579
IND,2020-08,SRR16388580
IND,2020-08,SRR16388581
IND,2020-08,SRR16388582
IND,2020-08,SRR16388583
IND,2020-08,SRR16388584
IND,2020-08,SRR16388585
IND,2020-08,SRR16388586
IND,2020-08,SRR21973826
IND,2020-11,SRR15400344
IND,2020-11,SRR16003193
IND,2020-11,SRR16003204
IND,2020-11,SRR16003216
IND,2020-11,SRR16003217
IND,2020-11,SRR16003294
IND,2020-11,SRR16003305
IND,2020-11,SRR16003350
IND,2020-11,SRR21973869
IND,2020-11,SRR21973878
IND,2020-11,SRR25003231
IND,2020-12,SRR24806149
IND,2020-12,SRR16003307
IND,2020-12,SRR15400319
IND,2020-12,SRR24806178
IND,2020-12,SRR24806030
IND,2020-12,SRR24806021
IND,2020-12,SRR24806014
IND,2020-12,SRR24805953
IND,2020-12,SRR24806177
IND,2020-12,SRR16003304
IND,2020-12,SRR24806159
IND,2020-12,SRR24806230
IND,2020-12,SRR24806219
IND,2020-12,SRR24806115
IND,2020-12,SRR16003261
IND,2020-12,SRR24806135
IND,2020-12,SRR24806070
IND,2020-12,SRR15400355
IND,2020-12,SRR15400343
IND,2020-12,SRR16003272
IND,2020-12,SRR24806012
IND,2020-12,SRR24806017
IND,2020-12,SRR24806094
IND,2020-12,SRR24806139
IND,2020-12,SRR24806231
IND,2020-12,SRR24806124
IND,2020-12,SRR24806006
IND,2020-12,SRR24806171
IND,2020-12,SRR24806152
IND,2020-12,SRR24806166
IND,2020-12,SRR24806218
IND,2020-12,SRR24806069
IND,2020-12,SRR24806013
IND,2020-12,SRR24806077
IND,2020-12,SRR24806134
IND,2020-12,SRR24806031
IND,2020-12,SRR15400264
IND,2020-12,SRR24806184
IND,2020-12,SRR24805973
IND,2020-12,SRR24806164
IND,2020-12,SRR24806215
IND,2020-12,SRR24806048
IND,2020-12,SRR24806196
IND,2020-12,SRR24805972
IND,2020-12,SRR24806211
IND,2020-12,SRR24806185
IND,2020-12,SRR24806047
IND,2020-12,SRR24806222
IND,2020-12,SRR24806212
IND,2020-12,SRR24806059
IND,2020-12,SRR16003283
IND,2020-12,SRR24806052
IND,2020-12,SRR24806049
IND,2020-12,SRR24806208
IND,2020-12,SRR24806026
IND,2020-12,SRR15910831
IND,2020-12,SRR24806080
IND,2020-12,SRR24806102
IND,2020-12,SRR16003328
IND,2020-12,SRR24806058
IND,2020-12,SRR16003239
IND,2020-12,SRR24806122
IND,2020-12,SRR24806035
IND,2020-12,SRR24806146
IND,2020-12,SRR24806144
IND,2020-12,SRR24806053
IND,2020-12,SRR24806130
IND,2020-12,SRR24806002
IND,2020-12,SRR15911137
IND,2020-12,SRR24806173
IND,2020-12,SRR24806155
IND,2020-12,SRR24806016
IND,2020-12,SRR24806034
IND,2020-12,SRR24806168
IND,2020-12,SRR24806210
IND,2020-12,SRR16003303
IND,2020-12,SRR24806180
IND,2020-12,SRR24806189
IND,2020-12,SRR24806079
IND,2020-12,SRR24806054
IND,2020-12,SRR24805974
IND,2020-12,SRR24806056
IND,2020-12,SRR24806051
IND,2020-12,SRR24806009
IND,2020-12,SRR24806027
IND,2020-12,SRR16003215
IND,2020-12,SRR24805977
IND,2020-12,SRR24806101
IND,2020-12,SRR24806226
IND,2020-12,SRR24806163
IND,2020-12,SRR24806081
IND,2020-12,SRR24806150
IND,2020-12,SRR24806028
IND,2020-12,SRR24806123
IND,2020-12,SRR24806199
IND,2020-12,SRR24806044
IND,2020-12,SRR15911055
IND,2020-12,SRR24806156
IND,2020-12,SRR24806214
IND,2020-12,SRR24806041
IND,2020-12,SRR24806064
IND,2020-12,SRR24806141
IND,2020-12,SRR15911126
IND,2020-12,SRR24806010
IND,2020-12,SRR24806202
IND,2020-12,SRR24806204
IND,2020-12,SRR24806090
IND,2020-12,SRR24806063
IND,2020-12,SRR24806172
IND,2020-12,SRR24805954
IND,2020-12,SRR24806174
IND,2020-12,SRR24806224
IND,2020-12,SRR24806022
IND,2020-12,SRR24806095
IND,2020-12,SRR24806057
IND,2020-12,SRR24806154
IND,2020-12,SRR24806100
IND,2020-12,SRR24806198
IND,2020-12,SRR24806088
IND,2020-12,SRR24806007
IND,2020-12,SRR24805980
IND,2020-12,SRR24806232
IND,2020-12,SRR24806158
IND,2020-12,SRR24806024
IND,2020-12,SRR24806093
IND,2020-12,SRR24806157
IND,2020-12,SRR24806169
IND,2020-12,SRR24806207
IND,2020-12,SRR24806072
IND,2020-12,SRR24806125
IND,2020-12,SRR16003228
IND,2020-12,SRR24806138
IND,2020-12,SRR24806153
IND,2020-12,SRR24806098
IND,2020-12,SRR24806190
IND,2020-12,SRR24806087
IND,2020-12,SRR24806037
IND,2020-12,SRR24806160
IND,2020-12,SRR24806221
IND,2020-12,SRR24805991
IND,2020-12,SRR24806066
IND,2020-12,SRR24806203
IND,2020-12,SRR24806099
IND,2020-12,SRR16376249
IND,2020-12,SRR24806227
IND,2020-12,SRR24806195
IND,2020-12,SRR24806068
IND,2020-12,SRR24806161
IND,2020-12,SRR24806073
IND,2020-12,SRR24806145
IND,2020-12,SRR24806201
IND,2020-12,SRR24805952
IND,2020-12,SRR24806043
IND,2020-12,SRR24806176
IND,2020-12,SRR24806147
IND,2020-12,SRR24805960
IND,2020-12,SRR24806186
IND,2020-12,SRR24806191
IND,2020-12,SRR24806206
IND,2020-12,SRR15323820
IND,2020-12,SRR21973836
IND,2020-12,SRR24806023
IND,2020-12,SRR24806217
IND,2020-12,SRR24806040
IND,2020-12,SRR15910997
IND,2020-12,SRR24805971
IND,2020-12,SRR24806038
IND,2020-12,SRR24806151
IND,2020-12,SRR24806074
IND,2020-12,SRR24805983
IND,2020-12,SRR24806128
IND,2020-12,SRR24806131
IND,2020-12,SRR24806060
IND,2020-12,SRR24806042
IND,2020-12,SRR24806216
IND,2020-12,SRR24806137
IND,2020-12,SRR15400275
IND,2020-12,SRR24806194
IND,2020-12,SRR24806061
IND,2020-12,SRR24806181
IND,2020-12,SRR24806129
IND,2020-12,SRR24806143
IND,2020-12,SRR24806084
IND,2020-12,SRR24806032
IND,2020-12,SRR15911115
IND,2020-12,SRR15400286
IND,2020-12,SRR24806019
IND,2020-12,SRR24806096
IND,2020-12,SRR15400308
IND,2020-12,SRR24806008
IND,2020-12,SRR24806083
IND,2020-12,SRR24806170
IND,2020-12,SRR15400297
IND,2020-12,SRR24806050
IND,2020-12,SRR24806065
IND,2020-12,SRR24806205
IND,2020-12,SRR24805976
IND,2020-12,SRR16003317
IND,2020-12,SRR24806209
IND,2020-12,SRR15910829
IND,2021-01,SRR25003260
IND,2021-01,SRR24992901
IND,2021-01,SRR24990296
IND,2021-01,SRR24993370
IND,2021-01,SRR24993281
IND,2021-01,SRR24993258
IND,2021-01,SRR24992987
IND,2021-01,SRR24992879
IND,2021-01,SRR25003314
IND,2021-01,SRR25002901
IND,2021-01,SRR24992849
IND,2021-01,SRR25003113
IND,2021-01,SRR24993684
IND,2021-01,SRR24990542
IND,2021-01,SRR24990330
IND,2021-01,SRR24992857
IND,2021-01,SRR24993223
IND,2021-01,SRR24993268
IND,2021-01,SRR25002823
IND,2021-01,SRR25003125
IND,2021-01,SRR24990298
IND,2021-01,SRR25003075
IND,2021-01,SRR24993177
IND,2021-01,SRR25003273
IND,2021-01,SRR25003364
IND,2021-01,SRR24993674
IND,2021-01,SRR24993255
IND,2021-01,SRR25002519
IND,2021-01,SRR25003112
IND,2021-01,SRR24993375
IND,2021-01,SRR24990274
IND,2021-01,SRR24993120
IND,2021-01,SRR25003360
IND,2021-01,SRR24993545
IND,2021-01,SRR25003342
IND,2021-01,SRR24993115
IND,2021-01,SRR24993196
IND,2021-01,SRR24993539
IND,2021-01,SRR25003366
IND,2021-01,SRR24992855
IND,2021-01,SRR24993623
IND,2021-01,SRR24992861
IND,2021-01,SRR24993576
IND,2021-01,SRR24993550
IND,2021-01,SRR25003127
IND,2021-01,SRR24993325
IND,2021-01,SRR24990555
IND,2021-01,SRR25002556
IND,2021-01,SRR25002861
IND,2021-01,SRR24992915
IND,2021-01,SRR24993621
IND,2021-01,SRR24992802
IND,2021-01,SRR25003065
IND,2021-01,SRR24993405
IND,2021-01,SRR25003194
IND,2021-01,SRR25003145
IND,2021-01,SRR24993579
IND,2021-01,SRR25003098
IND,2021-01,SRR24993169
IND,2021-01,SRR24992743
IND,2021-01,SRR24990612
IND,2021-01,SRR24993263
IND,2021-01,SRR24993398
IND,2021-01,SRR24992805
IND,2021-01,SRR25003355
IND,2021-01,SRR24992872
IND,2021-01,SRR25003311
IND,2021-01,SRR25003320
IND,2021-01,SRR25002534
IND,2021-01,SRR25003202
IND,2021-01,SRR24993582
IND,2021-01,SRR24993126
IND,2021-01,SRR24993588
IND,2021-01,SRR24993571
IND,2021-01,SRR24993190
IND,2021-01,SRR24993331
IND,2021-01,SRR24992745
IND,2021-01,SRR25003134
IND,2021-01,SRR25003269
IND,2021-01,SRR24993146
IND,2021-01,SRR25002857
IND,2021-01,SRR25003369
IND,2021-01,SRR24993127
IND,2021-01,SRR25002576
IND,2021-01,SRR24993622
IND,2021-01,SRR24993335
IND,2021-01,SRR25003071
IND,2021-01,SRR24993240
IND,2021-01,SRR24993515
IND,2021-01,SRR24992721
IND,2021-01,SRR24993264
IND,2021-01,SRR25003359
IND,2021-01,SRR24993496
IND,2021-01,SRR24993652
IND,2021-01,SRR24993332
IND,2021-01,SRR24992739
IND,2021-01,SRR24993192
IND,2021-01,SRR25003082
IND,2021-01,SRR24993484
IND,2021-01,SRR24993193
IND,2021-01,SRR25002817
IND,2021-01,SRR24993646
IND,2021-01,SRR25002554
IND,2021-01,SRR24993014
IND,2021-01,SRR24993326
IND,2021-01,SRR25003367
IND,2021-01,SRR24993305
IND,2021-01,SRR25003350
IND,2021-01,SRR25002894
IND,2021-01,SRR24993324
IND,2021-01,SRR25003107
IND,2021-01,SRR25002497
IND,2021-01,SRR25003106
IND,2021-01,SRR24993649
IND,2021-01,SRR25003282
IND,2021-01,SRR25003284
IND,2021-01,SRR24992975
IND,2021-01,SRR25002828
IND,2021-01,SRR25002806
IND,2021-01,SRR24992854
IND,2021-01,SRR24990639
IND,2021-01,SRR24992899
IND,2021-01,SRR24993048
IND,2021-01,SRR25003331
IND,2021-01,SRR25003327
IND,2021-01,SRR24992737
IND,2021-01,SRR24993628
IND,2021-01,SRR24993624
IND,2021-01,SRR25002586
IND,2021-01,SRR25002852
IND,2021-01,SRR24993310
IND,2021-01,SRR25003066
IND,2021-01,SRR24990280
IND,2021-01,SRR24992904
IND,2021-01,SRR25003294
IND,2021-01,SRR25003261
IND,2021-01,SRR25003321
IND,2021-01,SRR25003488
IND,2021-01,SRR25003285
IND,2021-01,SRR25002505
IND,2021-01,SRR24993118
IND,2021-01,SRR25003270
IND,2021-01,SRR24990049
IND,2021-01,SRR25003132
IND,2021-01,SRR25002818
IND,2021-01,SRR24993153
IND,2021-01,SRR25002825
IND,2021-01,SRR24992894
IND,2021-01,SRR24993411
IND,2021-01,SRR25003086
IND,2021-01,SRR25003349
IND,2021-01,SRR25003117
IND,2021-01,SRR24993605
IND,2021-01,SRR24993125
IND,2021-01,SRR25002895
IND,2021-01,SRR25002854
IND,2021-01,SRR15910717
IND,2021-01,SRR24993514
IND,2021-01,SRR25002791
IND,2021-01,SRR24990289
IND,2021-01,SRR25003102
IND,2021-01,SRR24993580
IND,2021-01,SRR24993422
IND,2021-01,SRR24993275
IND,2021-01,SRR24992724
IND,2021-01,SRR24993276
IND,2021-01,SRR25003288
IND,2021-01,SRR24992843
IND,2021-01,SRR25002787
IND,2021-01,SRR24992742
IND,2021-01,SRR25002856
IND,2021-01,SRR24992916
IND,2021-01,SRR24992920
IND,2021-01,SRR25002775
IND,2021-01,SRR24993130
IND,2021-01,SRR25003137
IND,2021-01,SRR25002851
IND,2021-01,SRR25002492
IND,2021-01,SRR25003146
IND,2021-01,SRR24993180
IND,2021-01,SRR24993449
IND,2021-01,SRR25003126
IND,2021-01,SRR25003080
IND,2021-01,SRR25002508
IND,2021-01,SRR25002839
IND,2021-01,SRR25002531
IND,2021-01,SRR24992911
IND,2021-01,SRR24993306
IND,2021-01,SRR24993260
IND,2021-01,SRR25003114
IND,2021-01,SRR24993542
IND,2021-01,SRR24990291
IND,2021-01,SRR24993265
IND,2021-01,SRR25003345
IND,2021-01,SRR24990275
IND,2021-01,SRR24992744
IND,2021-01,SRR24992732
IND,2021-01,SRR25003190
IND,2021-01,SRR24992741
IND,2021-01,SRR25003189
IND,2021-02,SRR24993283
IND,2021-02,SRR24990263
IND,2021-02,SRR24990109
IND,2021-02,SRR24993472
IND,2021-02,SRR24990811
IND,2021-02,SRR24990677
IND,2021-02,SRR24990568
IND,2021-02,SRR24990300
IND,2021-02,SRR24993469
IND,2021-02,SRR24990223
IND,2021-02,SRR24993304
IND,2021-02,SRR25003062
IND,2021-02,SRR24993001
IND,2021-02,SRR24990160
IND,2021-02,SRR24993081
IND,2021-02,SRR24992801
IND,2021-02,SRR24990132
IND,2021-02,SRR24990131
IND,2021-02,SRR24990180
IND,2021-02,SRR24990541
IND,2021-02,SRR24990578
IND,2021-02,SRR24992978
IND,2021-02,SRR24993103
IND,2021-02,SRR24990110
IND,2021-02,SRR24993012
IND,2021-02,SRR24990525
IND,2021-02,SRR24993439
IND,2021-02,SRR24993288
IND,2021-02,SRR24993401
IND,2021-02,SRR25003052
IND,2021-02,SRR24992799
IND,2021-02,SRR24990552
IND,2021-02,SRR24992898
IND,2021-02,SRR24993074
IND,2021-02,SRR24990878
IND,2021-02,SRR24993663
IND,2021-02,SRR15910767
IND,2021-02,SRR24993526
IND,2021-02,SRR24993642
IND,2021-02,SRR24990400
IND,2021-02,SRR24993399
IND,2021-02,SRR25003049
IND,2021-02,SRR24992754
IND,2021-02,SRR25002751
IND,2021-02,SRR24990373
IND,2021-02,SRR24990539
IND,2021-02,SRR24993528
IND,2021-02,SRR24992752
IND,2021-02,SRR25003055
IND,2021-02,SRR25002769
IND,2021-02,SRR24992776
IND,2021-02,SRR24990191
IND,2021-02,SRR24992763
IND,2021-02,SRR24992756
IND,2021-02,SRR24993105
IND,2021-02,SRR24990771
IND,2021-02,SRR24990138
IND,2021-02,SRR24993464
IND,2021-02,SRR24992924
IND,2021-02,SRR24992995
IND,2021-02,SRR24990269
IND,2021-02,SRR24992774
IND,2021-02,SRR24990156
IND,2021-02,SRR24993005
IND,2021-02,SRR24990926
IND,2021-02,SRR24993197
IND,2021-02,SRR24993154
IND,2021-02,SRR24992765
IND,2021-02,SRR24993024
IND,2021-02,SRR24990493
IND,2021-02,SRR24993407
IND,2021-02,SRR24990151
IND,2021-02,SRR24990139
IND,2021-02,SRR24993295
IND,2021-02,SRR24990575
IND,2021-02,SRR24990924
IND,2021-02,SRR24993530
IND,2021-02,SRR25002767
IND,2021-02,SRR24990213
IND,2021-02,SRR24993589
IND,2021-02,SRR24993638
IND,2021-02,SRR24992921
IND,2021-02,SRR24993234
IND,2021-02,SRR24992767
IND,2021-02,SRR24990412
IND,2021-02,SRR24992770
IND,2021-02,SRR24992761
IND,2021-02,SRR24990536
IND,2021-02,SRR24993300
IND,2021-02,SRR24990772
IND,2021-02,SRR25002758
IND,2021-02,SRR24993333
IND,2021-02,SRR24993287
IND,2021-02,SRR24990152
IND,2021-02,SRR24993128
IND,2021-02,SRR24993463
IND,2021-02,SRR24990416
IND,2021-02,SRR24992994
IND,2021-02,SRR25003060
IND,2021-02,SRR24993445
IND,2021-02,SRR24992926
IND,2021-02,SRR24993466
IND,2021-02,SRR24990789
IND,2021-02,SRR25003267
IND,2021-02,SRR24993008
IND,2021-02,SRR25002754
IND,2021-02,SRR24992702
IND,2021-02,SRR24990144
IND,2021-02,SRR24990576
IND,2021-02,SRR25003047
IND,2021-02,SRR24991025
IND,2021-02,SRR24992789
IND,2021-02,SRR24990778
IND,2021-02,SRR24990149
IND,2021-02,SRR24990537
IND,2021-02,SRR24993019
IND,2021-02,SRR24993301
IND,2021-02,SRR24993297
IND,2021-02,SRR24993292
IND,2021-02,SRR24992964
IND,2021-02,SRR24992786
IND,2021-02,SRR24993285
IND,2021-02,SRR24992923
IND,2021-02,SRR24990336
IND,2021-02,SRR24993552
IND,2021-02,SRR25003057
IND,2021-02,SRR24990682
IND,2021-02,SRR25002762
IND,2021-02,SRR24992996
IND,2021-02,SRR24990767
IND,2021-02,SRR24993054
IND,2021-02,SRR24992824
IND,2021-02,SRR24993030
IND,2021-02,SRR24992788
IND,2021-02,SRR24993525
IND,2021-02,SRR24993423
IND,2021-02,SRR24990299
IND,2021-02,SRR24992980
IND,2021-02,SRR24992943
IND,2021-02,SRR24990169
IND,2021-02,SRR24990140
IND,2021-02,SRR24990261
IND,2021-02,SRR24990357
IND,2021-02,SRR24993666
IND,2021-02,SRR24993643
IND,2021-02,SRR24993100
IND,2021-02,SRR24990148
IND,2021-02,SRR24992781
IND,2021-02,SRR24992779
IND,2021-02,SRR24993558
IND,2021-02,SRR24992929
IND,2021-02,SRR24992991
IND,2021-02,SRR24990704
IND,2021-02,SRR24993006
IND,2021-02,SRR15910817
IND,2021-02,SRR24990264
IND,2021-02,SRR24993533
IND,2021-02,SRR24993438
IND,2021-02,SRR24993675
IND,2021-02,SRR25003266
IND,2021-02,SRR24993632
IND,2021-02,SRR24992840
IND,2021-02,SRR24990384
IND,2021-02,SRR24993541
IND,2021-02,SRR15400326
IND,2021-02,SRR24993432
IND,2021-02,SRR24992976
IND,2021-02,SRR24990422
IND,2021-02,SRR24992979
IND,2021-02,SRR24990245
IND,2021-02,SRR24990943
IND,2021-02,SRR24993009
IND,2021-02,SRR25002761
IND,2021-02,SRR24993132
IND,2021-02,SRR24992772
IND,2021-02,SRR24990411
IND,2021-02,SRR24992997
IND,2021-02,SRR24992992
IND,2021-02,SRR15400315
IND,2021-02,SRR24992697
IND,2021-02,SRR24992941
IND,2021-02,SRR24990083
IND,2021-02,SRR24993523
IND,2021-02,SRR24993188
IND,2021-02,SRR24990981
IND,2021-02,SRR24990601
IND,2021-02,SRR24990145
IND,2021-02,SRR24990655
IND,2021-02,SRR24993470
IND,2021-02,SRR24990159
IND,2021-02,SRR24992939
IND,2021-02,SRR24993476
IND,2021-02,SRR24990270
IND,2021-02,SRR24990271
IND,2021-02,SRR24992934
IND,2021-02,SRR24990413
IND,2021-02,SRR24993286
IND,2021-02,SRR24993117
IND,2021-02,SRR24993294
IND,2021-02,SRR24990531
IND,2021-03,SRR24989434
IND,2021-03,SRR15400314
IND,2021-03,SRR24990385
IND,2021-03,SRR24990348
IND,2021-03,SRR24990239
IND,2021-03,SRR24990054
IND,2021-03,SRR24989423
IND,2021-03,SRR24990933
IND,2021-03,SRR24988941
IND,2021-03,SRR24990733
IND,2021-03,SRR15400323
IND,2021-03,SRR15400321
IND,2021-03,SRR24988947
IND,2021-03,SRR24990233
IND,2021-03,SRR24990334
IND,2021-03,SRR24990881
IND,2021-03,SRR15400317
IND,2021-03,SRR24990196
IND,2021-03,SRR24991042
IND,2021-03,SRR24990729
IND,2021-03,SRR24990236
IND,2021-03,SRR24990763
IND,2021-03,SRR24990388
IND,2021-03,SRR15400293
IND,2021-03,SRR24990078
IND,2021-03,SRR24991040
IND,2021-03,SRR24990561
IND,2021-03,SRR24990956
IND,2021-03,SRR24990074
IND,2021-03,SRR24990230
IND,2021-03,SRR24990530
IND,2021-03,SRR24991043
IND,2021-03,SRR24988946
IND,2021-03,SRR24990685
IND,2021-03,SRR24989192
IND,2021-03,SRR24990660
IND,2021-03,SRR24990565
IND,2021-03,SRR24990372
IND,2021-03,SRR15910830
IND,2021-03,SRR24990779
IND,2021-03,SRR24989665
IND,2021-03,SRR24990683
IND,2021-03,SRR21973833
IND,2021-03,SRR24990408
IND,2021-03,SRR24990663
IND,2021-03,SRR24990187
IND,2021-03,SRR15911136
IND,2021-03,SRR15910853
IND,2021-03,SRR24990244
IND,2021-03,SRR24990404
IND,2021-03,SRR21973848
IND,2021-03,SRR24991006
IND,2021-03,SRR24989422
IND,2021-03,SRR24990921
IND,2021-03,SRR24991001
IND,2021-03,SRR24990769
IND,2021-03,SRR24990667
IND,2021-03,SRR24990081
IND,2021-03,SRR24990673
IND,2021-03,SRR24990656
IND,2021-03,SRR24990224
IND,2021-03,SRR24990376
IND,2021-03,SRR15911139
IND,2021-03,SRR24990092
IND,2021-03,SRR24991046
IND,2021-03,SRR24990084
IND,2021-03,SRR24990782
IND,2021-03,SRR24990684
IND,2021-03,SRR24990379
IND,2021-03,SRR24990235
IND,2021-03,SRR24990516
IND,2021-03,SRR15910984
IND,2021-03,SRR24990329
IND,2021-03,SRR24991039
IND,2021-03,SRR24990504
IND,2021-03,SRR24990198
IND,2021-03,SRR24989933
IND,2021-03,SRR15400324
IND,2021-03,SRR24989427
IND,2021-03,SRR24990775
IND,2021-03,SRR24990843
IND,2021-03,SRR24990397
IND,2021-03,SRR24990752
IND,2021-03,SRR24990919
IND,2021-03,SRR24990076
IND,2021-03,SRR24990870
IND,2021-03,SRR24990520
IND,2021-03,SRR24990356
IND,2021-03,SRR24990195
IND,2021-03,SRR24990756
IND,2021-03,SRR24990776
IND,2021-03,SRR24990510
IND,2021-03,SRR24990876
IND,2021-03,SRR24990887
IND,2021-03,SRR24989931
IND,2021-03,SRR24990907
IND,2021-03,SRR24989664
IND,2021-03,SRR24990675
IND,2021-03,SRR24990394
IND,2021-03,SRR24990378
IND,2021-03,SRR24989930
IND,2021-03,SRR24990676
IND,2021-03,SRR24990407
IND,2021-03,SRR24990229
IND,2021-03,SRR24990957
IND,2021-03,SRR24990406
IND,2021-03,SRR24990197
IND,2021-03,SRR24990103
IND,2021-03,SRR24989432
IND,2021-03,SRR15911135
IND,2021-03,SRR24990362
IND,2021-03,SRR24990351
IND,2021-03,SRR24990906
IND,2021-03,SRR24990681
IND,2021-03,SRR15400313
IND,2021-03,SRR24990743
IND,2021-03,SRR15910973
IND,2021-03,SRR16003299
IND,2021-03,SRR24990502
IND,2021-03,SRR24990902
IND,2021-03,SRR24990702
IND,2021-03,SRR24990934
IND,2021-03,SRR24990226
IND,2021-03,SRR24990483
IND,2021-03,SRR24990875
IND,2021-03,SRR24990188
IND,2021-03,SRR24990186
IND,2021-03,SRR24990766
IND,2021-03,SRR24990335
IND,2021-03,SRR24990917
IND,2021-03,SRR24989923
IND,2021-03,SRR24990387
IND,2021-03,SRR24990914
IND,2021-03,SRR15400292
IND,2021-03,SRR24990895
IND,2021-03,SRR24990662
IND,2021-03,SRR15910995
IND,2021-03,SRR24990562
IND,2021-03,SRR24990377
IND,2021-03,SRR24990679
IND,2021-03,SRR24989932
IND,2021-03,SRR24990689
IND,2021-03,SRR24990509
IND,2021-03,SRR24990091
IND,2021-03,SRR24990877
IND,2021-03,SRR24990064
IND,2021-03,SRR24990232
IND,2021-03,SRR24990911
IND,2021-03,SRR24990243
IND,2021-03,SRR15400288
IND,2021-03,SRR24990754
IND,2021-03,SRR24990661
IND,2021-03,SRR24990846
IND,2021-03,SRR24990358
IND,2021-03,SRR24990686
IND,2021-03,SRR24988943
IND,2021-03,SRR24990361
IND,2021-03,SRR15910951
IND,2021-03,SRR24990501
IND,2021-03,SRR24990066
IND,2021-03,SRR24990508
IND,2021-03,SRR24990999
IND,2021-03,SRR24990490
IND,2021-03,SRR24989419
IND,2021-03,SRR24990857
IND,2021-03,SRR24990182
IND,2021-03,SRR24990732
IND,2021-03,SRR21973850
IND,2021-03,SRR24991005
IND,2021-03,SRR24990695
IND,2021-03,SRR24990374
IND,2021-03,SRR15400287
IND,2021-03,SRR24990484
IND,2021-03,SRR24990080
IND,2021-03,SRR24990885
IND,2021-03,SRR15400296
IND,2021-03,SRR24990744
IND,2021-03,SRR24990787
IND,2021-03,SRR24990072
IND,2021-03,SRR24989443
IND,2021-03,SRR15400320
IND,2021-03,SRR24989444
IND,2021-03,SRR24990867
IND,2021-03,SRR15910730
IND,2021-03,SRR15910791
IND,2021-03,SRR24990668
IND,2021-03,SRR24990345
IND,2021-03,SRR15400327
IND,2021-03,SRR24990899
IND,2021-03,SRR24990375
IND,2021-03,SRR24990688
IND,2021-03,SRR15911054
IND,2021-03,SRR15911066
IND,2021-03,SRR24990522
IND,2021-03,SRR24990340
IND,2021-03,SRR25001609
IND,2021-03,SRR24988935
IND,2021-03,SRR24990853
IND,2021-03,SRR24990760
IND,2021-03,SRR24990489
IND,2021-04,SRR15910725
IND,2021-04,SRR15400265
IND,2021-04,SRR15911019
IND,2021-04,SRR15910957
IND,2021-04,SRR15910945
IND,2021-04,SRR15910783
IND,2021-04,SRR15911119
IND,2021-04,SRR15400280
IND,2021-04,SRR15911078
IND,2021-04,SRR15911120
IND,2021-04,SRR16003277
IND,2021-04,SRR15911018
IND,2021-04,SRR15400276
IND,2021-04,SRR15911037
IND,2021-04,SRR15910934
IND,2021-04,SRR15400260
IND,2021-04,SRR15400259
IND,2021-04,SRR15400277
IND,2021-04,SRR15910723
IND,2021-04,SRR15910734
IND,2021-04,SRR15911001
IND,2021-04,SRR15911046
IND,2021-04,SRR15400258
IND,2021-04,SRR15911023
IND,2021-04,SRR15910713
IND,2021-04,SRR15911113
IND,2021-04,SRR15911067
IND,2021-04,SRR15911109
IND,2021-04,SRR21973834
IND,2021-04,SRR15910930
IND,2021-04,SRR15910724
IND,2021-04,SRR21973852
IND,2021-04,SRR15911035
IND,2021-04,SRR21973851
IND,2021-04,SRR15911155
IND,2021-04,SRR16003270
IND,2021-04,SRR14877916
IND,2021-04,SRR15911125
IND,2021-04,SRR15911152
IND,2021-04,SRR15400367
IND,2021-04,SRR15911087
IND,2021-04,SRR16003297
IND,2021-04,SRR15910843
IND,2021-04,SRR16003276
IND,2021-04,SRR15400365
IND,2021-04,SRR16003292
IND,2021-04,SRR15911127
IND,2021-04,SRR15910841
IND,2021-04,SRR21973845
IND,2021-04,SRR16003293
IND,2021-04,SRR15910913
IND,2021-04,SRR15400278
IND,2021-04,SRR15910850
IND,2021-04,SRR15910844
IND,2021-04,SRR16003289
IND,2021-04,SRR15910778
IND,2021-04,SRR15400263
IND,2021-04,SRR15911117
IND,2021-04,SRR15910948
IND,2021-04,SRR15911016
IND,2021-04,SRR15400285
IND,2021-04,SRR15910857
IND,2021-04,SRR15400273
IND,2021-04,SRR15911020
IND,2021-04,SRR15910793
IND,2021-04,SRR15911059
IND,2021-04,SRR15911056
IND,2021-04,SRR15910852
IND,2021-04,SRR15911027
IND,2021-04,SRR15910712
IND,2021-04,SRR15911110
IND,2021-04,SRR15400270
IND,2021-04,SRR15911143
IND,2021-04,SRR15911070
IND,2021-04,SRR15910728
IND,2021-04,SRR15910790
IND,2021-04,SRR15911130
IND,2021-04,SRR16003291
IND,2021-04,SRR15400279
IND,2021-04,SRR15911164
IND,2021-04,SRR16003263
IND,2021-04,SRR15910947
IND,2021-04,SRR15911061
IND,2021-04,SRR15910854
IND,2021-04,SRR15400368
IND,2021-04,SRR15910855
IND,2021-04,SRR15910849
IND,2021-04,SRR15910720
IND,2021-04,SRR15911074
IND,2021-04,SRR15910779
IND,2021-04,SRR15911065
IND,2021-04,SRR15400271
IND,2021-04,SRR15911047
IND,2021-04,SRR16003268
IND,2021-04,SRR15910701
IND,2021-04,SRR15911014
IND,2021-04,SRR15910740
IND,2021-04,SRR15911081
IND,2021-04,SRR15910949
IND,2021-04,SRR15911111
IND,2021-04,SRR15910781
IND,2021-04,SRR15911022
IND,2021-04,SRR16003279
IND,2021-04,SRR15910835
IND,2021-04,SRR15400267
IND,2021-04,SRR15911141
IND,2021-04,SRR16003296
IND,2021-04,SRR15910801
IND,2021-04,SRR15910919
IND,2021-04,SRR15911076
IND,2021-04,SRR15400269
IND,2021-04,SRR15910722
IND,2021-04,SRR15911025
IND,2021-04,SRR15911042
IND,2021-04,SRR15911034
IND,2021-04,SRR15910959
IND,2021-04,SRR15910918
IND,2021-04,SRR15911140
IND,2021-04,SRR15400361
IND,2021-04,SRR15911144
IND,2021-04,SRR15400360
IND,2021-04,SRR15910743
IND,2021-04,SRR15911133
IND,2021-04,SRR15911129
IND,2021-04,SRR15910937
IND,2021-04,SRR15911039
IND,2021-04,SRR15911124
IND,2021-04,SRR16003271
IND,2021-04,SRR21973865
IND,2021-04,SRR15911005
IND,2021-04,SRR15910958
IND,2021-04,SRR15911165
IND,2021-04,SRR21973870
IND,2021-04,SRR15400282
IND,2021-04,SRR15400272
IND,2021-04,SRR15911123
IND,2021-04,SRR15911114
IND,2021-04,SRR15911024
IND,2021-04,SRR16003264
IND,2021-04,SRR15911026
IND,2021-04,SRR15910794
IND,2021-04,SRR16003274
IND,2021-04,SRR15911122
IND,2021-04,SRR15910711
IND,2021-04,SRR15910952
IND,2021-04,SRR16003285
IND,2021-04,SRR15911017
IND,2021-04,SRR15400357
IND,2021-04,SRR15910782
IND,2021-04,SRR15910941
IND,2021-04,SRR16003273
IND,2021-04,SRR15910954
IND,2021-04,SRR15911009
IND,2021-04,SRR15911052
IND,2021-04,SRR15911072
IND,2021-04,SRR21973824
IND,2021-04,SRR15911131
IND,2021-04,SRR15400359
IND,2021-04,SRR15910915
IND,2021-04,SRR15910834
IND,2021-04,SRR16003284
IND,2021-04,SRR16003280
IND,2021-04,SRR15400362
IND,2021-04,SRR15911172
IND,2021-04,SRR15910956
IND,2021-04,SRR15911069
IND,2021-04,SRR14877915
IND,2021-04,SRR16003267
IND,2021-04,SRR15911082
IND,2021-04,SRR15400358
IND,2021-04,SRR15910774
IND,2021-04,SRR21973830
IND,2021-04,SRR15911079
IND,2021-04,SRR15400266
IND,2021-04,SRR21973862
IND,2021-04,SRR15400364
IND,2021-04,SRR15910833
IND,2021-04,SRR16003275
IND,2021-04,SRR15910798
IND,2021-04,SRR15911112
IND,2021-04,SRR15911006
IND,2021-04,SRR15910708
IND,2021-04,SRR15910927
IND,2021-04,SRR15911171
IND,2021-04,SRR16003278
IND,2021-04,SRR15911080
IND,2021-04,SRR15911062
IND,2021-04,SRR15911064
IND,2021-04,SRR14877917
IND,2021-04,SRR15910916
IND,2021-04,SRR15910705
IND,2021-04,SRR16003213
IND,2021-04,SRR15400284
IND,2021-04,SRR16003295
IND,2021-04,SRR15910928
IND,2021-04,SRR15400262
IND,2021-04,SRR15910776
IND,2021-04,SRR15910789
IND,2021-04,SRR15910718
IND,2021-04,SRR14877919
IND,2021-05,SRR16003188
IND,2021-05,SRR15358614
IND,2021-05,SRR15358569
IND,2021-05,SRR16003248
IND,2021-05,SRR15910707
IND,2021-05,SRR15400338
IND,2021-05,SRR15358674
IND,2021-05,SRR15358628
IND,2021-05,SRR16003246
IND,2021-05,SRR15358609
IND,2021-05,SRR16003209
IND,2021-05,SRR24068854
IND,2021-05,SRR15911013
IND,2021-05,SRR15358601
IND,2021-05,SRR15911090
IND,2021-05,SRR15910898
IND,2021-05,SRR15358573
IND,2021-05,SRR15358572
IND,2021-05,SRR15358604
IND,2021-05,SRR15358671
IND,2021-05,SRR15400332
IND,2021-05,SRR15910979
IND,2021-05,SRR15911097
IND,2021-05,SRR15358570
IND,2021-05,SRR15911045
IND,2021-05,SRR15358661
IND,2021-05,SRR16003234
IND,2021-05,SRR16003194
IND,2021-05,SRR16003226
IND,2021-05,SRR16003353
IND,2021-05,SRR15910896
IND,2021-05,SRR15358672
IND,2021-05,SRR15910914
IND,2021-05,SRR15911089
IND,2021-05,SRR15910710
IND,2021-05,SRR15358558
IND,2021-05,SRR16003258
IND,2021-05,SRR15358640
IND,2021-05,SRR16003224
IND,2021-05,SRR16003349
IND,2021-05,SRR15910832
IND,2021-05,SRR16003329
IND,2021-05,SRR15358637
IND,2021-05,SRR15358670
IND,2021-05,SRR16003262
IND,2021-05,SRR15910824
IND,2021-05,SRR21973844
IND,2021-05,SRR16003346
IND,2021-05,SRR15910874
IND,2021-05,SRR15358606
IND,2021-05,SRR15910862
IND,2021-05,SRR15910837
IND,2021-05,SRR15911098
IND,2021-05,SRR15400351
IND,2021-05,SRR15358579
IND,2021-05,SRR16003242
IND,2021-05,SRR15910932
IND,2021-05,SRR15911000
IND,2021-05,SRR15358620
IND,2021-05,SRR15910873
IND,2021-05,SRR15358597
IND,2021-05,SRR15911030
IND,2021-05,SRR15910737
IND,2021-05,SRR15911151
IND,2021-05,SRR15911106
IND,2021-05,SRR15910864
IND,2021-05,SRR15911075
IND,2021-05,SRR15358658
IND,2021-05,SRR16003227
IND,2021-05,SRR15358592
IND,2021-05,SRR15358580
IND,2021-05,SRR16003200
IND,2021-05,SRR15400328
IND,2021-05,SRR15910733
IND,2021-05,SRR16003255
IND,2021-05,SRR16003344
IND,2021-05,SRR15358608
IND,2021-05,SRR16003313
IND,2021-05,SRR16003321
IND,2021-05,SRR15910923
IND,2021-05,SRR16003186
IND,2021-05,SRR15910865
IND,2021-05,SRR15358642
IND,2021-05,SRR15910869
IND,2021-05,SRR15910851
IND,2021-05,SRR15358667
IND,2021-05,SRR16003206
IND,2021-05,SRR15400352
IND,2021-05,SRR16003212
IND,2021-05,SRR16003192
IND,2021-05,SRR15358593
IND,2021-05,SRR15911100
IND,2021-05,SRR16003233
IND,2021-05,SRR15358647
IND,2021-05,SRR15910999
IND,2021-05,SRR21973881
IND,2021-05,SRR16003231
IND,2021-05,SRR15910933
IND,2021-05,SRR16003236
IND,2021-05,SRR15400354
IND,2021-05,SRR24068857
IND,2021-05,SRR15911040
IND,2021-05,SRR16003332
IND,2021-05,SRR15910810
IND,2021-05,SRR15358585
IND,2021-05,SRR15400329
IND,2021-05,SRR16003348
IND,2021-05,SRR15910792
IND,2021-05,SRR15910886
IND,2021-05,SRR15400353
IND,2021-05,SRR15358590
IND,2021-05,SRR15358668
IND,2021-05,SRR15911051
IND,2021-05,SRR16003243
IND,2021-05,SRR16003196
IND,2021-05,SRR15910976
IND,2021-05,SRR15910883
IND,2021-05,SRR15910925
IND,2021-05,SRR15358630
IND,2021-05,SRR16003266
IND,2021-05,SRR21973872
IND,2021-05,SRR15400339
IND,2021-05,SRR16003340
IND,2021-05,SRR15911002
IND,2021-05,SRR15400350
IND,2021-05,SRR15911086
IND,2021-05,SRR15910902
IND,2021-05,SRR15911085
IND,2021-05,SRR15910885
IND,2021-05,SRR16003249
IND,2021-05,SRR16003335
IND,2021-05,SRR15358627
IND,2021-05,SRR15910981
IND,2021-05,SRR15910972
IND,2021-05,SRR15358603
IND,2021-05,SRR15358581
IND,2021-05,SRR15358613
IND,2021-05,SRR15358636
IND,2021-05,SRR16003325
IND,2021-05,SRR16003323
IND,2021-05,SRR15911094
IND,2021-05,SRR15358589
IND,2021-05,SRR15910877
IND,2021-05,SRR15910875
IND,2021-05,SRR15910938
IND,2021-05,SRR15910992
IND,2021-05,SRR15400341
IND,2021-05,SRR15911036
IND,2021-05,SRR15358560
IND,2021-05,SRR15358615
IND,2021-05,SRR16003326
IND,2021-05,SRR16003225
IND,2021-05,SRR16003322
IND,2021-05,SRR24068856
IND,2021-05,SRR16003253
IND,2021-05,SRR15910905
IND,2021-05,SRR15358639
IND,2021-05,SRR16003337
IND,2021-05,SRR15358556
IND,2021-05,SRR16003252
IND,2021-05,SRR15910977
IND,2021-05,SRR15358651
IND,2021-05,SRR15910980
IND,2021-05,SRR15358611
IND,2021-05,SRR15910744
IND,2021-05,SRR15911108
IND,2021-05,SRR16003338
IND,2021-05,SRR16003342
IND,2021-05,SRR15910871
IND,2021-05,SRR15358641
IND,2021-05,SRR15910993
IND,2021-05,SRR15358555
IND,2021-05,SRR15910803
IND,2021-05,SRR15910970
IND,2021-05,SRR15358566
IND,2021-05,SRR15911063
IND,2021-05,SRR16003251
IND,2021-05,SRR15910775
IND,2021-05,SRR15400335
IND,2021-05,SRR15358586
IND,2021-05,SRR15400336
IND,2021-05,SRR16003240
IND,2021-05,SRR15358600
IND,2021-05,SRR15910968
IND,2021-05,SRR16003245
IND,2021-05,SRR15358621
IND,2021-05,SRR15358622
IND,2021-05,SRR15910963
IND,2021-05,SRR15358643
IND,2021-05,SRR16003187
IND,2021-05,SRR15911095
IND,2021-05,SRR15910966
IND,2021-05,SRR16003254
IND,2021-05,SRR15910935
IND,2021-05,SRR21973843
IND,2021-05,SRR16003256
IND,2021-05,SRR16003232
IND,2021-05,SRR16003310
IND,2021-05,SRR16003237
IND,2021-05,SRR15910861
IND,2021-06,SRR25067346
IND,2021-06,SRR25066598
IND,2021-06,SRR15910770
IND,2021-06,SRR25067459
IND,2021-06,SRR25066842
IND,2021-06,SRR25066810
IND,2021-06,SRR25066787
IND,2021-06,SRR25066627
IND,2021-06,SRR25067454
IND,2021-06,SRR25066588
IND,2021-06,SRR25067384
IND,2021-06,SRR25067458
IND,2021-06,SRR25067183
IND,2021-06,SRR25066573
IND,2021-06,SRR25067292
IND,2021-06,SRR25067049
IND,2021-06,SRR15910808
IND,2021-06,SRR15910805
IND,2021-06,SRR25066579
IND,2021-06,SRR25066779
IND,2021-06,SRR25066798
IND,2021-06,SRR25067136
IND,2021-06,SRR25067305
IND,2021-06,SRR15910773
IND,2021-06,SRR25067200
IND,2021-06,SRR25066728
IND,2021-06,SRR25067431
IND,2021-06,SRR25067357
IND,2021-06,SRR25067414
IND,2021-06,SRR25067518
IND,2021-06,SRR25067046
IND,2021-06,SRR25066783
IND,2021-06,SRR25067077
IND,2021-06,SRR25067291
IND,2021-06,SRR25066845
IND,2021-06,SRR15910747
IND,2021-06,SRR25066687
IND,2021-06,SRR25067410
IND,2021-06,SRR25067515
IND,2021-06,SRR25066909
IND,2021-06,SRR25067472
IND,2021-06,SRR25066683
IND,2021-06,SRR25066776
IND,2021-06,SRR25066905
IND,2021-06,SRR25081089
IND,2021-06,SRR25066578
IND,2021-06,SRR25067002
IND,2021-06,SRR25066583
IND,2021-06,SRR25066928
IND,2021-06,SRR25066913
IND,2021-06,SRR25067307
IND,2021-06,SRR25066831
IND,2021-06,SRR15910859
IND,2021-06,SRR25067447
IND,2021-06,SRR25067088
IND,2021-06,SRR25067174
IND,2021-06,SRR25066612
IND,2021-06,SRR25067000
IND,2021-06,SRR25066564
IND,2021-06,SRR25067191
IND,2021-06,SRR25066861
IND,2021-06,SRR25067335
IND,2021-06,SRR25067324
IND,2021-06,SRR25066955
IND,2021-06,SRR25067271
IND,2021-06,SRR25066721
IND,2021-06,SRR25067417
IND,2021-06,SRR25066555
IND,2021-06,SRR15911033
IND,2021-06,SRR25067369
IND,2021-06,SRR25066793
IND,2021-06,SRR25066857
IND,2021-06,SRR25066565
IND,2021-06,SRR25067509
IND,2021-06,SRR25066587
IND,2021-06,SRR25067460
IND,2021-06,SRR25067466
IND,2021-06,SRR25067082
IND,2021-06,SRR25067342
IND,2021-06,SRR25066985
IND,2021-06,SRR25066690
IND,2021-06,SRR25066992
IND,2021-06,SRR25066924
IND,2021-06,SRR25066767
IND,2021-06,SRR25067378
IND,2021-06,SRR25066834
IND,2021-06,SRR25067496
IND,2021-06,SRR25067391
IND,2021-06,SRR25067355
IND,2021-06,SRR25066557
IND,2021-06,SRR25067313
IND,2021-06,SRR25067424
IND,2021-06,SRR25066699
IND,2021-06,SRR25067171
IND,2021-06,SRR25081355
IND,2021-06,SRR25066691
IND,2021-06,SRR25067091
IND,2021-06,SRR25067001
IND,2021-06,SRR25066837
IND,2021-06,SRR25067347
IND,2021-06,SRR25067397
IND,2021-06,SRR25067196
IND,2021-06,SRR25066780
IND,2021-06,SRR25067393
IND,2021-06,SRR25066893
IND,2021-06,SRR24989251
IND,2021-06,SRR25066794
IND,2021-06,SRR25067514
IND,2021-06,SRR25066884
IND,2021-06,SRR25067023
IND,2021-06,SRR25066835
IND,2021-06,SRR25066551
IND,2021-06,SRR25066770
IND,2021-06,SRR25067206
IND,2021-06,SRR25066883
IND,2021-06,SRR25066771
IND,2021-06,SRR25067363
IND,2021-06,SRR25067129
IND,2021-06,SRR25067018
IND,2021-06,SRR25067350
IND,2021-06,SRR25067087
IND,2021-06,SRR25066631
IND,2021-06,SRR25066832
IND,2021-06,SRR25081347
IND,2021-06,SRR25066812
IND,2021-06,SRR25067505
IND,2021-06,SRR25067176
IND,2021-06,SRR25066830
IND,2021-06,SRR25067284
IND,2021-06,SRR25067055
IND,2021-06,SRR25067283
IND,2021-06,SRR25067021
IND,2021-06,SRR25067442
IND,2021-06,SRR25067399
IND,2021-06,SRR25066626
IND,2021-06,SRR25067140
IND,2021-06,SRR25067123
IND,2021-06,SRR25066577
IND,2021-06,SRR15911147
IND,2021-06,SRR25066596
IND,2021-06,SRR25066680
IND,2021-06,SRR25067334
IND,2021-06,SRR25067470
IND,2021-06,SRR25067468
IND,2021-06,SRR25067299
IND,2021-06,SRR25066537
IND,2021-06,SRR25067007
IND,2021-06,SRR25067003
IND,2021-06,SRR25067354
IND,2021-06,SRR25067097
IND,2021-06,SRR25067166
IND,2021-06,SRR25066817
IND,2021-06,SRR25067192
IND,2021-06,SRR15910752
IND,2021-06,SRR25066601
IND,2021-06,SRR25067451
IND,2021-06,SRR25067439
IND,2021-06,SRR25067467
IND,2021-06,SRR25081818
IND,2021-06,SRR25067445
IND,2021-06,SRR25067062
IND,2021-06,SRR25066685
IND,2021-06,SRR25067425
IND,2021-06,SRR15910721
IND,2021-06,SRR25067371
IND,2021-06,SRR25067130
IND,2021-06,SRR25066706
IND,2021-06,SRR25067138
IND,2021-06,SRR25066592
IND,2021-06,SRR25066866
IND,2021-06,SRR25067331
IND,2021-06,SRR25067412
IND,2021-06,SRR25067504
IND,2021-06,SRR25067358
IND,2021-06,SRR25066995
IND,2021-06,SRR25066689
IND,2021-06,SRR25067177
IND,2021-06,SRR25067168
IND,2021-06,SRR15910704
IND,2021-06,SRR25067302
IND,2021-06,SRR25066892
IND,2021-06,SRR25067118
IND,2021-06,SRR15910761
IND,2021-06,SRR25067340
IND,2021-06,SRR25066965
IND,2021-06,SRR25066875
IND,2021-06,SRR25066805
IND,2021-06,SRR24989253
IND,2021-06,SRR25066806
IND,2021-06,SRR25067385
IND,2021-06,SRR25067448
IND,2021-06,SRR25066571
IND,2021-06,SRR25067115
IND,2021-06,SRR25066554
IND,2021-06,SRR25067170
IND,2021-06,SRR25066613
IND,2021-06,SRR25066616
IND,2021-06,SRR25067104
IND,2021-06,SRR25067188
IND,2021-06,SRR25066693
IND,2021-07,SRR25081834
IND,2021-07,SRR25080957
IND,2021-07,SRR25066937
IND,2021-07,SRR25081288
IND,2021-07,SRR25081219
IND,2021-07,SRR25081155
IND,2021-07,SRR25081044
IND,2021-07,SRR25075679
IND,2021-07,SRR25081883
IND,2021-07,SRR25081671
IND,2021-07,SRR25067495
IND,2021-07,SRR25081757
IND,2021-07,SRR25081459
IND,2021-07,SRR25066946
IND,2021-07,SRR25066942
IND,2021-07,SRR25074902
IND,2021-07,SRR25081150
IND,2021-07,SRR25081175
IND,2021-07,SRR25081613
IND,2021-07,SRR25081795
IND,2021-07,SRR25066939
IND,2021-07,SRR25081712
IND,2021-07,SRR25081129
IND,2021-07,SRR25081845
IND,2021-07,SRR25081925
IND,2021-07,SRR25081456
IND,2021-07,SRR25081152
IND,2021-07,SRR25081539
IND,2021-07,SRR25081756
IND,2021-07,SRR25081291
IND,2021-07,SRR25066549
IND,2021-07,SRR25081078
IND,2021-07,SRR25081922
IND,2021-07,SRR25081363
IND,2021-07,SRR25081905
IND,2021-07,SRR25081074
IND,2021-07,SRR25081147
IND,2021-07,SRR25081359
IND,2021-07,SRR25081928
IND,2021-07,SRR25074891
IND,2021-07,SRR25081409
IND,2021-07,SRR25075163
IND,2021-07,SRR25081382
IND,2021-07,SRR25081367
IND,2021-07,SRR25081797
IND,2021-07,SRR25081275
IND,2021-07,SRR25066982
IND,2021-07,SRR25081550
IND,2021-07,SRR25081662
IND,2021-07,SRR25081004
IND,2021-07,SRR25081405
IND,2021-07,SRR25067484
IND,2021-07,SRR25081678
IND,2021-07,SRR25081307
IND,2021-07,SRR25081823
IND,2021-07,SRR25081812
IND,2021-07,SRR25081385
IND,2021-07,SRR25081739
IND,2021-07,SRR25081122
IND,2021-07,SRR25067409
IND,2021-07,SRR25067148
IND,2021-07,SRR25081161
IND,2021-07,SRR25081303
IND,2021-07,SRR25067486
IND,2021-07,SRR25081917
IND,2021-07,SRR25075597
IND,2021-07,SRR25081887
IND,2021-07,SRR25081894
IND,2021-07,SRR25081544
IND,2021-07,SRR25081830
IND,2021-07,SRR25081388
IND,2021-07,SRR25081081
IND,2021-07,SRR25081394
IND,2021-07,SRR25081378
IND,2021-07,SRR25081141
IND,2021-07,SRR25081278
IND,2021-07,SRR25067430
IND,2021-07,SRR25081802
IND,2021-07,SRR25081848
IND,2021-07,SRR25081097
IND,2021-07,SRR25081659
IND,2021-07,SRR25081936
IND,2021-07,SRR25081082
IND,2021-07,SRR25081553
IND,2021-07,SRR25081408
IND,2021-07,SRR25081281
IND,2021-07,SRR25081708
IND,2021-07,SRR25081151
IND,2021-07,SRR25081340
IND,2021-07,SRR25067217
IND,2021-07,SRR25081166
IND,2021-07,SRR25081921
IND,2021-07,SRR25081331
IND,2021-07,SRR25081435
IND,2021-07,SRR25081279
IND,2021-07,SRR25067319
IND,2021-07,SRR25081143
IND,2021-07,SRR25081718
IND,2021-07,SRR25081330
IND,2021-07,SRR25081144
IND,2021-07,SRR25081607
IND,2021-07,SRR25081428
IND,2021-07,SRR25081549
IND,2021-07,SRR25081049
IND,2021-07,SRR25081276
IND,2021-07,SRR25081929
IND,2021-07,SRR25081221
IND,2021-07,SRR25081913
IND,2021-07,SRR25081664
IND,2021-07,SRR25081274
IND,2021-07,SRR25081750
IND,2021-07,SRR25081465
IND,2021-07,SRR25081749
IND,2021-07,SRR25081433
IND,2021-07,SRR25081868
IND,2021-07,SRR25081829
IND,2021-07,SRR25081043
IND,2021-07,SRR25081617
IND,2021-07,SRR25081601
IND,2021-07,SRR25074875
IND,2021-07,SRR25067159
IND,2021-07,SRR25080955
IND,2021-07,SRR25081059
IND,2021-07,SRR25081903
IND,2021-07,SRR25081899
IND,2021-07,SRR25081768
IND,2021-07,SRR25067297
IND,2021-07,SRR25081416
IND,2021-07,SRR25081410
IND,2021-07,SRR25081559
IND,2021-07,SRR25081654
IND,2021-07,SRR25081242
IND,2021-07,SRR25081682
IND,2021-07,SRR25066646
IND,2021-07,SRR25080961
IND,2021-07,SRR25081879
IND,2021-07,SRR25081841
IND,2021-07,SRR25081895
IND,2021-07,SRR25081941
IND,2021-07,SRR25081874
IND,2021-07,SRR25081504
IND,2021-07,SRR25081076
IND,2021-07,SRR25081849
IND,2021-07,SRR25066545
IND,2021-07,SRR25081806
IND,2021-07,SRR25081608
IND,2021-07,SRR25081104
IND,2021-07,SRR25081615
IND,2021-07,SRR25080950
IND,2021-07,SRR25081312
IND,2021-07,SRR25081737
IND,2021-07,SRR25081912
IND,2021-07,SRR25081793
IND,2021-07,SRR25081397
IND,2021-07,SRR25081080
IND,2021-07,SRR25081665
IND,2021-07,SRR25081656
IND,2021-07,SRR21973839
IND,2021-07,SRR25081339
IND,2021-07,SRR25081596
IND,2021-07,SRR25066929
IND,2021-07,SRR25081805
IND,2021-07,SRR25081386
IND,2021-07,SRR25081322
IND,2021-07,SRR25081198
IND,2021-07,SRR25067261
IND,2021-07,SRR25081200
IND,2021-07,SRR25081876
IND,2021-07,SRR25067493
IND,2021-07,SRR25081582
IND,2021-07,SRR25067408
IND,2021-07,SRR25081658
IND,2021-07,SRR25081015
IND,2021-07,SRR25081032
IND,2021-07,SRR25081566
IND,2021-07,SRR25081084
IND,2021-07,SRR25081811
IND,2021-07,SRR25081653
IND,2021-07,SRR25081460
IND,2021-07,SRR25081820
IND,2021-07,SRR25081719
IND,2021-07,SRR25081131
IND,2021-07,SRR25081327
IND,2021-07,SRR25081839
IND,2021-07,SRR25081721
IND,2021-07,SRR25081507
IND,2021-07,SRR25081625
IND,2021-07,SRR25081542
IND,2021-07,SRR25080978
IND,2021-07,SRR25081236
IND,2021-07,SRR25081157
IND,2021-07,SRR25081780
IND,2021-07,SRR25081361
IND,2021-07,SRR25066932
IND,2021-07,SRR25081167
IND,2021-07,SRR25081908
IND,2021-07,SRR25066550
IND,2021-07,SRR25067428
IND,2021-07,SRR25067262
IND,2021-07,SRR25081826
IND,2021-08,SRR25081233
IND,2021-08,SRR25074953
IND,2021-08,SRR25066960
IND,2021-08,SRR25081641
IND,2021-08,SRR25075335
IND,2021-08,SRR25075279
IND,2021-08,SRR25075256
IND,2021-08,SRR25074998
IND,2021-08,SRR25081636
IND,2021-08,SRR25074943
IND,2021-08,SRR25081472
IND,2021-08,SRR25081640
IND,2021-08,SRR25081006
IND,2021-08,SRR25074928
IND,2021-08,SRR25081163
IND,2021-08,SRR25075673
IND,2021-08,SRR25066969
IND,2021-08,SRR25066967
IND,2021-08,SRR25074934
IND,2021-08,SRR25075251
IND,2021-08,SRR25075267
IND,2021-08,SRR25080945
IND,2021-08,SRR25081182
IND,2021-08,SRR25066962
IND,2021-08,SRR25081023
IND,2021-08,SRR25075222
IND,2021-08,SRR25081526
IND,2021-08,SRR25081260
IND,2021-08,SRR25081511
IND,2021-08,SRR25081898
IND,2021-08,SRR25075670
IND,2021-08,SRR25075253
IND,2021-08,SRR25075724
IND,2021-08,SRR25081162
IND,2021-08,SRR25075338
IND,2021-08,SRR25066539
IND,2021-08,SRR25081695
IND,2021-08,SRR25075044
IND,2021-08,SRR25081496
IND,2021-08,SRR25081889
IND,2021-08,SRR25075402
IND,2021-08,SRR25081781
IND,2021-08,SRR25075015
IND,2021-08,SRR25075248
IND,2021-08,SRR25081699
IND,2021-08,SRR25075398
IND,2021-08,SRR25081902
IND,2021-08,SRR25074933
IND,2021-08,SRR25075484
IND,2021-08,SRR25074938
IND,2021-08,SRR25075422
IND,2021-08,SRR25075407
IND,2021-08,SRR25081184
IND,2021-08,SRR25075324
IND,2021-08,SRR25067257
IND,2021-08,SRR25081629
IND,2021-08,SRR25075735
IND,2021-08,SRR25080996
IND,2021-08,SRR25074983
IND,2021-08,SRR25075482
IND,2021-08,SRR25074919
IND,2021-08,SRR25081013
IND,2021-08,SRR25075354
IND,2021-08,SRR25081222
IND,2021-08,SRR25081205
IND,2021-08,SRR25075425
IND,2021-08,SRR25081071
IND,2021-08,SRR25075172
IND,2021-08,SRR25081514
IND,2021-08,SRR25074910
IND,2021-08,SRR25067259
IND,2021-08,SRR25081400
IND,2021-08,SRR25075261
IND,2021-08,SRR25075350
IND,2021-08,SRR25074920
IND,2021-08,SRR25081855
IND,2021-08,SRR25074942
IND,2021-08,SRR25081734
IND,2021-08,SRR25081772
IND,2021-08,SRR25075729
IND,2021-08,SRR25081229
IND,2021-08,SRR25075428
IND,2021-08,SRR25075096
IND,2021-08,SRR25075438
IND,2021-08,SRR25075418
IND,2021-08,SRR25075242
IND,2021-08,SRR25081466
IND,2021-08,SRR25075327
IND,2021-08,SRR25081787
IND,2021-08,SRR25081480
IND,2021-08,SRR25081258
IND,2021-08,SRR25074912
IND,2021-08,SRR25081190
IND,2021-08,SRR25081681
IND,2021-08,SRR25075149
IND,2021-08,SRR25080993
IND,2021-08,SRR25081628
IND,2021-08,SRR25081933
IND,2021-08,SRR25075097
IND,2021-08,SRR25075738
IND,2021-08,SRR25075483
IND,2021-08,SRR25075330
IND,2021-08,SRR25081234
IND,2021-08,SRR25081485
IND,2021-08,SRR25081019
IND,2021-08,SRR25075252
IND,2021-08,SRR25081482
IND,2021-08,SRR25075386
IND,2021-08,SRR25067479
IND,2021-08,SRR25075262
IND,2021-08,SRR25081871
IND,2021-08,SRR25075377
IND,2021-08,SRR25075505
IND,2021-08,SRR25075328
IND,2021-08,SRR25074906
IND,2021-08,SRR25075244
IND,2021-08,SRR25081030
IND,2021-08,SRR25075376
IND,2021-08,SRR25075245
IND,2021-08,SRR25081267
IND,2021-08,SRR25075805
IND,2021-08,SRR25075500
IND,2021-08,SRR25081247
IND,2021-08,SRR25075734
IND,2021-08,SRR25075002
IND,2021-08,SRR25075325
IND,2021-08,SRR25081930
IND,2021-08,SRR25075281
IND,2021-08,SRR25081846
IND,2021-08,SRR25080998
IND,2021-08,SRR25075323
IND,2021-08,SRR25081117
IND,2021-08,SRR25075680
IND,2021-08,SRR25081116
IND,2021-08,SRR25075503
IND,2021-08,SRR25081698
IND,2021-08,SRR25081570
IND,2021-08,SRR25074997
IND,2021-08,SRR25080949
IND,2021-08,SRR25075796
IND,2021-08,SRR25074932
IND,2021-08,SRR25067268
IND,2021-08,SRR25074951
IND,2021-08,SRR25075012
IND,2021-08,SRR25081216
IND,2021-08,SRR25081776
IND,2021-08,SRR25081477
IND,2021-08,SRR25081774
IND,2021-08,SRR25081172
IND,2021-08,SRR25074904
IND,2021-08,SRR25075489
IND,2021-08,SRR25075485
IND,2021-08,SRR25081478
IND,2021-08,SRR25075744
IND,2021-08,SRR25080988
IND,2021-08,SRR25075286
IND,2021-08,SRR25081014
IND,2021-08,SRR25066637
IND,2021-08,SRR25074956
IND,2021-08,SRR25081722
IND,2021-08,SRR25081900
IND,2021-08,SRR25081235
IND,2021-08,SRR25081773
IND,2021-08,SRR25081939
IND,2021-08,SRR25081701
IND,2021-08,SRR25075687
IND,2021-08,SRR25075028
IND,2021-08,SRR25081683
IND,2021-08,SRR25066535
IND,2021-08,SRR25081497
IND,2021-08,SRR25075810
IND,2021-08,SRR25075157
IND,2021-08,SRR25080947
IND,2021-08,SRR25074947
IND,2021-08,SRR25081214
IND,2021-08,SRR25075359
IND,2021-08,SRR25081943
IND,2021-08,SRR25081269
IND,2021-08,SRR25081635
IND,2021-08,SRR25081790
IND,2021-08,SRR25081483
IND,2021-08,SRR25075455
IND,2021-08,SRR25075066
IND,2021-08,SRR25080999
IND,2021-08,SRR25080990
IND,2021-08,SRR21973828
IND,2021-08,SRR25081179
IND,2021-08,SRR25075385
IND,2021-08,SRR25075791
IND,2021-08,SRR25066948
IND,2021-08,SRR25081425
IND,2021-08,SRR25075426
IND,2021-08,SRR25075368
IND,2021-08,SRR25075274
IND,2021-08,SRR25067498
IND,2021-08,SRR25075275
IND,2021-08,SRR25081522
IND,2021-08,SRR25081703
IND,2021-08,SRR25074926
IND,2021-08,SRR25075788
IND,2021-09,SRR25075609
IND,2021-09,SRR25074884
IND,2021-09,SRR25066170
IND,2021-09,SRR25075696
IND,2021-09,SRR25075105
IND,2021-09,SRR25075084
IND,2021-09,SRR25075072
IND,2021-09,SRR25074899
IND,2021-09,SRR25075694
IND,2021-09,SRR25074878
IND,2021-09,SRR25075631
IND,2021-09,SRR25075857
IND,2021-09,SRR25075846
IND,2021-09,SRR25075478
IND,2021-09,SRR25074869
IND,2021-09,SRR25075583
IND,2021-09,SRR25075216
IND,2021-09,SRR25066229
IND,2021-09,SRR25066218
IND,2021-09,SRR25074872
IND,2021-09,SRR25075069
IND,2021-09,SRR25075077
IND,2021-09,SRR25075453
IND,2021-09,SRR25075589
IND,2021-09,SRR25066186
IND,2021-09,SRR25075566
IND,2021-09,SRR25075058
IND,2021-09,SRR25075655
IND,2021-09,SRR25075616
IND,2021-09,SRR25075647
IND,2021-09,SRR25075847
IND,2021-09,SRR25075214
IND,2021-09,SRR25075070
IND,2021-09,SRR25075230
IND,2021-09,SRR25075582
IND,2021-09,SRR25075107
IND,2021-09,SRR25075770
IND,2021-09,SRR25066014
IND,2021-09,SRR25075707
IND,2021-09,SRR25075768
IND,2021-09,SRR25074967
IND,2021-09,SRR25075645
IND,2021-09,SRR25075843
IND,2021-09,SRR25075143
IND,2021-09,SRR25075822
IND,2021-09,SRR25074965
IND,2021-09,SRR25075068
IND,2021-09,SRR25075709
IND,2021-09,SRR25075140
IND,2021-09,SRR25075850
IND,2021-09,SRR25075839
IND,2021-09,SRR25075192
IND,2021-09,SRR25074874
IND,2021-09,SRR25075180
IND,2021-09,SRR25075145
IND,2021-09,SRR25075590
IND,2021-09,SRR25075100
IND,2021-09,SRR25066340
IND,2021-09,SRR25075662
IND,2021-09,SRR25075293
IND,2021-09,SRR25075472
IND,2021-09,SRR25074890
IND,2021-09,SRR25075191
IND,2021-09,SRR25074865
IND,2021-09,SRR25075561
IND,2021-09,SRR25075116
IND,2021-09,SRR25075603
IND,2021-09,SRR25075598
IND,2021-09,SRR25075182
IND,2021-09,SRR25075575
IND,2021-09,SRR25075054
IND,2021-09,SRR25075648
IND,2021-09,SRR25066521
IND,2021-09,SRR25066344
IND,2021-09,SRR25075622
IND,2021-09,SRR25075074
IND,2021-09,SRR25075114
IND,2021-09,SRR25075762
IND,2021-09,SRR25075837
IND,2021-09,SRR25074877
IND,2021-09,SRR25075775
IND,2021-09,SRR25075812
IND,2021-09,SRR25075290
IND,2021-09,SRR25075607
IND,2021-09,SRR25075183
IND,2021-09,SRR25074970
IND,2021-09,SRR25075187
IND,2021-09,SRR25075178
IND,2021-09,SRR25075064
IND,2021-09,SRR25075628
IND,2021-09,SRR25075101
IND,2021-09,SRR25075828
IND,2021-09,SRR25075634
IND,2021-09,SRR25075614
IND,2021-09,SRR25066532
IND,2021-09,SRR25075592
IND,2021-09,SRR25075705
IND,2021-09,SRR25074974
IND,2021-09,SRR25075471
IND,2021-09,SRR25075855
IND,2021-09,SRR25075703
IND,2021-09,SRR25075294
IND,2021-09,SRR25075708
IND,2021-09,SRR25075103
IND,2021-09,SRR25075860
IND,2021-09,SRR25075638
IND,2021-09,SRR25075564
IND,2021-09,SRR25075825
IND,2021-09,SRR25075635
IND,2021-09,SRR25075134
IND,2021-09,SRR25066372
IND,2021-09,SRR25075075
IND,2021-09,SRR25075841
IND,2021-09,SRR25075128
IND,2021-09,SRR25075204
IND,2021-09,SRR25075102
IND,2021-09,SRR25066494
IND,2021-09,SRR25075065
IND,2021-09,SRR25075569
IND,2021-09,SRR25075644
IND,2021-09,SRR25075652
IND,2021-09,SRR25075619
IND,2021-09,SRR25075315
IND,2021-09,SRR25075201
IND,2021-09,SRR25075612
IND,2021-09,SRR25075292
IND,2021-09,SRR25074901
IND,2021-09,SRR25075769
IND,2021-09,SRR25075852
IND,2021-09,SRR25075085
IND,2021-09,SRR25075833
IND,2021-09,SRR25075473
IND,2021-09,SRR25075094
IND,2021-09,SRR25075579
IND,2021-09,SRR25075219
IND,2021-09,SRR25075578
IND,2021-09,SRR25075203
IND,2021-09,SRR25075756
IND,2021-09,SRR25075650
IND,2021-09,SRR25074898
IND,2021-09,SRR25075457
IND,2021-09,SRR25075312
IND,2021-09,SRR25074871
IND,2021-09,SRR25066345
IND,2021-09,SRR25074883
IND,2021-09,SRR25074964
IND,2021-09,SRR25075758
IND,2021-09,SRR25075816
IND,2021-09,SRR25075814
IND,2021-09,SRR25075586
IND,2021-09,SRR25066478
IND,2021-09,SRR25075196
IND,2021-09,SRR25075193
IND,2021-09,SRR25075602
IND,2021-09,SRR25075297
IND,2021-09,SRR25075468
IND,2021-09,SRR25075087
IND,2021-09,SRR25075562
IND,2021-09,SRR25066036
IND,2021-09,SRR25074885
IND,2021-09,SRR25075765
IND,2021-09,SRR25075848
IND,2021-09,SRR25075813
IND,2021-09,SRR25075859
IND,2021-09,SRR25075759
IND,2021-09,SRR25075223
IND,2021-09,SRR25074966
IND,2021-09,SRR25075706
IND,2021-09,SRR25065998
IND,2021-09,SRR25075621
IND,2021-09,SRR25075451
IND,2021-09,SRR25075047
IND,2021-09,SRR25075456
IND,2021-09,SRR25074881
IND,2021-09,SRR25075118
IND,2021-09,SRR25075577
IND,2021-09,SRR25075831
IND,2021-09,SRR25075606
IND,2021-09,SRR25075189
IND,2021-09,SRR25074969
IND,2021-09,SRR25075474
IND,2021-09,SRR25075469
IND,2021-09,SRR25065987
IND,2021-09,SRR25075133
IND,2021-09,SRR25075309
IND,2021-09,SRR25066132
IND,2021-09,SRR25075587
IND,2021-09,SRR25075829
IND,2021-09,SRR25075124
IND,2021-09,SRR25075080
IND,2021-09,SRR25066373
IND,2021-09,SRR25075081
IND,2021-09,SRR25075711
IND,2021-09,SRR25074868
IND,2021-09,SRR25075307
IND,2021-09,SRR25075717
IND,2021-09,SRR25075470
IND,2021-09,SRR25074892
IND,2021-09,SRR25074893
IND,2021-09,SRR25075302
IND,2021-10,SRR25065957
IND,2021-10,SRR25065958
IND,2021-10,SRR25065959
IND,2021-10,SRR25065960
IND,2021-10,SRR25065961
IND,2021-10,SRR25065962
IND,2021-10,SRR25065963
IND,2021-10,SRR25065964
IND,2021-10,SRR25065966
IND,2021-10,SRR25065967
IND,2021-10,SRR25065968
IND,2021-10,SRR25065969
IND,2021-10,SRR25065970
IND,2021-10,SRR25065971
IND,2021-10,SRR25065972
IND,2021-10,SRR25065973
IND,2021-10,SRR25065974
IND,2021-10,SRR25065975
IND,2021-10,SRR25065977
IND,2021-10,SRR25065978
IND,2021-10,SRR25065979
IND,2021-10,SRR25065980
IND,2021-10,SRR25065981
IND,2021-10,SRR25065982
IND,2021-10,SRR25065983
IND,2021-10,SRR25066287
IND,2021-10,SRR25066288
IND,2021-10,SRR25066289
IND,2021-11,SRR25066302
IND,2021-11,SRR25065948
IND,2021-11,SRR25065903
IND,2021-11,SRR25066382
IND,2021-11,SRR25066069
IND,2021-11,SRR25066053
IND,2021-11,SRR25066039
IND,2021-11,SRR25065989
IND,2021-11,SRR25066380
IND,2021-11,SRR25065943
IND,2021-11,SRR25066326
IND,2021-11,SRR25066511
IND,2021-11,SRR25066501
IND,2021-11,SRR25066222
IND,2021-11,SRR25065935
IND,2021-11,SRR25066248
IND,2021-11,SRR25066154
IND,2021-11,SRR25065907
IND,2021-11,SRR25065906
IND,2021-11,SRR25065938
IND,2021-11,SRR25066035
IND,2021-11,SRR25066046
IND,2021-11,SRR25066200
IND,2021-11,SRR25066254
IND,2021-11,SRR25065904
IND,2021-11,SRR25066231
IND,2021-11,SRR25066024
IND,2021-11,SRR25066365
IND,2021-11,SRR25066307
IND,2021-11,SRR25066341
IND,2021-11,SRR25066500
IND,2021-11,SRR25066152
IND,2021-11,SRR25066037
IND,2021-11,SRR25066168
IND,2021-11,SRR25066247
IND,2021-11,SRR25066075
IND,2021-11,SRR25066457
IND,2021-11,SRR25065894
IND,2021-11,SRR25066406
IND,2021-11,SRR25066434
IND,2021-11,SRR25066000
IND,2021-11,SRR25066338
IND,2021-11,SRR25066497
IND,2021-11,SRR25066108
IND,2021-11,SRR25066476
IND,2021-11,SRR25065997
IND,2021-11,SRR25066034
IND,2021-11,SRR25066408
IND,2021-11,SRR25066106
IND,2021-11,SRR25066504
IND,2021-11,SRR25066493
IND,2021-11,SRR25066130
IND,2021-11,SRR25065940
IND,2021-11,SRR25066117
IND,2021-11,SRR25066110
IND,2021-11,SRR25066255
IND,2021-11,SRR25066064
IND,2021-11,SRR25065913
IND,2021-11,SRR25066376
IND,2021-11,SRR25066175
IND,2021-11,SRR25066216
IND,2021-11,SRR25065954
IND,2021-11,SRR25066128
IND,2021-11,SRR25065931
IND,2021-11,SRR25066225
IND,2021-11,SRR25066083
IND,2021-11,SRR25066296
IND,2021-11,SRR25066290
IND,2021-11,SRR25066119
IND,2021-11,SRR25066241
IND,2021-11,SRR25066021
IND,2021-11,SRR25066342
IND,2021-11,SRR25065926
IND,2021-11,SRR25065914
IND,2021-11,SRR25066313
IND,2021-11,SRR25066042
IND,2021-11,SRR25066081
IND,2021-11,SRR25066423
IND,2021-11,SRR25066491
IND,2021-11,SRR25065942
IND,2021-11,SRR25066460
IND,2021-11,SRR25066467
IND,2021-11,SRR25066172
IND,2021-11,SRR25066300
IND,2021-11,SRR25066120
IND,2021-11,SRR25066002
IND,2021-11,SRR25066124
IND,2021-11,SRR25066115
IND,2021-11,SRR25066031
IND,2021-11,SRR25066323
IND,2021-11,SRR25066065
IND,2021-11,SRR25066483
IND,2021-11,SRR25066330
IND,2021-11,SRR25066306
IND,2021-11,SRR25065927
IND,2021-11,SRR25066257
IND,2021-11,SRR25066403
IND,2021-11,SRR25066006
IND,2021-11,SRR25066215
IND,2021-11,SRR25066509
IND,2021-11,SRR25066397
IND,2021-11,SRR25066176
IND,2021-11,SRR25066473
IND,2021-11,SRR25066067
IND,2021-11,SRR25066514
IND,2021-11,SRR25066333
IND,2021-11,SRR25066228
IND,2021-11,SRR25066480
IND,2021-11,SRR25066331
IND,2021-11,SRR25066100
IND,2021-11,SRR25065919
IND,2021-11,SRR25066043
IND,2021-11,SRR25066496
IND,2021-11,SRR25066095
IND,2021-11,SRR25066142
IND,2021-11,SRR25066066
IND,2021-11,SRR25065924
IND,2021-11,SRR25066032
IND,2021-11,SRR25066234
IND,2021-11,SRR25066336
IND,2021-11,SRR25066332
IND,2021-11,SRR25066310
IND,2021-11,SRR25066196
IND,2021-11,SRR25066139
IND,2021-11,SRR25066304
IND,2021-11,SRR25066174
IND,2021-11,SRR25065991
IND,2021-11,SRR25066472
IND,2021-11,SRR25066507
IND,2021-11,SRR25066054
IND,2021-11,SRR25066487
IND,2021-11,SRR25066217
IND,2021-11,SRR25066062
IND,2021-11,SRR25066245
IND,2021-11,SRR25066157
IND,2021-11,SRR25066244
IND,2021-11,SRR25066141
IND,2021-11,SRR25066418
IND,2021-11,SRR25066343
IND,2021-11,SRR25065988
IND,2021-11,SRR25066202
IND,2021-11,SRR25066193
IND,2021-11,SRR25065937
IND,2021-11,SRR25065915
IND,2021-11,SRR25065947
IND,2021-11,SRR25065996
IND,2021-11,SRR25066420
IND,2021-11,SRR25066471
IND,2021-11,SRR25066469
IND,2021-11,SRR25066251
IND,2021-11,SRR25065923
IND,2021-11,SRR25066134
IND,2021-11,SRR25066131
IND,2021-11,SRR25066294
IND,2021-11,SRR25066179
IND,2021-11,SRR25066212
IND,2021-11,SRR25066056
IND,2021-11,SRR25066226
IND,2021-11,SRR25065896
IND,2021-11,SRR25065949
IND,2021-11,SRR25066426
IND,2021-11,SRR25066381
IND,2021-11,SRR25066468
IND,2021-11,SRR25066513
IND,2021-11,SRR25066421
IND,2021-11,SRR25066161
IND,2021-11,SRR25065999
IND,2021-11,SRR25066404
IND,2021-11,SRR25065889
IND,2021-11,SRR25066311
IND,2021-11,SRR25066198
IND,2021-11,SRR25066011
IND,2021-11,SRR25066201
IND,2021-11,SRR25065945
IND,2021-11,SRR25066085
IND,2021-11,SRR25066242
IND,2021-11,SRR25066486
IND,2021-11,SRR25066298
IND,2021-11,SRR25066126
IND,2021-11,SRR25066001
IND,2021-11,SRR25066219
IND,2021-11,SRR25066213
IND,2021-11,SRR25065878
IND,2021-11,SRR25066099
IND,2021-11,SRR25066191
IND,2021-11,SRR25065900
IND,2021-11,SRR25066280
IND,2021-11,SRR25066378
IND,2021-11,SRR25066091
IND,2021-11,SRR25066049
IND,2021-11,SRR25065920
IND,2021-11,SRR25066050
IND,2021-11,SRR25066409
IND,2021-11,SRR25065934
IND,2021-11,SRR25066189
IND,2021-11,SRR25066414
IND,2021-11,SRR25066214
IND,2021-11,SRR25065955
IND,2021-11,SRR25065965
IND,2021-11,SRR25066183
IND,2021-12,SRR25065863
IND,2021-12,SRR25065864
IND,2021-12,SRR25065865
IND,2021-12,SRR25065866
IND,2021-12,SRR25065867
IND,2021-12,SRR25065868
IND,2021-12,SRR25065869
IND,2021-12,SRR25065870
IND,2021-12,SRR25065871
IND,2021-12,SRR25065872
IND,2021-12,SRR25065873
IND,2021-12,SRR25065874
IND,2021-12,SRR25065875
IND,2021-12,SRR25065876
IND,2021-12,SRR25065877
IND,2021-12,SRR25066016
IND,2021-12,SRR25066017
IND,2021-12,SRR25066044
IND,2021-12,SRR25066070
IND,2021-12,SRR25066071
IND,2021-12,SRR25066072
IND,2021-12,SRR25066073
IND,2021-12,SRR25066129
IND,2021-12,SRR25066321
IND,2021-12,SRR25066346
IND,2021-12,SRR25066347
IND,2021-12,SRR25066348
IND,2021-12,SRR25066349
IND,2021-12,SRR25066350
IND,2021-12,SRR25066351
IND,2021-12,SRR25066352
IND,2021-12,SRR25066353
IND,2021-12,SRR25066354
IND,2021-12,SRR25066355
IND,2021-12,SRR25066357
IND,2021-12,SRR25066358
IND,2021-12,SRR25066359
IND,2021-12,SRR25066360
IND,2021-12,SRR25066387
IND,2021-12,SRR25066388
IND,2021-12,SRR25066389
IND,2021-12,SRR25066390
IND,2021-12,SRR25066391
IND,2021-12,SRR25066392
IND,2021-12,SRR25066393
IND,2021-12,SRR25066394
IND,2021-12,SRR25066395
IND,2021-12,SRR25066396
IND,2021-12,SRR25066398
IND,2021-12,SRR25066399
IND,2021-12,SRR25066400
IND,2021-12,SRR25066401
IND,2021-12,SRR25066515
IND,2021-12,SRR25066516
IND,2021-12,SRR25066517
IND,2021-12,SRR25066518
IND,2021-12,SRR25066519
IND,2021-12,SRR25066520
IND,2021-12,SRR25066522
IND,2021-12,SRR25066523
IND,2021-12,SRR25066524
IND,2021-12,SRR25066525
IND,2021-12,SRR25066526
IND,2021-12,SRR25066527
IND,2021-12,SRR25066528
IND,2021-12,SRR25066529
IND,2021-12,SRR25066530
IND,2021-12,SRR25066531
IND,2022-01,SRR18519039
IND,2022-01,SRR18310310
IND,2022-01,SRR18310204
IND,2022-01,SRR18519065
IND,2022-01,SRR18310403
IND,2022-01,SRR18310383
IND,2022-01,SRR18310374
IND,2022-01,SRR18310328
IND,2022-01,SRR18519064
IND,2022-01,SRR18310306
IND,2022-01,SRR18519049
IND,2022-01,SRR18519100
IND,2022-01,SRR18310763
IND,2022-01,SRR18310272
IND,2022-01,SRR18519025
IND,2022-01,SRR18310556
IND,2022-01,SRR18310206
IND,2022-01,SRR18310205
IND,2022-01,SRR18310275
IND,2022-01,SRR18310357
IND,2022-01,SRR18310378
IND,2022-01,SRR18310735
IND,2022-01,SRR18519030
IND,2022-01,SRR18519101
IND,2022-01,SRR18519017
IND,2022-01,SRR18310352
IND,2022-01,SRR18519059
IND,2022-01,SRR18519042
IND,2022-01,SRR18519055
IND,2022-01,SRR18519090
IND,2022-01,SRR18310555
IND,2022-01,SRR18310360
IND,2022-01,SRR18310665
IND,2022-01,SRR18519024
IND,2022-01,SRR18310409
IND,2022-01,SRR18310112
IND,2022-01,SRR18310342
IND,2022-01,SRR18519054
IND,2022-01,SRR18519087
IND,2022-01,SRR18310470
IND,2022-01,SRR18519068
IND,2022-01,SRR18310339
IND,2022-01,SRR18519083
IND,2022-01,SRR18310468
IND,2022-01,SRR18519093
IND,2022-01,SRR18519084
IND,2022-01,SRR18310542
IND,2022-01,SRR18310276
IND,2022-01,SRR18310536
IND,2022-01,SRR18310471
IND,2022-01,SRR18519080
IND,2022-01,SRR18310397
IND,2022-01,SRR18310210
IND,2022-01,SRR18310676
IND,2022-01,SRR18310752
IND,2022-01,SRR18310314
IND,2022-01,SRR18310541
IND,2022-01,SRR18310266
IND,2022-01,SRR18519015
IND,2022-01,SRR18310442
IND,2022-01,SRR18519036
IND,2022-01,SRR18519034
IND,2022-01,SRR18310537
IND,2022-01,SRR18519021
IND,2022-01,SRR18310351
IND,2022-01,SRR18310245
IND,2022-01,SRR18519050
IND,2022-01,SRR18310376
IND,2022-01,SRR18310432
IND,2022-01,SRR18519045
IND,2022-01,SRR18519082
IND,2022-01,SRR18310305
IND,2022-01,SRR18519056
IND,2022-01,SRR18519062
IND,2022-01,SRR18310672
IND,2022-01,SRR18310538
IND,2022-01,SRR18310343
IND,2022-01,SRR18310539
IND,2022-01,SRR18310535
IND,2022-01,SRR18310355
IND,2022-01,SRR18310399
IND,2022-01,SRR18310247
IND,2022-01,SRR18310345
IND,2022-01,SRR18310748
IND,2022-01,SRR18519098
IND,2022-01,SRR18519069
IND,2022-01,SRR18310677
IND,2022-01,SRR18519052
IND,2022-01,SRR18310400
IND,2022-01,SRR18519071
IND,2022-01,SRR18310459
IND,2022-01,SRR18310217
IND,2022-01,SRR18519035
IND,2022-01,SRR18519086
IND,2022-01,SRR18310452
IND,2022-01,SRR18310547
IND,2022-01,SRR18519020
IND,2022-01,SRR18310224
IND,2022-01,SRR18310356
IND,2022-01,SRR18310739
IND,2022-01,SRR18310309
IND,2022-01,SRR18519078
IND,2022-01,SRR18310391
IND,2022-01,SRR18519077
IND,2022-01,SRR18310662
IND,2022-01,SRR18519092
IND,2022-01,SRR18310457
IND,2022-01,SRR18310744
IND,2022-01,SRR18519019
IND,2022-01,SRR18310318
IND,2022-01,SRR18519037
IND,2022-01,SRR18519047
IND,2022-01,SRR18310540
IND,2022-01,SRR18519029
IND,2022-01,SRR18310737
IND,2022-01,SRR18310684
IND,2022-01,SRR18519070
IND,2022-01,SRR18519041
IND,2022-01,SRR18310726
IND,2022-01,SRR18310634
IND,2022-01,SRR18310353
IND,2022-01,SRR18310348
IND,2022-01,SRR18519102
IND,2022-01,SRR18519028
IND,2022-01,SRR18310393
IND,2022-01,SRR18310694
IND,2022-01,SRR18519075
IND,2022-01,SRR18519046
IND,2022-01,SRR18519079
IND,2022-01,SRR18310745
IND,2022-01,SRR18310261
IND,2022-01,SRR18310725
IND,2022-01,SRR18519033
IND,2022-01,SRR18519063
IND,2022-01,SRR18519094
IND,2022-01,SRR18310444
IND,2022-01,SRR18310740
IND,2022-01,SRR18519038
IND,2022-01,SRR18310350
IND,2022-01,SRR18519091
IND,2022-01,SRR18519032
IND,2022-01,SRR18519051
IND,2022-01,SRR18310316
IND,2022-01,SRR18519099
IND,2022-01,SRR18519067
IND,2022-01,SRR18519073
IND,2022-01,SRR18310659
IND,2022-01,SRR18310319
IND,2022-01,SRR18519018
IND,2022-01,SRR18310454
IND,2022-01,SRR18310337
IND,2022-01,SRR18519060
IND,2022-01,SRR18519023
IND,2022-01,SRR18310680
IND,2022-01,SRR18310056
IND,2022-01,SRR18310644
IND,2022-01,SRR18310392
IND,2022-01,SRR18519089
IND,2022-01,SRR18310695
IND,2022-01,SRR18310212
IND,2022-01,SRR18310338
IND,2022-01,SRR18310635
IND,2022-01,SRR18519031
IND,2022-01,SRR18310544
IND,2022-01,SRR18519057
IND,2022-01,SRR18519053
IND,2022-01,SRR18310209
IND,2022-01,SRR18310451
IND,2022-01,SRR18310523
IND,2022-01,SRR18310685
IND,2022-01,SRR18310414
IND,2022-01,SRR18310396
IND,2022-01,SRR18519072
IND,2022-01,SRR18310670
IND,2022-01,SRR18310682
IND,2022-01,SRR18519085
IND,2022-01,SRR18519016
IND,2022-01,SRR18310546
IND,2022-01,SRR18310222
IND,2022-01,SRR18310141
IND,2022-01,SRR18310380
IND,2022-01,SRR18310332
IND,2022-01,SRR18310195
IND,2022-01,SRR18310346
IND,2022-01,SRR18519103
IND,2022-01,SRR18310193
IND,2022-01,SRR18519076
IND,2022-01,SRR18519022
IND,2022-01,SRR18519061
IND,2022-01,SRR18310312
IND,2022-01,SRR18519095
IND,2022-01,SRR18310379
IND,2022-01,SRR18519081
IND,2022-01,SRR18519097
IND,2022-01,SRR18310696
IND,2022-01,SRR18310465
IND,2022-01,SRR18310311
IND,2022-01,SRR18310548
IND,2022-01,SRR18519074
IND,2022-01,SRR18310688
IND,2022-02,SRR18671551
IND,2022-02,SRR18310165
IND,2022-02,SRR18310073
IND,2022-02,SRR18671694
IND,2022-02,SRR18310402
IND,2022-02,SRR18310336
IND,2022-02,SRR18310301
IND,2022-02,SRR18310196
IND,2022-02,SRR18671689
IND,2022-02,SRR18310155
IND,2022-02,SRR18671618
IND,2022-02,SRR18671693
IND,2022-02,SRR18310749
IND,2022-02,SRR18310139
IND,2022-02,SRR18310798
IND,2022-02,SRR18310592
IND,2022-02,SRR18310080
IND,2022-02,SRR18310078
IND,2022-02,SRR18310146
IND,2022-02,SRR18310296
IND,2022-02,SRR18310321
IND,2022-02,SRR18310693
IND,2022-02,SRR18671481
IND,2022-02,SRR18310075
IND,2022-02,SRR18310768
IND,2022-02,SRR18310274
IND,2022-02,SRR18671668
IND,2022-02,SRR18671585
IND,2022-02,SRR18671653
IND,2022-02,SRR18671819
IND,2022-02,SRR18310589
IND,2022-02,SRR18310298
IND,2022-02,SRR18310620
IND,2022-02,SRR18310797
IND,2022-02,SRR18310406
IND,2022-02,SRR18310053
IND,2022-02,SRR18671734
IND,2022-02,SRR18310228
IND,2022-02,SRR18671649
IND,2022-02,SRR18671816
IND,2022-02,SRR18310488
IND,2022-02,SRR18671771
IND,2022-02,SRR18310223
IND,2022-02,SRR18310293
IND,2022-02,SRR18671738
IND,2022-02,SRR18310484
IND,2022-02,SRR18671822
IND,2022-02,SRR18310145
IND,2022-02,SRR18310530
IND,2022-02,SRR18310150
IND,2022-02,SRR18310507
IND,2022-02,SRR18310492
IND,2022-02,SRR18671488
IND,2022-02,SRR18310384
IND,2022-02,SRR18310092
IND,2022-02,SRR18671682
IND,2022-02,SRR18310631
IND,2022-02,SRR18310732
IND,2022-02,SRR18310179
IND,2022-02,SRR18310528
IND,2022-02,SRR18310129
IND,2022-02,SRR18310758
IND,2022-02,SRR18310425
IND,2022-02,SRR18671540
IND,2022-02,SRR18671518
IND,2022-02,SRR18310510
IND,2022-02,SRR18310785
IND,2022-02,SRR18310264
IND,2022-02,SRR18671656
IND,2022-02,SRR18310120
IND,2022-02,SRR18310094
IND,2022-02,SRR18671603
IND,2022-02,SRR18310308
IND,2022-02,SRR18310420
IND,2022-02,SRR18310131
IND,2022-02,SRR18671811
IND,2022-02,SRR18310154
IND,2022-02,SRR18671757
IND,2022-02,SRR18671764
IND,2022-02,SRR18310625
IND,2022-02,SRR18671547
IND,2022-02,SRR18310513
IND,2022-02,SRR18310231
IND,2022-02,SRR18310519
IND,2022-02,SRR18310503
IND,2022-02,SRR18310287
IND,2022-02,SRR18671612
IND,2022-02,SRR18310387
IND,2022-02,SRR18671803
IND,2022-02,SRR18671625
IND,2022-02,SRR18671574
IND,2022-02,SRR18310122
IND,2022-02,SRR18671495
IND,2022-02,SRR18671725
IND,2022-02,SRR18310240
IND,2022-02,SRR18310728
IND,2022-02,SRR18671681
IND,2022-02,SRR18671826
IND,2022-02,SRR18310232
IND,2022-02,SRR18310636
IND,2022-02,SRR18310529
IND,2022-02,SRR18310390
IND,2022-02,SRR18671552
IND,2022-02,SRR18671630
IND,2022-02,SRR18310764
IND,2022-02,SRR18310297
IND,2022-02,SRR18671627
IND,2022-02,SRR18310472
IND,2022-02,SRR18310105
IND,2022-02,SRR18310313
IND,2022-02,SRR18671815
IND,2022-02,SRR18310456
IND,2022-02,SRR18310570
IND,2022-02,SRR18310388
IND,2022-02,SRR18310116
IND,2022-02,SRR18310289
IND,2022-02,SRR18310774
IND,2022-02,SRR18310455
IND,2022-02,SRR18310290
IND,2022-02,SRR18671597
IND,2022-02,SRR18310686
IND,2022-02,SRR18310565
IND,2022-02,SRR18671557
IND,2022-02,SRR18310630
IND,2022-02,SRR18310200
IND,2022-02,SRR18310385
IND,2022-02,SRR18671824
IND,2022-02,SRR18310341
IND,2022-02,SRR18671807
IND,2022-02,SRR18310734
IND,2022-02,SRR18310382
IND,2022-02,SRR18310792
IND,2022-02,SRR18310598
IND,2022-02,SRR18310791
IND,2022-02,SRR18310568
IND,2022-02,SRR18671740
IND,2022-02,SRR18671678
IND,2022-02,SRR18310194
IND,2022-02,SRR18310700
IND,2022-02,SRR18310674
IND,2022-02,SRR18310144
IND,2022-02,SRR18310096
IND,2022-02,SRR18310163
IND,2022-02,SRR18310219
IND,2022-02,SRR18671539
IND,2022-02,SRR18671768
IND,2022-02,SRR18671622
IND,2022-02,SRR18671766
IND,2022-02,SRR18310804
IND,2022-02,SRR18310114
IND,2022-02,SRR18310550
IND,2022-02,SRR18310531
IND,2022-02,SRR18671626
IND,2022-02,SRR18310642
IND,2022-02,SRR18310721
IND,2022-02,SRR18310363
IND,2022-02,SRR18310759
IND,2022-02,SRR18310059
IND,2022-02,SRR18310168
IND,2022-02,SRR18671748
IND,2022-02,SRR18671696
IND,2022-02,SRR18671555
IND,2022-02,SRR18671765
IND,2022-02,SRR18671830
IND,2022-02,SRR18671743
IND,2022-02,SRR18310606
IND,2022-02,SRR18310226
IND,2022-02,SRR18671726
IND,2022-02,SRR18310050
IND,2022-02,SRR18671695
IND,2022-02,SRR18310687
IND,2022-02,SRR18310249
IND,2022-02,SRR18310698
IND,2022-02,SRR18310159
IND,2022-02,SRR18671537
IND,2022-02,SRR18310430
IND,2022-02,SRR18671831
IND,2022-02,SRR18671602
IND,2022-02,SRR18671691
IND,2022-02,SRR18671806
IND,2022-02,SRR18671631
IND,2022-02,SRR18310522
IND,2022-02,SRR18310230
IND,2022-02,SRR18310736
IND,2022-02,SRR18310723
IND,2022-02,SRR18310047
IND,2022-02,SRR18671476
IND,2022-02,SRR18310469
IND,2022-02,SRR18310667
IND,2022-02,SRR18310067
IND,2022-02,SRR18671611
IND,2022-02,SRR18310511
IND,2022-02,SRR18310440
IND,2022-02,SRR18310329
IND,2022-02,SRR18310107
IND,2022-02,SRR18310330
IND,2022-02,SRR18671667
IND,2022-02,SRR18671745
IND,2022-02,SRR18310137
IND,2022-02,SRR18310663
IND,2022-03,SRR18671479
IND,2022-03,SRR18671480
IND,2022-03,SRR18671482
IND,2022-03,SRR18671483
IND,2022-03,SRR18671484
IND,2022-03,SRR18671485
IND,2022-03,SRR18671487
IND,2022-03,SRR18671490
IND,2022-03,SRR18671493
IND,2022-03,SRR18671504
IND,2022-03,SRR18671505
IND,2022-03,SRR18671506
IND,2022-03,SRR18671508
IND,2022-03,SRR18671509
IND,2022-03,SRR18671510
IND,2022-03,SRR18671511
IND,2022-03,SRR18671512
IND,2022-03,SRR18671513
IND,2022-03,SRR18671514
IND,2022-03,SRR18671515
IND,2022-03,SRR18671516
IND,2022-03,SRR18671517
IND,2022-03,SRR18671519
IND,2022-03,SRR18671520
IND,2022-03,SRR18671521
IND,2022-03,SRR18671522
IND,2022-03,SRR18671523
IND,2022-03,SRR18671524
IND,2022-03,SRR18671525
IND,2022-03,SRR18671526
IND,2022-03,SRR18671527
IND,2022-03,SRR18671528
IND,2022-03,SRR18671530
IND,2022-03,SRR18671531
IND,2022-03,SRR18671560
IND,2022-03,SRR18671561
IND,2022-03,SRR18671564
IND,2022-03,SRR18671565
IND,2022-03,SRR18671566
IND,2022-03,SRR18671567
IND,2022-03,SRR18671568
IND,2022-03,SRR18671569
IND,2022-03,SRR18671570
IND,2022-03,SRR18671571
IND,2022-03,SRR18671572
IND,2022-03,SRR18671573
IND,2022-03,SRR18671575
IND,2022-03,SRR18671576
IND,2022-03,SRR18671577
IND,2022-03,SRR18671578
IND,2022-03,SRR18671579
IND,2022-03,SRR18671580
IND,2022-03,SRR18671581
IND,2022-03,SRR18671582
IND,2022-03,SRR18671583
IND,2022-03,SRR18671587
IND,2022-03,SRR18671589
IND,2022-03,SRR18671591
IND,2022-03,SRR18671592
IND,2022-03,SRR18671593
IND,2022-03,SRR18671594
IND,2022-03,SRR18671635
IND,2022-03,SRR18671636
IND,2022-03,SRR18671637
IND,2022-03,SRR18671638
IND,2022-03,SRR18671639
IND,2022-03,SRR18671640
IND,2022-03,SRR18671641
IND,2022-03,SRR18671642
IND,2022-03,SRR18671643
IND,2022-03,SRR18671697
IND,2022-03,SRR18671698
IND,2022-03,SRR18671699
IND,2022-03,SRR18671700
IND,2022-03,SRR18671701
IND,2022-03,SRR18671702
IND,2022-03,SRR18671703
IND,2022-03,SRR18671704
IND,2022-03,SRR18671705
IND,2022-03,SRR18671706
IND,2022-03,SRR18671707
IND,2022-03,SRR18671709
IND,2022-03,SRR18671710
IND,2022-03,SRR18671711
IND,2022-03,SRR18671712
IND,2022-03,SRR18671713
IND,2022-03,SRR18671714
IND,2022-03,SRR18671717
IND,2022-03,SRR18671718
IND,2022-03,SRR18671720
IND,2022-03,SRR18671721
IND,2022-03,SRR18671722
IND,2022-03,SRR18671773
IND,2022-03,SRR18671774
IND,2022-03,SRR18671775
IND,2022-03,SRR18671776
IND,2022-03,SRR18671777
IND,2022-03,SRR18671778
IND,2022-03,SRR18671779
IND,2022-03,SRR18671780
IND,2022-03,SRR18671782
IND,2022-03,SRR18671783
IND,2022-03,SRR18671784
IND,2022-03,SRR18671785
IND,2022-03,SRR18671786
IND,2022-03,SRR18671787
IND,2022-03,SRR18671788
IND,2022-03,SRR18671789
IND,2022-03,SRR18671790
IND,2022-03,SRR18671791
IND,2022-03,SRR18671793
IND,2022-03,SRR18671794
IND,2022-03,SRR18671795
IND,2022-03,SRR18671796
IND,2022-03,SRR18671797
IND,2022-03,SRR18671798
IND,2022-03,SRR18671799
IND,2022-03,SRR18671800
IND,2022-04,SRR20275701
IND,2022-04,SRR20275888
IND,2022-04,SRR20275889
IND,2022-04,SRR20275890
IND,2022-04,SRR20275892
IND,2022-04,SRR20275893
IND,2022-05,SRR20275798
IND,2022-05,SRR20275580
IND,2022-05,SRR20275550
IND,2022-05,SRR20275837
IND,2022-05,SRR20275649
IND,2022-05,SRR20275637
IND,2022-05,SRR20275629
IND,2022-05,SRR20275588
IND,2022-05,SRR20275836
IND,2022-05,SRR20275575
IND,2022-05,SRR20275813
IND,2022-05,SRR20303913
IND,2022-05,SRR20275757
IND,2022-05,SRR20275570
IND,2022-05,SRR20275776
IND,2022-05,SRR20275705
IND,2022-05,SRR20275552
IND,2022-05,SRR20275551
IND,2022-05,SRR20275571
IND,2022-05,SRR20275626
IND,2022-05,SRR20275631
IND,2022-05,SRR20275739
IND,2022-05,SRR20275781
IND,2022-05,SRR20303924
IND,2022-05,SRR20275762
IND,2022-05,SRR20275618
IND,2022-05,SRR20275826
IND,2022-05,SRR20275802
IND,2022-05,SRR20275822
IND,2022-05,SRR20275896
IND,2022-05,SRR20275704
IND,2022-05,SRR20275628
IND,2022-05,SRR20275715
IND,2022-05,SRR20275775
IND,2022-05,SRR20275650
IND,2022-05,SRR20275544
IND,2022-05,SRR20275844
IND,2022-05,SRR20275600
IND,2022-05,SRR20275821
IND,2022-05,SRR20275886
IND,2022-05,SRR20275676
IND,2022-05,SRR20275858
IND,2022-05,SRR20275597
IND,2022-05,SRR20275880
IND,2022-05,SRR20275675
IND,2022-05,SRR20275899
IND,2022-05,SRR20275881
IND,2022-05,SRR20275690
IND,2022-05,SRR20275573
IND,2022-05,SRR20275681
IND,2022-05,SRR20275678
IND,2022-05,SRR20275877
IND,2022-05,SRR20275645
IND,2022-05,SRR20275555
IND,2022-05,SRR20275720
IND,2022-05,SRR20275754
IND,2022-05,SRR20275584
IND,2022-05,SRR20275689
IND,2022-05,SRR20275568
IND,2022-05,SRR20275759
IND,2022-05,SRR20275656
IND,2022-05,SRR20275791
IND,2022-05,SRR20275789
IND,2022-05,SRR20275682
IND,2022-05,SRR20275772
IND,2022-05,SRR20275616
IND,2022-05,SRR20275563
IND,2022-05,SRR20275825
IND,2022-05,SRR20275630
IND,2022-05,SRR20275655
IND,2022-05,SRR20275818
IND,2022-05,SRR20275879
IND,2022-05,SRR20275574
IND,2022-05,SRR20275900
IND,2022-05,SRR20275856
IND,2022-05,SRR20275719
IND,2022-05,SRR20275684
IND,2022-05,SRR20275602
IND,2022-05,SRR20275685
IND,2022-05,SRR20275680
IND,2022-05,SRR20275621
IND,2022-05,SRR20275647
IND,2022-05,SRR20275564
IND,2022-05,SRR20275607
IND,2022-05,SRR20275753
IND,2022-05,SRR20275905
IND,2022-05,SRR20275898
IND,2022-05,SRR20275722
IND,2022-05,SRR20275797
IND,2022-05,SRR20275648
IND,2022-05,SRR20275760
IND,2022-05,SRR20275861
IND,2022-05,SRR20275671
IND,2022-05,SRR20275560
IND,2022-05,SRR20275804
IND,2022-05,SRR20275884
IND,2022-05,SRR20275663
IND,2022-05,SRR20275697
IND,2022-05,SRR20275829
IND,2022-05,SRR20275562
IND,2022-05,SRR20275622
IND,2022-05,SRR20275864
IND,2022-05,SRR20275752
IND,2022-05,SRR20275735
IND,2022-05,SRR20275696
IND,2022-05,SRR20275824
IND,2022-05,SRR20275589
IND,2022-05,SRR20275868
IND,2022-05,SRR20275903
IND,2022-05,SRR20275865
IND,2022-05,SRR20275687
IND,2022-05,SRR20275795
IND,2022-05,SRR20275823
IND,2022-05,SRR20275586
IND,2022-05,SRR20275732
IND,2022-05,SRR20275866
IND,2022-05,SRR20275745
IND,2022-05,SRR20275860
IND,2022-05,SRR20275725
IND,2022-05,SRR20275619
IND,2022-05,SRR20275610
IND,2022-05,SRR20324344
IND,2022-05,SRR20275807
IND,2022-05,SRR20275641
IND,2022-05,SRR20275638
IND,2022-05,SRR20275806
IND,2022-05,SRR20275848
IND,2022-05,SRR20275874
IND,2022-05,SRR20275768
IND,2022-05,SRR20275565
IND,2022-05,SRR20275751
IND,2022-05,SRR20275800
IND,2022-05,SRR20275743
IND,2022-05,SRR20275845
IND,2022-05,SRR20275724
IND,2022-05,SRR20275657
IND,2022-05,SRR20275758
IND,2022-05,SRR20275808
IND,2022-05,SRR20275614
IND,2022-05,SRR20275695
IND,2022-05,SRR20275799
IND,2022-05,SRR20275738
IND,2022-05,SRR20275585
IND,2022-05,SRR20303879
IND,2022-05,SRR20275857
IND,2022-05,SRR20275756
IND,2022-05,SRR20275862
IND,2022-05,SRR20275784
IND,2022-05,SRR20275730
IND,2022-05,SRR20275587
IND,2022-05,SRR20275669
IND,2022-05,SRR20275777
IND,2022-05,SRR20275679
IND,2022-05,SRR20275590
IND,2022-05,SRR20275841
IND,2022-05,SRR20275700
IND,2022-05,SRR20275817
IND,2022-05,SRR20275542
IND,2022-05,SRR20275728
IND,2022-05,SRR20275639
IND,2022-05,SRR20275894
IND,2022-05,SRR20275706
IND,2022-05,SRR20275558
IND,2022-05,SRR20275596
IND,2022-05,SRR20275740
IND,2022-05,SRR20324376
IND,2022-05,SRR20275703
IND,2022-05,SRR20275611
IND,2022-05,SRR20275702
IND,2022-05,SRR20275660
IND,2022-05,SRR20275774
IND,2022-05,SRR20275859
IND,2022-05,SRR20275545
IND,2022-05,SRR20275882
IND,2022-05,SRR20275726
IND,2022-05,SRR20275897
IND,2022-05,SRR20275766
IND,2022-05,SRR20275783
IND,2022-05,SRR20275815
IND,2022-05,SRR20275771
IND,2022-05,SRR20275561
IND,2022-05,SRR20275546
IND,2022-05,SRR20275666
IND,2022-05,SRR20275878
IND,2022-05,SRR20275548
IND,2022-05,SRR20275904
IND,2022-05,SRR20275717
IND,2022-05,SRR20275734
IND,2022-05,SRR20275547
IND,2022-05,SRR20275839
IND,2022-05,SRR20275694
IND,2022-05,SRR20275609
IND,2022-05,SRR20275606
IND,2022-05,SRR20275583
IND,2022-05,SRR20275744
IND,2022-05,SRR20275554
IND,2022-05,SRR20275891
IND,2022-05,SRR20275659
IND,2022-05,SRR20275576
IND,2022-05,SRR20275653
IND,2022-06,SRR21577220
IND,2022-06,SRR20303409
IND,2022-06,SRR20303345
IND,2022-06,SRR20324318
IND,2022-06,SRR20324296
IND,2022-06,SRR20303949
IND,2022-06,SRR20303883
IND,2022-06,SRR20303403
IND,2022-06,SRR21577040
IND,2022-06,SRR20303392
IND,2022-06,SRR21577137
IND,2022-06,SRR20601690
IND,2022-06,SRR20303352
IND,2022-06,SRR20303349
IND,2022-06,SRR20303395
IND,2022-06,SRR20303946
IND,2022-06,SRR20324288
IND,2022-06,SRR20601735
IND,2022-06,SRR21577153
IND,2022-06,SRR20303346
IND,2022-06,SRR21577114
IND,2022-06,SRR20303930
IND,2022-06,SRR21577227
IND,2022-06,SRR20601688
IND,2022-06,SRR20303947
IND,2022-06,SRR20601705
IND,2022-06,SRR21577136
IND,2022-06,SRR20324320
IND,2022-06,SRR20303334
IND,2022-06,SRR20303895
IND,2022-06,SRR21577222
IND,2022-06,SRR20324360
IND,2022-06,SRR21577205
IND,2022-06,SRR20303893
IND,2022-06,SRR20303945
IND,2022-06,SRR20324358
IND,2022-06,SRR21577232
IND,2022-06,SRR21577219
IND,2022-06,SRR20601668
IND,2022-06,SRR20303397
IND,2022-06,SRR20601657
IND,2022-06,SRR20324363
IND,2022-06,SRR20324311
IND,2022-06,SRR20303359
IND,2022-06,SRR20601711
IND,2022-06,SRR21577009
IND,2022-06,SRR20303417
IND,2022-06,SRR20601667
IND,2022-06,SRR20303387
IND,2022-06,SRR21577043
IND,2022-06,SRR20324329
IND,2022-06,SRR20601659
IND,2022-06,SRR20303925
IND,2022-06,SRR20303379
IND,2022-06,SRR20303360
IND,2022-06,SRR20303951
IND,2022-06,SRR20324327
IND,2022-06,SRR21577126
IND,2022-06,SRR21577217
IND,2022-06,SRR20303399
IND,2022-06,SRR21577223
IND,2022-06,SRR21577215
IND,2022-06,SRR20601708
IND,2022-06,SRR20601660
IND,2022-06,SRR20303898
IND,2022-06,SRR20601663
IND,2022-06,SRR20324371
IND,2022-06,SRR20303940
IND,2022-06,SRR20324313
IND,2022-06,SRR20303381
IND,2022-06,SRR20303903
IND,2022-06,SRR21735048
IND,2022-06,SRR21577029
IND,2022-06,SRR20601712
IND,2022-06,SRR21577041
IND,2022-06,SRR20324315
IND,2022-06,SRR21577208
IND,2022-06,SRR20324352
IND,2022-06,SRR20303368
IND,2022-06,SRR20303952
IND,2022-06,SRR21577221
IND,2022-06,SRR20324343
IND,2022-06,SRR20601679
IND,2022-06,SRR20324314
IND,2022-06,SRR20303377
IND,2022-06,SRR20303942
IND,2022-06,SRR20601709
IND,2022-06,SRR20601717
IND,2022-06,SRR20324324
IND,2022-06,SRR20601700
IND,2022-06,SRR21577135
IND,2022-06,SRR20303894
IND,2022-06,SRR20303405
IND,2022-06,SRR20324353
IND,2022-06,SRR20324299
IND,2022-06,SRR21577211
IND,2022-06,SRR20601702
IND,2022-06,SRR20601710
IND,2022-06,SRR20324349
IND,2022-06,SRR20601738
IND,2022-06,SRR21577005
IND,2022-06,SRR20303875
IND,2022-06,SRR21577212
IND,2022-06,SRR21577128
IND,2022-06,SRR20601664
IND,2022-06,SRR20324321
IND,2022-06,SRR20601734
IND,2022-06,SRR20601715
IND,2022-06,SRR20601665
IND,2022-06,SRR20324328
IND,2022-06,SRR20303944
IND,2022-06,SRR21577207
IND,2022-06,SRR20601707
IND,2022-06,SRR20303933
IND,2022-06,SRR20303910
IND,2022-06,SRR20303407
IND,2022-06,SRR20601714
IND,2022-06,SRR20324303
IND,2022-06,SRR20324297
IND,2022-06,SRR21577065
IND,2022-06,SRR21577127
IND,2022-06,SRR21735050
IND,2022-06,SRR20601739
IND,2022-06,SRR20303386
IND,2022-06,SRR20324342
IND,2022-06,SRR21577050
IND,2022-06,SRR20601676
IND,2022-06,SRR21577200
IND,2022-06,SRR20601732
IND,2022-06,SRR20324331
IND,2022-06,SRR20601737
IND,2022-06,SRR21577118
IND,2022-06,SRR20303919
IND,2022-06,SRR20601685
IND,2022-06,SRR21577125
IND,2022-06,SRR21577133
IND,2022-06,SRR20303418
IND,2022-06,SRR20324319
IND,2022-06,SRR20303333
IND,2022-06,SRR20601687
IND,2022-06,SRR20601658
IND,2022-06,SRR20303369
IND,2022-06,SRR20601675
IND,2022-06,SRR20601719
IND,2022-06,SRR20601666
IND,2022-06,SRR20303878
IND,2022-06,SRR20601718
IND,2022-06,SRR21577002
IND,2022-06,SRR20601692
IND,2022-06,SRR20303889
IND,2022-06,SRR21577218
IND,2022-06,SRR20601689
IND,2022-06,SRR21577063
IND,2022-06,SRR20303331
IND,2022-06,SRR20601674
IND,2022-06,SRR21577034
IND,2022-06,SRR20601731
IND,2022-06,SRR20324301
IND,2022-06,SRR20303393
IND,2022-06,SRR20324302
IND,2022-06,SRR20303367
IND,2022-06,SRR21577201
IND,2022-06,SRR20303890
IND,2022-06,SRR20324346
IND,2022-06,SRR21577129
IND,2022-06,SRR20324336
IND,2022-06,SRR20303398
IND,2022-06,SRR20601691
IND,2022-06,SRR20303917
IND,2022-06,SRR20303389
IND,2022-06,SRR21541115
IND,2022-06,SRR21577216
IND,2022-06,SRR20601661
IND,2022-06,SRR20324332
IND,2022-06,SRR20303896
IND,2022-06,SRR21577001
IND,2022-06,SRR20303335
IND,2022-06,SRR20601670
IND,2022-06,SRR20601720
IND,2022-06,SRR20303892
IND,2022-06,SRR20303413
IND,2022-06,SRR20303348
IND,2022-06,SRR20324367
IND,2022-06,SRR20601728
IND,2022-06,SRR20303356
IND,2022-06,SRR20303358
IND,2022-06,SRR20324295
IND,2022-06,SRR20303353
IND,2022-06,SRR21577006
IND,2022-06,SRR20303376
IND,2022-06,SRR20324330
IND,2022-06,SRR20324291
IND,2022-06,SRR21735049
IND,2022-06,SRR20303390
IND,2022-06,SRR21577119
IND,2022-06,SRR20324355
IND,2022-06,SRR20601686
IND,2022-06,SRR20601724
IND,2022-06,SRR20324356
IND,2022-06,SRR21577042
IND,2022-07,SRR21734926
IND,2022-07,SRR21576926
IND,2022-07,SRR21541052
IND,2022-07,SRR21735033
IND,2022-07,SRR21577021
IND,2022-07,SRR21576995
IND,2022-07,SRR21576984
IND,2022-07,SRR21576940
IND,2022-07,SRR21735029
IND,2022-07,SRR21576921
IND,2022-07,SRR21734985
IND,2022-07,SRR21735226
IND,2022-07,SRR21577197
IND,2022-07,SRR21576913
IND,2022-07,SRR21577246
IND,2022-07,SRR21577110
IND,2022-07,SRR21541065
IND,2022-07,SRR21541062
IND,2022-07,SRR21576916
IND,2022-07,SRR21576981
IND,2022-07,SRR21576989
IND,2022-07,SRR21577176
IND,2022-07,SRR21577254
IND,2022-07,SRR21541056
IND,2022-07,SRR21577230
IND,2022-07,SRR21576971
IND,2022-07,SRR21735013
IND,2022-07,SRR21734937
IND,2022-07,SRR21735004
IND,2022-07,SRR21735211
IND,2022-07,SRR21577108
IND,2022-07,SRR21576982
IND,2022-07,SRR21577144
IND,2022-07,SRR21577245
IND,2022-07,SRR21577023
IND,2022-07,SRR21735120
IND,2022-07,SRR21541028
IND,2022-07,SRR21735046
IND,2022-07,SRR21735117
IND,2022-07,SRR21576951
IND,2022-07,SRR21735001
IND,2022-07,SRR21735207
IND,2022-07,SRR21577068
IND,2022-07,SRR21735134
IND,2022-07,SRR21576949
IND,2022-07,SRR21576980
IND,2022-07,SRR21735062
IND,2022-07,SRR21577066
IND,2022-07,SRR21735217
IND,2022-07,SRR21735203
IND,2022-07,SRR21577088
IND,2022-07,SRR21576918
IND,2022-07,SRR21577077
IND,2022-07,SRR21577070
IND,2022-07,SRR21577256
IND,2022-07,SRR21577015
IND,2022-07,SRR21541085
IND,2022-07,SRR21735024
IND,2022-07,SRR21577150
IND,2022-07,SRR21577192
IND,2022-07,SRR21576932
IND,2022-07,SRR21577087
IND,2022-07,SRR21576909
IND,2022-07,SRR21577203
IND,2022-07,SRR21577032
IND,2022-07,SRR21734896
IND,2022-07,SRR21734886
IND,2022-07,SRR21577079
IND,2022-07,SRR21577239
IND,2022-07,SRR21576968
IND,2022-07,SRR21735005
IND,2022-07,SRR21576904
IND,2022-07,SRR21541090
IND,2022-07,SRR21734962
IND,2022-07,SRR21576986
IND,2022-07,SRR21577030
IND,2022-07,SRR21735092
IND,2022-07,SRR21735198
IND,2022-07,SRR21576920
IND,2022-07,SRR21735106
IND,2022-07,SRR21735131
IND,2022-07,SRR21577147
IND,2022-07,SRR21734923
IND,2022-07,SRR21577080
IND,2022-07,SRR21576953
IND,2022-07,SRR21577083
IND,2022-07,SRR21577075
IND,2022-07,SRR21576977
IND,2022-07,SRR21734980
IND,2022-07,SRR21577016
IND,2022-07,SRR21735154
IND,2022-07,SRR21734988
IND,2022-07,SRR21734935
IND,2022-07,SRR21576905
IND,2022-07,SRR21734875
IND,2022-07,SRR21735027
IND,2022-07,SRR21576957
IND,2022-07,SRR21577191
IND,2022-07,SRR21735224
IND,2022-07,SRR21735097
IND,2022-07,SRR21577151
IND,2022-07,SRR21735030
IND,2022-07,SRR21577018
IND,2022-07,SRR21735230
IND,2022-07,SRR21734994
IND,2022-07,SRR21577228
IND,2022-07,SRR21735140
IND,2022-07,SRR21734989
IND,2022-07,SRR21577056
IND,2022-07,SRR21541107
IND,2022-07,SRR21576987
IND,2022-07,SRR21735205
IND,2022-07,SRR21577049
IND,2022-07,SRR21577099
IND,2022-07,SRR21577017
IND,2022-07,SRR21576902
IND,2022-07,SRR21576978
IND,2022-07,SRR21577234
IND,2022-07,SRR21734984
IND,2022-07,SRR21734978
IND,2022-07,SRR21734948
IND,2022-07,SRR21577173
IND,2022-07,SRR21577096
IND,2022-07,SRR21734928
IND,2022-07,SRR21577149
IND,2022-07,SRR21576942
IND,2022-07,SRR21735100
IND,2022-07,SRR21735220
IND,2022-07,SRR21576996
IND,2022-07,SRR21735163
IND,2022-07,SRR21577193
IND,2022-07,SRR21577014
IND,2022-07,SRR21577243
IND,2022-07,SRR21577113
IND,2022-07,SRR21577242
IND,2022-07,SRR21577098
IND,2022-07,SRR21735116
IND,2022-07,SRR21734991
IND,2022-07,SRR21576939
IND,2022-07,SRR21577178
IND,2022-07,SRR21577170
IND,2022-07,SRR21576915
IND,2022-07,SRR21541091
IND,2022-07,SRR21576925
IND,2022-07,SRR21576948
IND,2022-07,SRR21735125
IND,2022-07,SRR21735122
IND,2022-07,SRR21577251
IND,2022-07,SRR21541114
IND,2022-07,SRR21577091
IND,2022-07,SRR21577089
IND,2022-07,SRR21577257
IND,2022-07,SRR21577156
IND,2022-07,SRR21577188
IND,2022-07,SRR21577003
IND,2022-07,SRR21577214
IND,2022-07,SRR21541031
IND,2022-07,SRR21576927
IND,2022-07,SRR21735095
IND,2022-07,SRR21735017
IND,2022-07,SRR21735121
IND,2022-07,SRR21735229
IND,2022-07,SRR21735087
IND,2022-07,SRR21577121
IND,2022-07,SRR21576950
IND,2022-07,SRR21735028
IND,2022-07,SRR20601740
IND,2022-07,SRR21734925
IND,2022-07,SRR21577174
IND,2022-07,SRR21576961
IND,2022-07,SRR21577177
IND,2022-07,SRR21576923
IND,2022-07,SRR21577036
IND,2022-07,SRR21734927
IND,2022-07,SRR21735160
IND,2022-07,SRR21734878
IND,2022-07,SRR21577085
IND,2022-07,SRR21576952
IND,2022-07,SRR21577194
IND,2022-07,SRR21577189
IND,2022-07,SRR20601729
IND,2022-07,SRR21577054
IND,2022-07,SRR21577167
IND,2022-07,SRR21541044
IND,2022-07,SRR21577240
IND,2022-07,SRR21735078
IND,2022-07,SRR21577045
IND,2022-07,SRR21576992
IND,2022-07,SRR21541108
IND,2022-07,SRR21576993
IND,2022-07,SRR21735035
IND,2022-07,SRR21576912
IND,2022-07,SRR21577165
IND,2022-07,SRR21735041
IND,2022-07,SRR21576933
IND,2022-07,SRR21576934
IND,2022-07,SRR21577160
IND,2022-07,SRR21576954
IND,2022-07,SRR21735012
IND,2022-07,SRR21735010
IND,2022-08,SRR21734876
IND,2022-08,SRR21734881
IND,2022-08,SRR21734882
IND,2022-08,SRR21734883
IND,2022-08,SRR21734893
IND,2022-08,SRR21734898
IND,2022-08,SRR21734900
IND,2022-08,SRR21734901
IND,2022-08,SRR21734902
IND,2022-08,SRR21734903
IND,2022-08,SRR21734904
IND,2022-08,SRR21734905
IND,2022-08,SRR21734906
IND,2022-08,SRR21734907
IND,2022-08,SRR21734908
IND,2022-08,SRR21734909
IND,2022-08,SRR21734910
IND,2022-08,SRR21734911
IND,2022-08,SRR21734912
IND,2022-08,SRR21734913
IND,2022-08,SRR21734914
IND,2022-08,SRR21734915
IND,2022-08,SRR21734916
IND,2022-08,SRR21734917
IND,2022-08,SRR21734918
IND,2022-08,SRR21734919
IND,2022-08,SRR21734920
IND,2022-08,SRR21734921
IND,2022-08,SRR21734931
IND,2022-08,SRR21734932
IND,2022-08,SRR21734933
IND,2022-08,SRR21734934
IND,2022-08,SRR21734936
IND,2022-08,SRR21734938
IND,2022-08,SRR21734943
IND,2022-08,SRR21734945
IND,2022-08,SRR21734947
IND,2022-08,SRR21734949
IND,2022-08,SRR21734950
IND,2022-08,SRR21734953
IND,2022-08,SRR21734954
IND,2022-08,SRR21734956
IND,2022-08,SRR21734957
IND,2022-08,SRR21734958
IND,2022-08,SRR21734959
IND,2022-08,SRR21734961
IND,2022-08,SRR21734963
IND,2022-08,SRR21734964
IND,2022-08,SRR21734965
IND,2022-08,SRR21734966
IND,2022-08,SRR21734967
IND,2022-08,SRR21734968
IND,2022-08,SRR21734969
IND,2022-08,SRR21734970
IND,2022-08,SRR21734971
IND,2022-08,SRR21734972
IND,2022-08,SRR21734973
IND,2022-08,SRR21734974
IND,2022-08,SRR21734975
IND,2022-08,SRR21734981
IND,2022-08,SRR21734992
IND,2022-08,SRR21735003
IND,2022-08,SRR21735009
IND,2022-08,SRR21735020
IND,2022-08,SRR21735031
IND,2022-08,SRR21735044
IND,2022-08,SRR21735045
IND,2022-08,SRR21735047
IND,2022-08,SRR21735058
IND,2022-08,SRR21735059
IND,2022-08,SRR21735060
IND,2022-08,SRR21735063
IND,2022-08,SRR21735065
IND,2022-08,SRR21735066
IND,2022-08,SRR21735067
IND,2022-08,SRR21735068
IND,2022-08,SRR21735069
IND,2022-08,SRR21735071
IND,2022-08,SRR21735072
IND,2022-08,SRR21735074
IND,2022-08,SRR21735075
IND,2022-08,SRR21735076
IND,2022-08,SRR21735079
IND,2022-08,SRR21735080
IND,2022-08,SRR21735081
IND,2022-08,SRR21735082
IND,2022-08,SRR21735083
IND,2022-08,SRR21735084
IND,2022-08,SRR21735085
IND,2022-08,SRR21735086
IND,2022-08,SRR21735088
IND,2022-08,SRR21735099
IND,2022-08,SRR21735110
IND,2022-08,SRR21735126
IND,2022-08,SRR21735137
IND,2022-08,SRR21735144
IND,2022-08,SRR21735145
IND,2022-08,SRR21735146
IND,2022-08,SRR21735148
IND,2022-08,SRR21735149
IND,2022-08,SRR21735150
IND,2022-08,SRR21735151
IND,2022-08,SRR21735152
IND,2022-08,SRR21735153
IND,2022-08,SRR21735155
IND,2022-08,SRR21735157
IND,2022-08,SRR21735159
IND,2022-08,SRR21735162
IND,2022-08,SRR21735164
IND,2022-08,SRR21735165
IND,2022-08,SRR21735169
IND,2022-08,SRR21735170
IND,2022-08,SRR21735171
IND,2022-08,SRR21735172
IND,2022-08,SRR21735173
IND,2022-08,SRR21735175
IND,2022-08,SRR21735176
IND,2022-08,SRR21735177
IND,2022-08,SRR21735178
IND,2022-08,SRR21735179
IND,2022-08,SRR21735180
IND,2022-08,SRR21735181
IND,2022-08,SRR21735182
IND,2022-08,SRR21735183
IND,2022-08,SRR21735184
IND,2022-08,SRR21735185
IND,2022-08,SRR21735186
IND,2022-08,SRR21735187
IND,2022-08,SRR21735188
IND,2022-08,SRR21735189
IND,2022-08,SRR21735190
IND,2022-08,SRR21735191
IND,2022-08,SRR21735192
IND,2022-08,SRR21735193
IND,2022-08,SRR21735194
IND,2022-08,SRR21735195
IND,2022-08,SRR21735196
IND,2022-08,SRR21735197
IND,2022-08,SRR21735199
IND,2022-08,SRR21735200
IND,2022-08,SRR21735201
IND,2022-08,SRR21735212
IND,2022-08,SRR21735223
IND,2022-08,SRR22996632
IND,2022-08,SRR22996640
IND,2022-08,SRR22996643
IND,2022-08,SRR22996644
IND,2022-08,SRR22996647
IND,2022-08,SRR22996676
IND,2022-08,SRR22996687
IND,2022-09,SRR22996630
IND,2022-09,SRR22996631
IND,2022-09,SRR22996633
IND,2022-09,SRR22996634
IND,2022-09,SRR22996635
IND,2022-09,SRR22996636
IND,2022-09,SRR22996637
IND,2022-09,SRR22996638
IND,2022-09,SRR22996639
IND,2022-09,SRR22996641
IND,2022-09,SRR22996642
IND,2022-09,SRR22996645
IND,2022-09,SRR22996646
IND,2022-09,SRR22996648
IND,2022-09,SRR22996649
IND,2022-09,SRR22996650
IND,2022-09,SRR22996651
IND,2022-09,SRR22996652
IND,2022-09,SRR22996653
IND,2022-09,SRR22996654
IND,2022-09,SRR22996655
IND,2022-09,SRR22996656
IND,2022-09,SRR22996657
IND,2022-09,SRR22996658
IND,2022-09,SRR22996659
IND,2022-09,SRR22996660
IND,2022-09,SRR22996661
IND,2022-09,SRR22996662
IND,2022-09,SRR22996663
IND,2022-09,SRR22996664
IND,2022-09,SRR22996665
IND,2022-09,SRR22996666
IND,2022-09,SRR22996667
IND,2022-09,SRR22996668
IND,2022-09,SRR22996669
IND,2022-09,SRR22996670
IND,2022-09,SRR22996671
IND,2022-09,SRR22996672
IND,2022-09,SRR22996673
IND,2022-09,SRR22996674
IND,2022-09,SRR22996675
IND,2022-09,SRR22996677
IND,2022-09,SRR22996678
IND,2022-09,SRR22996679
IND,2022-09,SRR22996680
IND,2022-09,SRR22996681
IND,2022-09,SRR22996682
IND,2022-09,SRR22996683
IND,2022-09,SRR22996684
IND,2022-09,SRR22996685
IND,2022-09,SRR22996686
IND,2022-09,SRR22996688
IND,2022-09,SRR22996689
IND,2022-09,SRR22996690
IND,2022-09,SRR22996691
IND,2022-09,SRR22996692
IND,2022-09,SRR22996693
IND,2022-09,SRR22996694
IND,2022-09,SRR22996695
IND,2022-09,SRR22996696
IND,2022-09,SRR22996697
IND,2022-09,SRR22996698
IND,2022-09,SRR22996699
IND,2022-09,SRR22996700
IND,2022-09,SRR22996701
IND,2022-09,SRR22996702
IND,2022-09,SRR22996703
IND,2022-09,SRR22996704
IND,2022-09,SRR22996705
IND,2022-09,SRR22996706
IND,2022-09,SRR22996708
IND,2022-09,SRR22996709
IND,2022-09,SRR22996710
IND,2022-09,SRR22996711
IND,2022-09,SRR22996712
IND,2022-09,SRR22996713
IND,2022-09,SRR22996714
IND,2022-09,SRR22996715
IND,2022-10,SRR22996719
IND,2022-10,SRR22996720
IND,2022-10,SRR22996721
IND,2022-10,SRR22996722
IND,2022-10,SRR22996723
IND,2022-10,SRR22996724
IND,2022-10,SRR22996726
IND,2022-10,SRR22996727
IND,2022-10,SRR22996728
IND,2022-10,SRR22996729
IND,2022-10,SRR22996730
IND,2022-10,SRR22996731
IND,2022-10,SRR22996732
IND,2022-10,SRR22996733
IND,2022-10,SRR22996734
IND,2022-10,SRR22996735
IND,2022-10,SRR22996737
IND,2022-10,SRR22996738
IND,2022-10,SRR22996739
IND,2022-10,SRR22996740
IND,2022-10,SRR22996741
IND,2022-10,SRR22996742
IND,2022-10,SRR22996743
IND,2022-10,SRR22996744
IND,2022-10,SRR22996745
IND,2022-10,SRR22996746
IND,2022-10,SRR22996747
IND,2022-10,SRR22996748
IND,2022-10,SRR22996749
IND,2022-10,SRR22996750
IND,2022-10,SRR22996751
IND,2022-10,SRR22996752
IND,2022-10,SRR22996753
IND,2022-10,SRR22996754
IND,2022-10,SRR22996755
IND,2022-10,SRR22996760
IND,2022-10,SRR22996769
IND,2022-10,SRR22996770
IND,2022-10,SRR22996771
IND,2022-10,SRR22996772
IND,2022-10,SRR22996773
IND,2022-10,SRR22996774
IND,2022-10,SRR22996775
IND,2022-10,SRR22996776
IND,2022-10,SRR22996777
IND,2022-10,SRR22996778
IND,2022-10,SRR22996779
IND,2022-10,SRR22996780
IND,2022-10,SRR22996782
IND,2022-10,SRR22996783
IND,2022-10,SRR22996784
IND,2022-10,SRR22996785
IND,2022-10,SRR22996786
IND,2022-10,SRR22996787
IND,2022-10,SRR22996788
IND,2022-10,SRR22996790
IND,2022-10,SRR22996791
IND,2022-10,SRR22996792
IND,2022-10,SRR22996793
IND,2022-10,SRR22996794
IND,2022-10,SRR22996795
IND,2022-10,SRR22996796
IND,2022-10,SRR22996797
IND,2022-10,SRR22996798
IND,2022-10,SRR22996799
IND,2022-10,SRR22996802
IND,2022-10,SRR22996803
IND,2022-10,SRR22996810
IND,2022-10,SRR22996821
IND,2022-10,SRR22996832
IND,2022-10,SRR22996835
IND,2022-10,SRR22996836
IND,2022-10,SRR22996843
IND,2022-10,SRR22996854
IND,2022-10,SRR22996866
IND,2022-10,SRR22996869
IND,2022-10,SRR22996870
IND,2022-10,SRR22996871
IND,2022-10,SRR22996872
IND,2022-10,SRR22996873
IND,2022-10,SRR22996874
IND,2022-10,SRR22996876
IND,2022-10,SRR22996877
IND,2022-10,SRR22996878
IND,2022-10,SRR22996879
IND,2022-10,SRR22996880
IND,2022-10,SRR22996881
IND,2022-10,SRR22996882
IND,2022-10,SRR22996883
IND,2022-10,SRR22996884
IND,2022-10,SRR22996885
IND,2022-10,SRR22996886
IND,2022-10,SRR22996887
IND,2022-10,SRR22996888
IND,2022-10,SRR22996889
IND,2022-10,SRR22996890
IND,2022-10,SRR22996891
IND,2022-10,SRR22996892
IND,2022-10,SRR22996893
IND,2022-10,SRR22996894
IND,2022-10,SRR22996895
IND,2022-10,SRR22996896
IND,2022-10,SRR22996897
IND,2022-10,SRR22996898
IND,2022-10,SRR22996899
IND,2022-10,SRR22996900
IND,2022-10,SRR22996901
IND,2022-10,SRR22996902
IND,2022-10,SRR22996903
IND,2022-10,SRR22996904
IND,2022-10,SRR22996905
IND,2022-10,SRR22996906
IND,2022-10,SRR22996907
IND,2022-10,SRR22996908
IND,2022-10,SRR22996909
IND,2022-10,SRR22996910
IND,2022-10,SRR22996911
IND,2022-10,SRR22996912
IND,2022-10,SRR22996913
IND,2022-10,SRR22996914
IND,2022-10,SRR22996915
IND,2022-10,SRR22996916
IND,2022-10,SRR22996917
IND,2022-10,SRR22996918
IND,2022-10,SRR22996920
IND,2022-10,SRR22996922
IND,2022-10,SRR22996923
IND,2022-10,SRR22996924
IND,2022-10,SRR22996929
IND,2022-10,SRR22996930
IND,2022-10,SRR22996931
IND,2022-10,SRR22996932
IND,2022-10,SRR22996934
IND,2022-10,SRR22996941
IND,2022-10,SRR22996945
IND,2022-10,SRR22996956
IND,2022-10,SRR22996967
IND,2022-10,SRR22996970
IND,2022-10,SRR22996971
IND,2022-10,SRR22996972
IND,2022-10,SRR22996973
IND,2022-10,SRR22996974
IND,2022-10,SRR22996975
IND,2022-10,SRR22996978
IND,2022-10,SRR22996979
IND,2022-10,SRR22997025
IND,2022-10,SRR22997026
IND,2022-10,SRR22997027
IND,2022-10,SRR22997037
IND,2022-10,SRR22997050
IND,2022-10,SRR22997051
IND,2022-10,SRR22997080
IND,2022-11,SRR22996716
IND,2022-11,SRR22996717
IND,2022-11,SRR22996718
IND,2022-11,SRR22996725
IND,2022-11,SRR22996736
IND,2022-11,SRR22996756
IND,2022-11,SRR22996757
IND,2022-11,SRR22996758
IND,2022-11,SRR22996759
IND,2022-11,SRR22996761
IND,2022-11,SRR22996762
IND,2022-11,SRR22996763
IND,2022-11,SRR22996764
IND,2022-11,SRR22996765
IND,2022-11,SRR22996766
IND,2022-11,SRR22996767
IND,2022-11,SRR22996768
IND,2022-11,SRR22996781
IND,2022-11,SRR22996789
IND,2022-11,SRR22996800
IND,2022-11,SRR22996801
IND,2022-11,SRR22996804
IND,2022-11,SRR22996805
IND,2022-11,SRR22996806
IND,2022-11,SRR22996807
IND,2022-11,SRR22996808
IND,2022-11,SRR22996809
IND,2022-11,SRR22996811
IND,2022-11,SRR22996812
IND,2022-11,SRR22996813
IND,2022-11,SRR22996814
IND,2022-11,SRR22996815
IND,2022-11,SRR22996816
IND,2022-11,SRR22996817
IND,2022-11,SRR22996818
IND,2022-11,SRR22996819
IND,2022-11,SRR22996820
IND,2022-11,SRR22996822
IND,2022-11,SRR22996823
IND,2022-11,SRR22996824
IND,2022-11,SRR22996825
IND,2022-11,SRR22996826
IND,2022-11,SRR22996827
IND,2022-11,SRR22996828
IND,2022-11,SRR22996829
IND,2022-11,SRR22996830
IND,2022-11,SRR22996831
IND,2022-11,SRR22996833
IND,2022-11,SRR22996834
IND,2022-11,SRR22996837
IND,2022-11,SRR22996838
IND,2022-11,SRR22996839
IND,2022-11,SRR22996840
IND,2022-11,SRR22996841
IND,2022-11,SRR22996842
IND,2022-11,SRR22996844
IND,2022-11,SRR22996845
IND,2022-11,SRR22996846
IND,2022-11,SRR22996847
IND,2022-11,SRR22996848
IND,2022-11,SRR22996849
IND,2022-11,SRR22996850
IND,2022-11,SRR22996851
IND,2022-11,SRR22996852
IND,2022-11,SRR22996853
IND,2022-11,SRR22996855
IND,2022-11,SRR22996856
IND,2022-11,SRR22996857
IND,2022-11,SRR22996858
IND,2022-11,SRR22996859
IND,2022-11,SRR22996860
IND,2022-11,SRR22996861
IND,2022-11,SRR22996862
IND,2022-11,SRR22996863
IND,2022-11,SRR22996864
IND,2022-11,SRR22996865
IND,2022-11,SRR22996867
IND,2022-11,SRR22996868
IND,2022-11,SRR22996875
IND,2022-11,SRR22996919
IND,2022-11,SRR22996921
IND,2022-11,SRR22996925
IND,2022-11,SRR22996926
IND,2022-11,SRR22996927
IND,2022-11,SRR22996928
IND,2022-11,SRR22996933
IND,2022-11,SRR22996935
IND,2022-11,SRR22996936
IND,2022-11,SRR22996937
IND,2022-11,SRR22996938
IND,2022-11,SRR22996939
IND,2022-11,SRR22996940
IND,2022-11,SRR22996942
IND,2022-11,SRR22996943
IND,2022-11,SRR22996944
IND,2022-11,SRR22996946
IND,2022-11,SRR22996947
IND,2022-11,SRR22996948
IND,2022-11,SRR22996949
IND,2022-11,SRR22996950
IND,2022-11,SRR22996951
IND,2022-11,SRR22996952
IND,2022-11,SRR22996953
IND,2022-11,SRR22996954
IND,2022-11,SRR22996955
IND,2022-11,SRR22996957
IND,2022-11,SRR22996958
IND,2022-11,SRR22996959
IND,2022-11,SRR22996960
IND,2022-11,SRR22996961
IND,2022-11,SRR22996962
IND,2022-11,SRR22996963
IND,2022-11,SRR22996964
IND,2022-11,SRR22996965
IND,2022-11,SRR22996966
IND,2022-11,SRR22996968
IND,2022-11,SRR22996969
IND,2022-11,SRR22996976
IND,2022-11,SRR22996977
IND,2022-11,SRR22997028
IND,2022-11,SRR22997043
IND,2022-11,SRR22997044
IND,2022-11,SRR22997045
IND,2022-11,SRR22997046
IND,2022-11,SRR22997047
IND,2022-11,SRR22997048
IND,2022-11,SRR22997049
IND,2022-11,SRR22997052
IND,2022-11,SRR22997053
IND,2022-11,SRR22997054
IND,2022-11,SRR22997055
IND,2022-11,SRR22997056
IND,2022-11,SRR22997057
IND,2022-11,SRR22997058
IND,2022-11,SRR22997059
IND,2022-11,SRR22997060
IND,2022-11,SRR22997061
IND,2022-11,SRR22997062
IND,2022-11,SRR22997063
IND,2022-11,SRR22997064
IND,2022-11,SRR22997065
IND,2022-11,SRR22997066
IND,2022-11,SRR22997067
IND,2022-11,SRR22997068
IND,2022-11,SRR22997069
IND,2022-11,SRR22997070
IND,2022-11,SRR22997071
IND,2022-11,SRR22997072
IND,2022-11,SRR22997073
IND,2022-11,SRR22997074
IND,2022-11,SRR22997075
IND,2022-11,SRR22997076
IND,2022-11,SRR22997077
IND,2022-11,SRR22997078
IND,2022-11,SRR22997079
IND,2022-11,SRR22997081
IND,2022-11,SRR22997082
IND,2022-12,SRR22997029
IND,2022-12,SRR22997030
IND,2022-12,SRR22997031
IND,2022-12,SRR22997032
IND,2022-12,SRR22997033
IND,2022-12,SRR22997034
IND,2022-12,SRR22997035
IND,2022-12,SRR22997036
IND,2022-12,SRR22997038
IND,2022-12,SRR22997039
IND,2022-12,SRR22997040
IND,2022-12,SRR22997041
IND,2022-12,SRR22997042
IND,2023-02,SRR24638888
IND,2023-02,SRR24638910
IND,2023-02,SRR24638918
IND,2023-02,SRR24638922
IND,2023-03,SRR24607385
IND,2023-03,SRR24606770
IND,2023-03,SRR24607766
IND,2023-03,SRR24607695
IND,2023-03,SRR24607649
IND,2023-03,SRR24607451
IND,2023-03,SRR24607352
IND,2023-03,SRR24607317
IND,2023-03,SRR24636651
IND,2023-03,SRR24606808
IND,2023-03,SRR24606801
IND,2023-03,SRR24607332
IND,2023-03,SRR24607639
IND,2023-03,SRR24607669
IND,2023-03,SRR24638893
IND,2023-03,SRR24606776
IND,2023-03,SRR24607599
IND,2023-03,SRR24636646
IND,2023-03,SRR24607643
IND,2023-03,SRR24638769
IND,2023-03,SRR24607774
IND,2023-03,SRR24606572
IND,2023-03,SRR24607498
IND,2023-03,SRR24636653
IND,2023-03,SRR24636475
IND,2023-03,SRR24607487
IND,2023-03,SRR24607632
IND,2023-03,SRR24636468
IND,2023-03,SRR24607329
IND,2023-03,SRR24636560
IND,2023-03,SRR24607339
IND,2023-03,SRR24636515
IND,2023-03,SRR24636484
IND,2023-03,SRR24607742
IND,2023-03,SRR24607217
IND,2023-03,SRR24638790
IND,2023-03,SRR24607418
IND,2023-03,SRR24636557
IND,2023-03,SRR24607298
IND,2023-03,SRR24608162
IND,2023-03,SRR24636520
IND,2023-03,SRR24607585
IND,2023-03,SRR24607279
IND,2023-03,SRR24607224
IND,2023-03,SRR24607659
IND,2023-03,SRR24607808
IND,2023-03,SRR24607300
IND,2023-03,SRR24607349
IND,2023-03,SRR24638778
IND,2023-03,SRR24636527
IND,2023-03,SRR24607505
IND,2023-03,SRR24636540
IND,2023-03,SRR24636507
IND,2023-03,SRR24607621
IND,2023-03,SRR24607748
IND,2023-03,SRR24607283
IND,2023-03,SRR24607525
IND,2023-03,SRR24607507
IND,2023-03,SRR24638796
IND,2023-03,SRR24636559
IND,2023-03,SRR24607754
IND,2023-03,SRR24607641
IND,2023-03,SRR24636443
IND,2023-03,SRR24607250
IND,2023-03,SRR24607662
IND,2023-03,SRR24636425
IND,2023-03,SRR24636607
IND,2023-03,SRR24607750
IND,2023-03,SRR24607272
IND,2023-03,SRR24607624
IND,2023-03,SRR24636423
IND,2023-03,SRR24607627
IND,2023-03,SRR24638878
IND,2023-03,SRR24636594
IND,2023-03,SRR24638789
IND,2023-03,SRR24607459
IND,2023-03,SRR24607743
IND,2023-03,SRR24607699
IND,2023-03,SRR24607739
IND,2023-03,SRR24636665
IND,2023-03,SRR24636603
IND,2023-03,SRR24636521
IND,2023-03,SRR24607449
IND,2023-03,SRR24638902
IND,2023-03,SRR24638865
IND,2023-03,SRR24607326
IND,2023-03,SRR24607227
IND,2023-03,SRR24607373
IND,2023-03,SRR24607482
IND,2023-03,SRR24607499
IND,2023-03,SRR24607267
IND,2023-03,SRR24636570
IND,2023-03,SRR24636563
IND,2023-03,SRR24638808
IND,2023-03,SRR24638946
IND,2023-03,SRR24607710
IND,2023-03,SRR24606627
IND,2023-03,SRR24607394
IND,2023-03,SRR24635492
IND,2023-03,SRR24636679
IND,2023-03,SRR24607493
IND,2023-03,SRR24638779
IND,2023-03,SRR24606554
IND,2023-03,SRR24607740
IND,2023-03,SRR24638882
IND,2023-03,SRR24607552
IND,2023-03,SRR24638898
IND,2023-03,SRR24607363
IND,2023-03,SRR24636389
IND,2023-03,SRR24636547
IND,2023-03,SRR24607502
IND,2023-03,SRR24638949
IND,2023-03,SRR24606540
IND,2023-03,SRR24636442
IND,2023-03,SRR24638855
IND,2023-03,SRR24606724
IND,2023-03,SRR24607388
IND,2023-03,SRR24636523
IND,2023-03,SRR24636407
IND,2023-03,SRR24607683
IND,2023-03,SRR24607254
IND,2023-03,SRR24607686
IND,2023-03,SRR24607314
IND,2023-03,SRR24638850
IND,2023-03,SRR24607278
IND,2023-03,SRR24607421
IND,2023-03,SRR24607426
IND,2023-03,SRR24638825
IND,2023-03,SRR24607511
IND,2023-03,SRR24638943
IND,2023-03,SRR24636654
IND,2023-03,SRR24607625
IND,2023-03,SRR24607603
IND,2023-03,SRR24636416
IND,2023-03,SRR24636546
IND,2023-03,SRR24636686
IND,2023-03,SRR24638920
IND,2023-03,SRR24638774
IND,2023-03,SRR24607409
IND,2023-03,SRR24607703
IND,2023-03,SRR24607652
IND,2023-03,SRR24607268
IND,2023-03,SRR24636471
IND,2023-03,SRR24606736
IND,2023-03,SRR24607664
IND,2023-03,SRR24606582
IND,2023-03,SRR24607282
IND,2023-03,SRR24607256
IND,2023-03,SRR24607661
IND,2023-03,SRR24607275
IND,2023-03,SRR24606807
IND,2023-03,SRR24636455
IND,2023-03,SRR24638912
IND,2023-03,SRR24607680
IND,2023-03,SRR24607777
IND,2023-03,SRR24638849
IND,2023-03,SRR24607630
IND,2023-03,SRR24607436
IND,2023-03,SRR24638819
IND,2023-03,SRR24607690
IND,2023-03,SRR24636619
IND,2023-03,SRR24607581
IND,2023-03,SRR24607334
IND,2023-03,SRR24636670
IND,2023-03,SRR24636505
IND,2023-03,SRR24636655
IND,2023-03,SRR24636627
IND,2023-03,SRR24638806
IND,2023-03,SRR24607244
IND,2023-03,SRR24607342
IND,2023-03,SRR24607260
IND,2023-03,SRR24636610
IND,2023-03,SRR24636473
IND,2023-03,SRR24607372
IND,2023-03,SRR24607705
IND,2023-03,SRR24607584
IND,2023-03,SRR24638768
IND,2023-03,SRR24607453
IND,2023-03,SRR24607564
IND,2023-03,SRR24638797
IND,2023-03,SRR24607707
IND,2023-03,SRR24607291
IND,2023-03,SRR24636696
IND,2023-03,SRR24607341
IND,2023-03,SRR24607236
IND,2023-03,SRR24606682
IND,2023-03,SRR24607677
IND,2023-03,SRR24607514
IND,2023-03,SRR24636618
IND,2023-03,SRR24638838
IND,2023-03,SRR24607629
IND,2023-03,SRR24607510
IND,2023-03,SRR24636558
IND,2023-03,SRR24606544
IND,2023-03,SRR24636583
IND,2023-03,SRR24607744
IND,2023-03,SRR24638781
IND,2023-03,SRR24607797
IND,2023-03,SRR24638851
IND,2023-03,SRR24607486
IND,2023-04,SRR24635534
IND,2023-04,SRR24606963
IND,2023-04,SRR24606867
IND,2023-04,SRR24635778
IND,2023-04,SRR24607847
IND,2023-04,SRR24607186
IND,2023-04,SRR24607163
IND,2023-04,SRR24606995
IND,2023-04,SRR24635772
IND,2023-04,SRR24606953
IND,2023-04,SRR24635622
IND,2023-04,SRR24635777
IND,2023-04,SRR24636072
IND,2023-04,SRR24608143
IND,2023-04,SRR24606938
IND,2023-04,SRR24608193
IND,2023-04,SRR24608012
IND,2023-04,SRR24606875
IND,2023-04,SRR24606873
IND,2023-04,SRR24606944
IND,2023-04,SRR24607158
IND,2023-04,SRR24607174
IND,2023-04,SRR24608102
IND,2023-04,SRR24635481
IND,2023-04,SRR24606869
IND,2023-04,SRR24608161
IND,2023-04,SRR24607138
IND,2023-04,SRR24635716
IND,2023-04,SRR24635548
IND,2023-04,SRR24635690
IND,2023-04,SRR24636155
IND,2023-04,SRR24608009
IND,2023-04,SRR24607160
IND,2023-04,SRR24608039
IND,2023-04,SRR24608192
IND,2023-04,SRR24607850
IND,2023-04,SRR24635907
IND,2023-04,SRR24636024
IND,2023-04,SRR24606847
IND,2023-04,SRR24635799
IND,2023-04,SRR24635893
IND,2023-04,SRR24607020
IND,2023-04,SRR24635686
IND,2023-04,SRR24636150
IND,2023-04,SRR24607919
IND,2023-04,SRR24636104
IND,2023-04,SRR24607016
IND,2023-04,SRR24607155
IND,2023-04,SRR24635805
IND,2023-04,SRR24607915
IND,2023-04,SRR24636161
IND,2023-04,SRR24606943
IND,2023-04,SRR24607965
IND,2023-04,SRR24606948
IND,2023-04,SRR24607939
IND,2023-04,SRR24635964
IND,2023-04,SRR24607924
IND,2023-04,SRR24635483
IND,2023-04,SRR24607835
IND,2023-04,SRR24635899
IND,2023-04,SRR24606888
IND,2023-04,SRR24635752
IND,2023-04,SRR24608052
IND,2023-04,SRR24608134
IND,2023-04,SRR24606978
IND,2023-04,SRR24607963
IND,2023-04,SRR24606928
IND,2023-04,SRR24608150
IND,2023-04,SRR24607866
IND,2023-04,SRR24635939
IND,2023-04,SRR24635520
IND,2023-04,SRR24635508
IND,2023-04,SRR24636008
IND,2023-04,SRR24607943
IND,2023-04,SRR24608179
IND,2023-04,SRR24607130
IND,2023-04,SRR24635695
IND,2023-04,SRR24606918
IND,2023-04,SRR24606891
IND,2023-04,SRR24635576
IND,2023-04,SRR24607169
IND,2023-04,SRR24635826
IND,2023-04,SRR24607862
IND,2023-04,SRR24606929
IND,2023-04,SRR24635983
IND,2023-04,SRR24636142
IND,2023-04,SRR24606952
IND,2023-04,SRR24636079
IND,2023-04,SRR24636090
IND,2023-04,SRR24608044
IND,2023-04,SRR24635529
IND,2023-04,SRR24635946
IND,2023-04,SRR24607946
IND,2023-04,SRR24607024
IND,2023-04,SRR24607952
IND,2023-04,SRR24607935
IND,2023-04,SRR24607149
IND,2023-04,SRR24635610
IND,2023-04,SRR24607838
IND,2023-04,SRR24636113
IND,2023-04,SRR24635636
IND,2023-04,SRR24635546
IND,2023-04,SRR24606920
IND,2023-04,SRR24635493
IND,2023-04,SRR24635995
IND,2023-04,SRR24607108
IND,2023-04,SRR24608131
IND,2023-04,SRR24635751
IND,2023-04,SRR24636176
IND,2023-04,SRR24607025
IND,2023-04,SRR24608055
IND,2023-04,SRR24607964
IND,2023-04,SRR24607842
IND,2023-04,SRR24635535
IND,2023-04,SRR24635647
IND,2023-04,SRR24608157
IND,2023-04,SRR24607159
IND,2023-04,SRR24635639
IND,2023-04,SRR24607902
IND,2023-04,SRR24635820
IND,2023-04,SRR24635829
IND,2023-04,SRR24606903
IND,2023-04,SRR24607170
IND,2023-04,SRR24635925
IND,2023-04,SRR24636149
IND,2023-04,SRR24635890
IND,2023-04,SRR24607892
IND,2023-04,SRR24607987
IND,2023-04,SRR24607839
IND,2023-04,SRR24606913
IND,2023-04,SRR24607151
IND,2023-04,SRR24608168
IND,2023-04,SRR24635723
IND,2023-04,SRR24607891
IND,2023-04,SRR24607152
IND,2023-04,SRR24635558
IND,2023-04,SRR24608095
IND,2023-04,SRR24607982
IND,2023-04,SRR24635540
IND,2023-04,SRR24608051
IND,2023-04,SRR24607000
IND,2023-04,SRR24607836
IND,2023-04,SRR24636168
IND,2023-04,SRR24607188
IND,2023-04,SRR24635782
IND,2023-04,SRR24636127
IND,2023-04,SRR24608136
IND,2023-04,SRR24607834
IND,2023-04,SRR24635784
IND,2023-04,SRR24608187
IND,2023-04,SRR24608018
IND,2023-04,SRR24608186
IND,2023-04,SRR24607985
IND,2023-04,SRR24636043
IND,2023-04,SRR24635944
IND,2023-04,SRR24606994
IND,2023-04,SRR24608106
IND,2023-04,SRR24608089
IND,2023-04,SRR24606942
IND,2023-04,SRR24635794
IND,2023-04,SRR24606893
IND,2023-04,SRR24606961
IND,2023-04,SRR24607013
IND,2023-04,SRR24635519
IND,2023-04,SRR24636094
IND,2023-04,SRR24635627
IND,2023-04,SRR24636092
IND,2023-04,SRR24635474
IND,2023-04,SRR24606911
IND,2023-04,SRR24607970
IND,2023-04,SRR24607966
IND,2023-04,SRR24635843
IND,2023-04,SRR24608061
IND,2023-04,SRR24608126
IND,2023-04,SRR24607822
IND,2023-04,SRR24608151
IND,2023-04,SRR24606852
IND,2023-04,SRR24635847
IND,2023-04,SRR24635731
IND,2023-04,SRR24606967
IND,2023-04,SRR24635635
IND,2023-04,SRR24636062
IND,2023-04,SRR24635788
IND,2023-04,SRR24635973
IND,2023-04,SRR24635537
IND,2023-04,SRR24636091
IND,2023-04,SRR24636574
IND,2023-04,SRR24636053
IND,2023-04,SRR24608025
IND,2023-04,SRR24607018
IND,2023-04,SRR24635998
IND,2023-04,SRR24606844
IND,2023-04,SRR24635733
IND,2023-04,SRR24635725
IND,2023-04,SRR24635887
IND,2023-04,SRR24608096
IND,2023-04,SRR24607115
IND,2023-04,SRR24608104
IND,2023-04,SRR24606957
IND,2023-04,SRR24635517
IND,2023-05,SRR25355855
IND,2023-05,SRR25355856
IND,2023-05,SRR25355857
IND,2023-05,SRR25355858
IND,2023-05,SRR25355859
IND,2023-05,SRR25355860
IND,2023-05,SRR25355862
IND,2023-05,SRR25355865
IND,2023-05,SRR25355866
IND,2023-05,SRR25355867
IND,2023-05,SRR25355868
IND,2023-05,SRR25355869
IND,2023-05,SRR25355870
IND,2023-05,SRR25355872
IND,2023-05,SRR25355873
IND,2023-05,SRR25355874
IND,2023-05,SRR25355875
IND,2023-05,SRR25355877
IND,2023-05,SRR25355878
IND,2023-05,SRR25355879
IND,2023-05,SRR25355880
IND,2023-05,SRR25355917
IND,2023-05,SRR25355918
IND,2023-05,SRR25355919
IND,2023-05,SRR25355920
IND,2023-05,SRR25355928
IND,2023-05,SRR25355929
IND,2023-05,SRR25355930
IND,2023-05,SRR25355931
IND,2023-05,SRR25355932
IND,2023-05,SRR25355933
IND,2023-05,SRR25355935
IND,2023-05,SRR25355938
IND,2023-05,SRR25355939
IND,2023-05,SRR25355940
IND,2023-05,SRR25355941
IND,2023-05,SRR25355942
IND,2023-05,SRR25355943
IND,2023-05,SRR25355946
IND,2023-05,SRR25355956
IND,2023-05,SRR25355960
IND,2023-05,SRR25355997
IND,2023-05,SRR25355998
IND,2023-05,SRR25355999
IND,2023-05,SRR25356000
IND,2023-05,SRR25356001
IND,2023-05,SRR25356002
IND,2023-05,SRR25356005
IND,2023-05,SRR25356006
IND,2023-05,SRR25356007
IND,2023-05,SRR25356008
IND,2023-05,SRR25356009
IND,2023-05,SRR25356010
IND,2023-05,SRR25356015
IND,2023-05,SRR25356018
IND,2023-05,SRR25356019
IND,2023-05,SRR25356020
IND,2023-05,SRR25356021
IND,2023-05,SRR25356022
IND,2023-05,SRR25356027
IND,2023-05,SRR25356033
IND,2023-05,SRR25356035
IND,2023-05,SRR25356036
IND,2023-05,SRR25356039
IND,2023-05,SRR25356040
IND,2023-05,SRR25356041
IND,2023-05,SRR25356044
IND,2023-05,SRR25356056
IND,2023-05,SRR25356057
IND,2023-05,SRR25356058
IND,2023-05,SRR25356059
IND,2023-05,SRR25356060
IND,2023-05,SRR25356062
IND,2023-05,SRR25356063
IND,2023-05,SRR25356068
IND,2023-05,SRR25356069
IND,2023-05,SRR25356073
IND,2023-05,SRR25356074
IND,2023-05,SRR25356077
IND,2023-05,SRR25356078
IND,2023-05,SRR25356079
IND,2023-05,SRR25356080
IND,2023-05,SRR25356083
IND,2023-05,SRR25356085
IND,2023-05,SRR25356093
IND,2023-05,SRR25356096
IND,2023-05,SRR25356106
IND,2023-05,SRR25356132
IND,2023-05,SRR27068055
IND,2023-05,SRR27068056
IND,2023-09,SRR26636862
IND,2023-09,SRR26636863
IND,2023-09,SRR26636864
IND,2023-09,SRR26636865
IND,2023-09,SRR26636866
IND,2023-09,SRR26636867
IND,2023-09,SRR26636868
IND,2023-09,SRR26636879
IND,2023-09,SRR26636884
IND,2023-09,SRR26636885
IND,2023-09,SRR26636886
IND,2023-09,SRR26636887
IND,2023-09,SRR26636888
IND,2023-09,SRR26636889
IND,2023-09,SRR26636890
IND,2023-09,SRR26636891
IND,2023-10,SRR26636869
IND,2023-10,SRR26636870
IND,2023-10,SRR26636871
IND,2023-10,SRR26636872
IND,2023-10,SRR26636873
IND,2023-10,SRR26636874
IND,2023-10,SRR26636875
IND,2023-10,SRR26636876
IND,2023-10,SRR26636877
IND,2023-10,SRR26636878
IND,2023-10,SRR26636880
IND,2023-10,SRR26636881
IND,2023-10,SRR26636882
IND,2023-10,SRR26636883
IND,2023-10,SRR27068037
IND,2023-10,SRR27068038
IND,2023-10,SRR27068039
IND,2023-10,SRR27068040
IND,2023-10,SRR27068041
IND,2023-10,SRR27068042
IND,2023-10,SRR27068043
IND,2023-10,SRR27068044
IND,2023-10,SRR27068045
IND,2023-10,SRR27068046
IND,2023-10,SRR27068047
IND,2023-10,SRR27068052
IND,2023-10,SRR27068053
IND,2023-10,SRR27068054
IND,2023-10,SRR27068057
IND,2023-10,SRR27068058
IND,2023-10,SRR27068059
IND,2023-10,SRR27068060
IND,2023-11,SRR27068048
IND,2023-11,SRR27068049
IND,2023-11,SRR27068050
IND,2023-11,SRR27377755
IND,2023-11,SRR27377756
IND,2023-11,SRR27377798
IND,2023-11,SRR27377799
IND,2023-11,SRR27377800
IND,2023-12,SRR27377757
IND,2023-12,SRR27377758
IND,2023-12,SRR27377759
IND,2023-12,SRR27377760
IND,2023-12,SRR27377761
IND,2023-12,SRR27377762
IND,2023-12,SRR27377763
IND,2023-12,SRR27377764
IND,2023-12,SRR27377765
IND,2023-12,SRR27377766
IND,2023-12,SRR27377767
IND,2023-12,SRR27377768
IND,2023-12,SRR27377769
IND,2023-12,SRR27377770
IND,2023-12,SRR27377771
IND,2023-12,SRR27377772
IND,2023-12,SRR27377773
IND,2023-12,SRR27377774
IND,2023-12,SRR27377775
IND,2023-12,SRR27377776
IND,2023-12,SRR27377777
IND,2023-12,SRR27377778
IND,2023-12,SRR27377779
IND,2023-12,SRR27377780
IND,2023-12,SRR27377781
IND,2023-12,SRR27377782
IND,2023-12,SRR27377783
IND,2023-12,SRR27377784
IND,2023-12,SRR27377785
IND,2023-12,SRR27377786
IND,2023-12,SRR27377787
IND,2023-12,SRR27377788
IND,2023-12,SRR27377789
IND,2023-12,SRR27377790
IND,2023-12,SRR27377791
IND,2023-12,SRR27377792
IND,2023-12,SRR27377793
IND,2023-12,SRR27377794
IND,2023-12,SRR27377795
IND,2023-12,SRR27377796
IND,2023-12,SRR27377797
IND,2023-12,SRR27377801
IND,2023-12,SRR27828524
IND,2023-12,SRR27828530
IND,2023-12,SRR27828531
IND,2023-12,SRR27828532
IND,2023-12,SRR27828533
IND,2023-12,SRR27828534
IND,2023-12,SRR27828535
IND,2023-12,SRR27828536
IND,2023-12,SRR27828537
IND,2023-12,SRR27828538
IND,2023-12,SRR27828539
IND,2023-12,SRR27828540
IND,2023-12,SRR27828541
IND,2023-12,SRR27828542
IND,2023-12,SRR27828543
IND,2023-12,SRR27828544
IND,2023-12,SRR27828545
IND,2023-12,SRR27828546
IND,2023-12,SRR27828547
IND,2023-12,SRR27828548
IND,2023-12,SRR27828549
IND,2023-12,SRR27828550
IND,2023-12,SRR27828551
IND,2023-12,SRR27828552
IND,2023-12,SRR27828553
IND,2023-12,SRR27828554
IND,2023-12,SRR27828555
IND,2023-12,SRR27828556
IND,2023-12,SRR27828557
IND,2023-12,SRR27828558
IND,2023-12,SRR27828559
IND,2023-12,SRR27828560
IND,2023-12,SRR27828561
IND,2023-12,SRR27828562
IND,2023-12,SRR27828563
IND,2023-12,SRR27828564
IND,2023-12,SRR27828565
IND,2023-12,SRR27828566
IND,2023-12,SRR27828567
IND,2023-12,SRR27828568
IND,2023-12,SRR27828569
IND,2023-12,SRR27828570
IND,2023-12,SRR27828571
IND,2023-12,SRR27828572
IND,2023-12,SRR27828573
IND,2023-12,SRR27828574
IND,2023-12,SRR27828575
IND,2023-12,SRR27828576
IND,2023-12,SRR27828577
IND,2023-12,SRR27828578
IND,2023-12,SRR27828579
IND,2023-12,SRR27828580
IND,2023-12,SRR27828581
IND,2023-12,SRR27828582
IND,2023-12,SRR27828583
IND,2023-12,SRR27828584
IND,2023-12,SRR27828585
IND,2023-12,SRR27828586
IND,2023-12,SRR27828587
IND,2023-12,SRR27828588
IND,2023-12,SRR27828589
IND,2023-12,SRR27828594
IND,2023-12,SRR27828602
IND,2023-12,SRR27828603
IND,2023-12,SRR27828604
IND,2023-12,SRR27828605
IND,2023-12,SRR27828606
IND,2023-12,SRR27828607
IND,2023-12,SRR27828608
IND,2023-12,SRR27828609
IND,2023-12,SRR27828610
IND,2023-12,SRR27828611
IND,2023-12,SRR27828612
IND,2023-12,SRR27828613
IND,2023-12,SRR27828614
IND,2023-12,SRR27828615
IND,2023-12,SRR27828616
IND,2023-12,SRR27828617
IND,2023-12,SRR27828618
IND,2023-12,SRR27828619
IND,2023-12,SRR27828620
IND,2023-12,SRR27828621
IND,2023-12,SRR27828622
IND,2023-12,SRR27828623
IND,2023-12,SRR27828624
IND,2023-12,SRR27828625
IND,2023-12,SRR27828626
IND,2023-12,SRR27828627
IND,2023-12,SRR27828628
IND,2023-12,SRR27828629
IND,2023-12,SRR27828631
IND,2023-12,SRR27828633
IND,2023-12,SRR27828637
IND,2023-12,SRR27828639
IND,2023-12,SRR27828644
IND,2023-12,SRR27828649
IND,2023-12,SRR27828655
IND,2023-12,SRR27828656
IND,2023-12,SRR27828657
IND,2024-01,SRR27828525
IND,2024-01,SRR27828526
IND,2024-01,SRR27828527
IND,2024-01,SRR27828528
IND,2024-01,SRR27828529
IND,2024-01,SRR27828590
IND,2024-01,SRR27828591
IND,2024-01,SRR27828592
IND,2024-01,SRR27828593
IND,2024-01,SRR27828595
IND,2024-01,SRR27828596
IND,2024-01,SRR27828597
IND,2024-01,SRR27828598
IND,2024-01,SRR27828599
IND,2024-01,SRR27828600
IND,2024-01,SRR27828601
IND,2024-01,SRR27828630
IND,2024-01,SRR27828632
IND,2024-01,SRR27828634
IND,2024-01,SRR27828635
IND,2024-01,SRR27828636
IND,2024-01,SRR27828638
IND,2024-01,SRR27828640
IND,2024-01,SRR27828641
IND,2024-01,SRR27828642
IND,2024-01,SRR27828643
IND,2024-01,SRR27828645
IND,2024-01,SRR27828646
IND,2024-01,SRR27828647
IND,2024-01,SRR27828648
IND,2024-01,SRR27828650
IND,2024-01,SRR27828651
IND,2024-01,SRR27828652
IND,2024-01,SRR27828653
IND,2024-01,SRR27828654
IND,2024-01,SRR28144990
IND,2024-01,SRR28144991
IND,2024-01,SRR28144992
IND,2024-01,SRR28144993
IND,2024-01,SRR28144994
IND,2024-01,SRR28144995
IND,2024-01,SRR28144996
IND,2024-01,SRR28144997
IND,2024-01,SRR28144998
IND,2024-01,SRR28144999
IND,2024-01,SRR28145000
IND,2024-01,SRR28145001
IND,2024-01,SRR28145002
IND,2024-01,SRR28145003
IND,2024-01,SRR28145004
IND,2024-01,SRR28145005
IND,2024-01,SRR28145006
IND,2024-01,SRR28145007
IND,2024-01,SRR28145008
IND,2024-01,SRR28145009
IND,2024-01,SRR28145010
IND,2024-01,SRR28145011
IND,2024-01,SRR28145012
IND,2024-01,SRR28145013
IND,2024-01,SRR28145014
IND,2024-01,SRR28145015
IND,2024-01,SRR28145016
IND,2024-01,SRR28145017
IND,2024-01,SRR28145018
IND,2024-01,SRR28145019
IND,2024-01,SRR28145020
IND,2024-01,SRR28145021
IND,2024-01,SRR28145022
IND,2024-01,SRR28145023
IND,2024-01,SRR28145024
IND,2024-01,SRR28145025
IND,2024-01,SRR28145026
IND,2024-01,SRR28145027
IND,2024-01,SRR28145028
IND,2024-01,SRR28145029
IND,2024-01,SRR28145030
IND,2024-01,SRR28145031
IND,2024-01,SRR28145032
IND,2024-01,SRR28145033
IND,2024-01,SRR28145034
IND,2024-01,SRR28145035
IND,2024-01,SRR28145036
IND,2024-01,SRR28145044
IND,2024-01,SRR28145046
IND,2024-01,SRR28145047
IND,2024-01,SRR28145048
IND,2024-01,SRR28145049
IND,2024-01,SRR28145050
IND,2024-01,SRR28145051
IND,2024-01,SRR28145052
IND,2024-01,SRR28145053
IND,2024-01,SRR28145054
IND,2024-01,SRR28145055
IND,2024-01,SRR28513464
IND,2024-02,SRR28145037
IND,2024-02,SRR28145038
IND,2024-02,SRR28145039
IND,2024-02,SRR28145040
IND,2024-02,SRR28145041
IND,2024-02,SRR28145042
IND,2024-02,SRR28145043
IND,2024-02,SRR28145045
IND,2024-02,SRR28145056
IND,2024-02,SRR28145057
IND,2024-02,SRR28513454
IND,2024-02,SRR28513455
IND,2024-02,SRR28513456
IND,2024-02,SRR28513457
IND,2024-02,SRR28513458
IND,2024-02,SRR28513459
IND,2024-02,SRR28513460
IND,2024-02,SRR28513461
IND,2024-02,SRR28513462
IND,2024-02,SRR28513463
IND,2024-02,SRR28513465
IND,2024-02,SRR28513466
IND,2024-02,SRR28513467
IND,2024-02,SRR28513468
IND,2024-02,SRR28513469
IND,2024-02,SRR28513470
IND,2024-02,SRR28513471
IND,2024-02,SRR28513472
IND,2024-02,SRR28513473
IND,2024-02,SRR28513474
IND,2024-02,SRR28513475
IND,2024-02,SRR28513476
IND,2024-02,SRR28513477
IND,2024-02,SRR28513478
IND,2024-02,SRR28513479
IND,2024-02,SRR28513480
IND,2024-02,SRR28513481
IND,2024-02,SRR28513482
IND,2024-02,SRR28513483
IND,2024-02,SRR28513484
IND,2024-02,SRR28513485
IND,2024-02,SRR28513486
IND,2024-02,SRR28513487
IND,2024-02,SRR29049447
IND,2024-02,SRR29049455
IND,2024-02,SRR29049456
IND,2024-02,SRR29049458
IND,2024-02,SRR29049465
IND,2024-02,SRR29049468
IND,2024-02,SRR29049469
IND,2024-02,SRR29049470
IND,2024-02,SRR29049472
IND,2024-02,SRR29049473
IND,2024-02,SRR29049474
IND,2024-02,SRR29049475
IND,2024-02,SRR29049480
IND,2024-02,SRR29049491
IND,2024-02,SRR29049499
IND,2024-02,SRR29049506
IND,2024-02,SRR29049516
IND,2024-02,SRR29049517
IND,2024-02,SRR29049518
IND,2024-02,SRR29049519
IND,2024-02,SRR29049523
IND,2024-02,SRR29049524
IND,2024-02,SRR29049525
IND,2024-02,SRR29049526
IND,2024-02,SRR29049527
IND,2024-02,SRR29049528
IND,2024-02,SRR29049529
IND,2024-03,SRR29049443
IND,2024-03,SRR29049444
IND,2024-03,SRR29049445
IND,2024-03,SRR29049446
IND,2024-03,SRR29049448
IND,2024-03,SRR29049449
IND,2024-03,SRR29049450
IND,2024-03,SRR29049451
IND,2024-03,SRR29049452
IND,2024-03,SRR29049453
IND,2024-03,SRR29049454
IND,2024-03,SRR29049457
IND,2024-03,SRR29049459
IND,2024-03,SRR29049460
IND,2024-03,SRR29049461
IND,2024-03,SRR29049462
IND,2024-03,SRR29049463
IND,2024-03,SRR29049464
IND,2024-03,SRR29049466
IND,2024-03,SRR29049467
IND,2024-03,SRR29049471
IND,2024-03,SRR29049476
IND,2024-03,SRR29049477
IND,2024-03,SRR29049478
IND,2024-03,SRR29049479
IND,2024-03,SRR29049481
IND,2024-03,SRR29049482
IND,2024-03,SRR29049483
IND,2024-03,SRR29049484
IND,2024-03,SRR29049485
IND,2024-03,SRR29049486
IND,2024-03,SRR29049487
IND,2024-03,SRR29049488
IND,2024-03,SRR29049489
IND,2024-03,SRR29049490
IND,2024-03,SRR29049492
IND,2024-03,SRR29049493
IND,2024-03,SRR29049494
IND,2024-03,SRR29049495
IND,2024-03,SRR29049496
IND,2024-03,SRR29049497
IND,2024-03,SRR29049498
IND,2024-03,SRR29049500
IND,2024-03,SRR29049501
IND,2024-03,SRR29049502
IND,2024-03,SRR29049503
IND,2024-03,SRR29049504
IND,2024-03,SRR29049505
IND,2024-03,SRR29049507
IND,2024-03,SRR29049508
IND,2024-03,SRR29049509
IND,2024-03,SRR29049510
IND,2024-03,SRR29049511
IND,2024-03,SRR29049512
IND,2024-03,SRR29049513
IND,2024-03,SRR29049514
IND,2024-03,SRR29049515
IND,2024-03,SRR29049520
IND,2024-03,SRR29049521
IND,2024-03,SRR29049522
